cnpj,nome,origem,cvm,anbima,classe_xp,risco,top,estrelas,gestor,publico,tributacao,aplic_min,status,liquidez_dias,taxa_adm,taxa_perf,benchmark,pagina_xp,ret12_xp,pl_mil
09599346000122,4UM Marlim Dividendos FIF CIA RL,fundos,Ações,Ações Dividendos,Renda Variável Dividendos,27,0,4,4UM Investimentos,Investidores em geral,Renda Variavel,500,ABERTO,4,0.02,0.2,Ibovespa,https://www.xpi.com.br/investimentos/fundos-de-investimento/lista/#/detalhes/b11fe7a5-44a7-488f-9c10-2cff35186866,0.1624755496997925,371902282.67
63446494000152,A1 CP D30 RL,fundos,Renda Fixa,Renda Fixa Duração Livre Crédito Livre,Crédito High Grade,11,0,,ASSET1 CREDITO INVESTIMENTOS LTDA,Investidores em geral,Longo Prazo,1000,ABERTO,31,0.009000000000000001,0.2,CDI,https://www.xpi.com.br/investimentos/fundos-de-investimento/lista/#/detalhes/7db3a40c-d537-4062-b70d-c55297378757,,11887559.77
59591550000175,A1 CP Debêntures Incentivadas RL,fundos,Renda Fixa,Renda Fixa Duração Livre Crédito Livre,Debêntures Incentivadas Hedgeado,11,0,,Asset1 Investimentos,Investidores em geral,Debêntures Incentivadas,1000,ABERTO,23,0.006999999999999999,0.2,CDI,https://www.xpi.com.br/investimentos/fundos-de-investimento/lista/#/detalhes/d1e125b5-c8ac-4f30-bd91-9e708af0af59,0.1315333006385406,96953816.95
57832914000136,A1 CP High Grade FIF CIC RF CP RL,fundos,Renda Fixa,Renda Fixa Duração Livre Crédito Livre,Crédito Liquidez,11,0,,ASSET1 CREDITO INVESTIMENTOS LTDA,Investidores em geral,Longo Prazo,1000,ABERTO,1,0.005,,CDI,https://www.xpi.com.br/investimentos/fundos-de-investimento/lista/#/detalhes/0adbff9b-6e7c-4515-8826-d9a6e6c43893,0.1503787174698228,1329452084.94
38452175000102,A1 Hedge Advisory FIC FIM,fundos,Multimercado,Multimercados Livre,Macro Alta Vol,13,0,,Asset1 Investimentos,Investidores em geral,"Longo Prazo: Haverá cobrança de IR no último dia útil dos meses de maio e novembro de cada ano sob a alíquota de 15% (“come-cotas”), ou no resgate, se ocorrido em data anterior, seguindo tabela regressiva partindo de 22,5% para intervalo entre aplicação e resgate menor do que 6 meses à 15% se o intervalo entre aplicação e resgate for maior do que 2 anos._x000D_
",5000,ABERTO,31,0.02,0.2,CDI,https://www.xpi.com.br/investimentos/fundos-de-investimento/lista/#/detalhes/df6d36ef-06c6-445e-9c67-f77ad0c79157,0.1215345408861188,4653891.36
34774642000160,ACE Capital Advisory FIF CIC Multi RL,fundos,Multimercado,Multimercados Macro,Macro Média Vol,13,0,4,ACE Capital,Investidores em geral,"Longo Prazo - Alíquota regressiva de IR de 22,5% a 15,0% incidida sobre o lucro obtido no momento do resgate.",500,ABERTO,31,0.0192,0.2,CDI,https://www.xpi.com.br/investimentos/fundos-de-investimento/lista/#/detalhes/1a86ef5f-913f-4942-84f7-6441470f97eb,0.0951908038156037,118160332.27
47612105000165,ACE Capital Multicenários FC FIF MULT - RL,fundos,Multimercado,Multimercados Trading,Quantitativo,16,1,,Ace Capital Saires Gestora de Recursos,Investidores em geral,Longo Prazo,100,ABERTO,17,0.015,0.1,CDI,https://www.xpi.com.br/investimentos/fundos-de-investimento/lista/#/detalhes/0f2d6d27-b25c-4925-ab83-32f2571b8734,0.2471819345933588,498508620.15
35828705000186,AF Global Bonds CI RF CP RL,fundos,Renda Fixa,Renda Fixa Investimento no Exterior,Internacional Renda Fixa Hedgeado,16,0,,AF Invest Investimentos,Investidores qualificados,"Longo Prazo: Haverá cobrança de IR no último dia útil dos meses de maio e novembro de cada ano sob a alíquota de 15% (“come-cotas”), ou no resgate, se ocorrido em data anterior, seguindo tabela regressiva partindo de 22,5% para intervalo entre aplicação e resgate menor do que 6 meses à 15% se o intervalo entre aplicação e resgate for maior do que 2 anos.",1000,ABERTO,16,0.005,0.2,CDI,https://www.xpi.com.br/investimentos/fundos-de-investimento/lista/#/detalhes/f1912c9d-b780-43c2-97e7-bb62f95d86a7,0.1302307835704594,28047147.18
44025131000107,AF Horizonte FIF Multimercado CP RL,fundos,Multimercado,Multimercados Livre,Crédito High Yield,13,0,,AF Invest Investimentos,Investidores qualificados,Longo Prazo,1000,ABERTO,60,0.01,0.2,CDI,https://www.xpi.com.br/investimentos/fundos-de-investimento/lista/#/detalhes/cb30cbb8-f0b6-4d23-ab4c-c4cdd49bc53f,0.1239020003682978,238452008.15
29044189000104,AF Invest Geraes 30 FIRF CP,fundos,Renda Fixa,Renda Fixa Duração Livre Grau de Investimento,Crédito High Grade,10,0,,AF Invest Investimentos,Investidores em geral,"Longo Prazo: Haverá cobrança de IR no último dia útil dos meses de maio e novembro de cada ano sob a alíquota de 15% (“come-cotas”), ou no resgate, se ocorrido em data anterior, seguindo tabela regressiva partindo de 22,5% para intervalo entre aplicação e resgate menor do que 6 meses à 15% se o intervalo entre aplicação e resgate for maior do que 2 anos._x000D_
",500,ABERTO,31,0.005,,CDI,https://www.xpi.com.br/investimentos/fundos-de-investimento/lista/#/detalhes/f95a255b-c0bc-43da-b128-73a7acdbf874,0.1345839259919903,287056231.52
09720734000110,AF Invest Geraes FIF RF CP RL,fundos,Renda Fixa,Renda Fixa Duração Livre Grau de Investimento,Crédito Liquidez,10,0,3,AF Invest Investimentos,Investidores em geral,"Longo Prazo - Alíquota regressiva de IR de 22,5% a 15,0% incidida sobre o lucro obtido no momento do resgate.",500,ABERTO,1,0.004,,CDI,https://www.xpi.com.br/investimentos/fundos-de-investimento/lista/#/detalhes/cc7bce2d-35e5-431b-8b42-a0542280a0d7,0.1422023608277864,511183702.07
34172497000147,ARMOR AXE FIC FIM RL,fundos,Multimercado,Multimercados Livre,Macro Média Vol,13,0,,Armor Gestora de Investimentos,Investidores em geral,Longo Prazo,5000,ABERTO,22,0.02,0.2,CDI,https://www.xpi.com.br/investimentos/fundos-de-investimento/lista/#/detalhes/3919a50f-ccc4-4f28-9aeb-6a41a79df1e4,0.1319989484039767,1080396342.05
32319627000104,ARX Elbrus Advisory FIC Incentivado FIF em Infra RF RL,fundos,Renda Fixa,Renda Fixa Duração Livre Grau de Investimento,Debêntures Incentivadas Não Hedgeado,10,0,4,ARX Investimentos,Investidores em geral,Debêntures Incentivadas - Isento de IR para pessoa física.,500,ABERTO,31,0.006999999999999999,,IMA-B 5,https://www.xpi.com.br/investimentos/fundos-de-investimento/lista/#/detalhes/4bf42f19-0b78-42e0-a410-dad4e0518f8c,0.0928618522943778,1211349407.04
39959156000130,ARX Elbrus Pro Advisory I FIC Incentivado FIF Infra RF RL,fundos,Renda Fixa,Renda Fixa Duração Livre Grau de Investimento,Debêntures Incentivadas Não Hedgeado,10,0,,ARX Investimentos,Investidores em geral,"Debêntures Incentivadas - Isento de IR para pessoa física._x000D_
",100,ABERTO,31,0.006999999999999999,,IMA-B,https://www.xpi.com.br/investimentos/fundos-de-investimento/lista/#/detalhes/4f0eb578-dc8b-492c-a593-b762779f1e6a,0.0787125723599364,118806967.12
35789436000196,ARX Everest Advisory FIC de FIF RF CP RL,fundos,Renda Fixa,Renda Fixa Duração Baixa Grau de Investimento,Crédito High Grade,5,0,4,ARX Investimentos,Investidores qualificados,"Longo Prazo - Alíquota regressiva de IR de 22,5% a 15,0% incidida sobre o lucro obtido no momento do resgate.",500,ABERTO,61,0.006999999999999999,,CDI,https://www.xpi.com.br/investimentos/fundos-de-investimento/lista/#/detalhes/9afa4e37-49f6-48fc-9819-72df92d3cbf8,0.1420857367548353,384592207.64
06041290000106,ARX Extra FIC de FIF Multimercado RL,fundos,Multimercado,Multimercados Livre,Macro Alta Vol,16,0,3,ARX Investimentos,Investidores em geral,"Longo Prazo - Alíquota regressiva de IR de 22,5% a 15,0% incidida sobre o lucro obtido no momento do resgate.",1000,FECHADO,5,0.02,0.2,CDI,https://www.xpi.com.br/investimentos/fundos-de-investimento/lista/#/detalhes/aa21add5-f0c2-4cb0-9eb4-e722ba30a557,0.04994720911743,18647973.34
58198613000165,ARX FII Portfólio Renda CDI+ RL,fundos,Investimento Imobiliário,-,Fundo Listado,15,0,,ARX Investimentos,Não definido,FII,100,FECHADO,0,0.01,0.2,CDI,https://www.xpi.com.br/investimentos/fundos-de-investimento/lista/#/detalhes/60f4711e-ecf8-49fa-9bf7-834852160680,,
52286231000107,ARX Fuji FIC de FIF RF CP RL,fundos,Renda Fixa,Renda Fixa Duração Baixa Crédito Livre,Crédito Liquidez,4,0,,ARX Investimentos,Investidores em geral,Longo Prazo,1000,ABERTO,1,0.003,,CDI,https://www.xpi.com.br/investimentos/fundos-de-investimento/lista/#/detalhes/01494874-9d83-402f-8178-dd36996d6882,0.1477619473333125,9766248948.61
32225663000109,ARX Hedge FIC Incentivado Financeiro em Infra RF RL,fundos,Renda Fixa,Renda Fixa Duração Livre Crédito Livre,Debêntures Incentivadas Hedgeado,11,0,3,ARX Investimentos,Investidores em geral,Debêntures Incentivadas - Isento de IR para pessoa física.,3000,ABERTO,32,0.006999999999999999,,CDI,https://www.xpi.com.br/investimentos/fundos-de-investimento/lista/#/detalhes/aa6627fa-ee2d-4c0c-8ffd-fb82f8997c69,0.1132261847033253,1729758321.84
03168062000103,ARX Income FIC de FIF em Ações RL,fundos,Ações,Ações Dividendos,Renda Variável Dividendos,26,0,4,ARX Investimentos,Investidores em geral,Renda Variável - Alíquota de IR de 15% incidida sobre o lucro obtido no momento do resgate.,500,ABERTO,3,0.0294,,Ibovespa,https://www.xpi.com.br/investimentos/fundos-de-investimento/lista/#/detalhes/04a40ccf-24a2-4fec-9a0b-e3c42c750732,0.1612226239525909,213279225.79
17414721000140,ARX Macro FIC de FIF Multimercado RL,fundos,Multimercado,Multimercados Macro,Macro Alta Vol,13,0,3,ARX Investimentos,Investidores em geral,"Longo Prazo - Alíquota regressiva de IR de 22,5% a 15,0% incidida sobre o lucro obtido no momento do resgate.",1000,FECHADO,1,0.02,0.2,CDI,https://www.xpi.com.br/investimentos/fundos-de-investimento/lista/#/detalhes/524cc1fb-2751-43bc-965f-7b77627ef9f1,0.0502451238377139,35088385.84
61184038000156,ARZ Alpine Bain Capital Private Credit II FIC FIM  CP RL,fundos,Multimercado,Multimercados Investimento no Exterior,Alternativo Ilíquido,50,0,,ARZ Capital Gestora de Recursos Ltda,Investidores qualificados,Longo Prazo,1000,FECHADO,2,0.0105,,-,https://www.xpi.com.br/investimentos/fundos-de-investimento/lista/#/detalhes/396cc046-d8ac-431b-bc66-0db7083e630a,,220650183.82
25307278000137,ASA Gauss,fundos,Multimercado,Multimercados Macro,Macro Alta Vol,13,0,4,ASA Investments,Investidores qualificados,"Longo Prazo - Alíquota regressiva de IR de 22,5% a 15,0% incidida sobre o lucro obtido no momento do resgate.",500,FECHADO,30,0.0195,0.2,CDI,https://www.xpi.com.br/investimentos/fundos-de-investimento/lista/#/detalhes/d3e60b58-0aef-4927-966b-697bc2feb40b,0.1616191859217208,31055137.94
31608422000178,ASA Hedge CIC CI Multimercado CP RL,fundos,Multimercado,Multimercados Macro,Macro Média Vol,13,0,,ASA Investments,Investidores em geral,Longo Prazo,500,ABERTO,3,0.015,0.2,CDI,https://www.xpi.com.br/investimentos/fundos-de-investimento/lista/#/detalhes/6fd5d5b0-5570-4fcd-b35e-d861b217c6bd,0.1365735558355443,84120457.26
20458815000126,ASA Hedge FIC FIM RL,fundos,Multimercado,Multimercados Livre,Macro Alta Vol,13,0,5,ASA Investments,Investidores em geral,"Longo Prazo - Alíquota regressiva de IR de 22,5% a 15,0% incidida sobre o lucro obtido no momento do resgate._x000D_
",10000,FECHADO,31,0.019,0.2,CDI,https://www.xpi.com.br/investimentos/fundos-de-investimento/lista/#/detalhes/0c5027b8-6cf0-4c40-8fd7-8ab4e7107cdb,0.1175235345630747,23207454.51
36326771000110,ATMR II FIC de FIA,fundos,Ações,Ações Livre,Renda Variável Long Only,33,0,3,Atmos Capital,Investidores qualificados,Renda Variável - Alíquota de IR de 15% incidida sobre o lucro obtido no momento do resgate.,200000,FECHADO,62,0.013500000000000002,0.2,-,https://www.xpi.com.br/investimentos/fundos-de-investimento/lista/#/detalhes/027a7b09-6742-4ec2-aa62-9debfdc07a23,0.1283660725023061,829116862.5499998
55296764000168,AUGM11 - Augme Crédito Estruturado FII RL,fundos,Investimento Imobiliário,-,Alternativo Ilíquido,50,0,,Augme Capital,Investidores qualificados,FII,10,FECHADO,0,0.0113,0.2,IPCA,https://www.xpi.com.br/investimentos/fundos-de-investimento/lista/#/detalhes/99727d40-33a4-4d07-8027-1f7a454edf29,,
45338646000111,AVBI11 - VBI Crédito,fundos,Investimento Imobiliário,FII TVM Gestão Ativa,Fundo Listado,16,0,,VBI Securities,Investidores em geral,FII,10,FECHADO,3,0.011000000000000001,0.2,CDI,https://www.xpi.com.br/investimentos/fundos-de-investimento/lista/#/detalhes/78040a1a-b961-4dc5-8c12-d8d0ff57c896,,
35002482000101,AXA WF Framlington Digital Economy Advisory CIC CIA IE RL,fundos,Ações,Ações Investimento no Exterior,Internacional Ações Hedgeado,32,0,2,XP Allocation Asset Management LTDA.,Investidores qualificados,Renda Variável - Alíquota de IR de 15% incidida sobre o lucro obtido no momento do resgate.,500,ABERTO,6,0.008,,-,https://www.xpi.com.br/investimentos/fundos-de-investimento/lista/#/detalhes/8406a81e-28fd-4587-bedb-0f3efac85e40,0.045677205473146,174108138.86
35002463000177,AXA WF Framlington Robotech Adv Classe de FIC CIA IE RL,fundos,Ações,Ações Investimento no Exterior,Internacional Ações Hedgeado,27,0,4,XP Allocation Asset Management LTDA.,Investidores qualificados,Renda Variável - Alíquota de IR de 15% incidida sobre o lucro obtido no momento do resgate.,500,ABERTO,6,0.008,,-,https://www.xpi.com.br/investimentos/fundos-de-investimento/lista/#/detalhes/fc1c00aa-39ae-4c71-8586-3cd1e465afe3,0.2897435462778293,74283641.15
32240069000189,AZ Quest Advisory Total Return FIC FIF Multimercado,fundos,Multimercado,Multimercados Long and Short Direcional,Long Short Direcional,13,1,4,AZ Quest Investimentos,Investidores em geral,Renda Variável - Alíquota de IR de 15% incidida sobre o lucro obtido no momento do resgate.,500,ABERTO,29,0.0195,0.25,CDI,https://www.xpi.com.br/investimentos/fundos-de-investimento/lista/#/detalhes/7b955fbb-fb65-4478-b5ff-ee135f63ef85,0.1818019775590487,137340780.79
34370777000160,AZ Quest Altro Advisory FIC de FIF Multimercado CP,fundos,Multimercado,Multimercados Dinâmico,Crédito High Grade,13,1,,AZ Quest MZK Investimentos,Investidores em geral,"Longo Prazo - Alíquota regressiva de IR de 22,5% a 15,0% incidida sobre o lucro obtido no momento do resgate.",500,ABERTO,45,0.008,0.2,CDI,https://www.xpi.com.br/investimentos/fundos-de-investimento/lista/#/detalhes/bdc1e948-87e9-494c-b25c-90af01f23357,0.1286791382756773,525964778.67
07279657000189,AZ Quest Ações FIF CIC Ações RL,fundos,Ações,Ações Livre,Renda Variável Long Only,26,0,3,AZ Quest Investimentos,Investidores em geral,Renda Variável - Alíquota de IR de 15% incidida sobre o lucro obtido no momento do resgate.,1000,ABERTO,3,0.02,0.2,Ibovespa,https://www.xpi.com.br/investimentos/fundos-de-investimento/lista/#/detalhes/36839d9c-7833-4544-96d2-a543004783df,0.0593118546734088,130973981.47
36499625000197,AZ Quest Bayes LB Sistemático FIF Multimercado,fundos,Multimercado,Multimercados Livre,Renda Variável Long Biased,16,0,,AZ Quest Investimentos,Investidores em geral,Renda Variavel,500,ABERTO,16,0.02,0.2,IMA-B 5+,https://www.xpi.com.br/investimentos/fundos-de-investimento/lista/#/detalhes/042a9a18-1d0b-4534-92ef-58042e02871f,0.2048603303732241,13951468.42
46929688000190,AZ Quest Bayes LS Sistemático FIF em Cotas de FIM,fundos,Multimercado,Multimercados Long and Short Direcional,Long Short Neutro,14,0,,Bayes Capital,Investidores em geral,Ações,500,ABERTO,16,0.02,0.2,CDI,https://www.xpi.com.br/investimentos/fundos-de-investimento/lista/#/detalhes/511f581d-b6b4-4f13-bf34-a3922e033542,0.2556284456392932,52410785.29
37569846000157,AZ Quest Bayes Sistemático FIF CIA RL,fundos,Ações,Ações Livre,Renda Variável Long Only,27,0,,Bayes Capital,Investidores em geral,Renda Variável,500,ABERTO,16,0.02,0.2,Ibovespa,https://www.xpi.com.br/investimentos/fundos-de-investimento/lista/#/detalhes/ecf2b41e-39a1-4482-a65b-6e1ade9b9f1d,0.1313497780772894,323098655.82
64169533000184,AZ Quest Debêntures Incentivadas 01/2032 FIC FI-Infra RL,fundos,Renda Fixa,Renda Fixa Duração Livre Crédito Livre,Fundo Listado,40,0,,AZ QUEST INFRA LTDA.,Não definido,Debêntures Incentivadas,1000,FECHADO,0,0.0125,,-,https://www.xpi.com.br/investimentos/fundos-de-investimento/lista/#/detalhes/27c5ffba-11f2-48d7-87ef-0539ab8fae8c,,215899602.55
25213405000139,AZ Quest Debêntures Incentivadas CP FIC de FIF Incentivado de Investimento em Infra RF,fundos,Renda Fixa,Renda Fixa Duração Livre Crédito Livre,Debêntures Incentivadas Não Hedgeado,11,1,3,AZ QUEST INFRA LTDA.,Investidores em geral,Debêntures Incentivadas - Isento de IR para pessoa física.,1000,ABERTO,30,0.0105,0.2,IMA-B 5,https://www.xpi.com.br/investimentos/fundos-de-investimento/lista/#/detalhes/4025f2f3-65c9-4376-826a-8b1c800a7b2e,0.0948237341282216,354881712.92
10320188000109,AZ Quest Low Vol FIF Multimercado RL,fundos,Multimercado,Multimercados Dinâmico,Multiestratégia,13,0,3,AZ Quest Investimentos,Investidores em geral,"Longo Prazo - Alíquota regressiva de IR de 22,5% a 15,0% incidida sobre o lucro obtido no momento do resgate.",500,ABERTO,1,0.0085,0.2,CDI,https://www.xpi.com.br/investimentos/fundos-de-investimento/lista/#/detalhes/a8f3cd37-cbbb-457f-ad7c-1179174eca2b,0.1502122436413249,3452363371.01
52280036000170,AZ Quest Luce Advisory II FIC FIF RF CP LP,fundos,Renda Fixa,Renda Fixa Duração Livre Grau de Investimento,Crédito Liquidez,10,0,,AZ Quest MZK Investimentos,Investidores em geral,Longo Prazo,500,ABERTO,1,0.006500000000000001,,CDI,https://www.xpi.com.br/investimentos/fundos-de-investimento/lista/#/detalhes/d1061c4e-e0eb-40c9-8be6-50067a383dcd,0.1371039505909566,315791727.8
04455632000109,AZ Quest Multi FIC de FIF Multimercado,fundos,Multimercado,Multimercados Macro,Macro Média Vol,13,0,4,AZ Quest MZK Investimentos,Investidores em geral,"Longo Prazo - Alíquota regressiva de IR de 22,5% a 15,0% incidida sobre o lucro obtido no momento do resgate.",1000,ABERTO,1,0.015,0.2,CDI,https://www.xpi.com.br/investimentos/fundos-de-investimento/lista/#/detalhes/74fe82e7-b5a6-4f3e-ba33-37d29aca3731,0.123265165675577,40980436.57
26323079000185,AZ Quest Multi Max FIC FIF Multimercado,fundos,Multimercado,Multimercados Macro,Macro Alta Vol,13,0,4,AZ Quest MZK Investimentos,Investidores em geral,"Longo Prazo - Alíquota regressiva de IR de 22,5% a 15,0% incidida sobre o lucro obtido no momento do resgate.",1000,ABERTO,30,0.02,0.2,CDI,https://www.xpi.com.br/investimentos/fundos-de-investimento/lista/#/detalhes/cea12890-5ac4-49ff-9179-ae777285a8ee,0.1141888256114262,42066874.17
59482549000102,AZ Quest Renda Mais Infra-Yield VI FIP-IE,fundos,Participações - Infraestrutura,-,Fundo Listado,60,0,,AZ QUEST INFRA LTDA.,Não definido,FIP IE,100,FECHADO,0,0.0124,0.2,CDI,https://www.xpi.com.br/investimentos/fundos-de-investimento/lista/#/detalhes/7a3b4967-2518-49c5-abf2-39aca4140b6b,0.0184268278057417,316533712.78
11392165000172,AZ Quest Small Mid Caps FIF CIC em Ações RL,fundos,Ações,Ações Livre,Renda Variável Small/Mid Caps,27,0,3,AZ Quest Investimentos,Investidores em geral,Renda Variável - Alíquota de IR de 15% incidida sobre o lucro obtido no momento do resgate.,1000,ABERTO,29,0.02,0.2,SMLL,https://www.xpi.com.br/investimentos/fundos-de-investimento/lista/#/detalhes/2b91466c-9bd8-47fe-8649-3254e71d6839,0.0556112435287885,888337859.6799998
36352498000107,AZ Quest Supra FIC FIF Multimercado CP,fundos,Multimercado,Multimercados Livre,Crédito Híbrido,13,0,,AZ Quest MZK Investimentos,Investidores qualificados,"Longo Prazo - Alíquota regressiva de IR de 22,5% a 15,0% incidida sobre o lucro obtido no momento do resgate._x000D_
",1000,ABERTO,60,0.012,0.2,CDI,https://www.xpi.com.br/investimentos/fundos-de-investimento/lista/#/detalhes/00e3d2e1-6eac-4e4b-ab9e-05e5536cfb72,0.1278570773897298,538206095.97
22681798000117,AZ Quest Termo FIF RF LP,fundos,Renda Fixa,Renda Fixa Duração Média Grau de Investimento,Renda Fixa Ativo,6,0,3,AZ Quest Investimentos,Investidores em geral,"Longo Prazo - Alíquota regressiva de IR de 22,5% a 15,0% incidida sobre o lucro obtido no momento do resgate.",500,ABERTO,7,0.004,0.1,CDI,https://www.xpi.com.br/investimentos/fundos-de-investimento/lista/#/detalhes/4d7cfe70-61f9-48dd-8e27-9c44beedd4bf,0.1450893741743482,276768478.69
13974750000106,AZ Quest Top Long Biased FIC FIF Ações,fundos,Ações,Ações Livre,Renda Variável Long Biased,26,0,3,AZ Quest Investimentos,Investidores em geral,Renda Variável - Alíquota de IR de 15% incidida sobre o lucro obtido no momento do resgate.,1000,ABERTO,32,0.0195,0.2,IBX,https://www.xpi.com.br/investimentos/fundos-de-investimento/lista/#/detalhes/e9f9c7c8-d515-4f8c-af29-ecc4fdf34e27,0.1409699448120449,148707733.53
19782311000188,AZ Quest Valore FIRF CP,fundos,Renda Fixa,Renda Fixa Duração Livre Grau de Investimento,Crédito Liquidez,10,0,2,AZ Quest MZK Investimentos,Investidores em geral,"Longo Prazo - Alíquota regressiva de IR de 22,5% a 15,0% incidida sobre o lucro obtido no momento do resgate.",500,ABERTO,5,0.01,,CDI,https://www.xpi.com.br/investimentos/fundos-de-investimento/lista/#/detalhes/113747a8-403a-41b7-8341-e310a44320c9,0.1236116164167882,2936636452.28
16599968000116,AZ Quest Yield RF Ativo FIF CIC RF LP RL,fundos,Renda Fixa,Renda Fixa Duração Livre Grau de Investimento,Renda Fixa Ativo,10,0,3,AZ Quest MZK Investimentos,Investidores em geral,"Longo Prazo - Alíquota regressiva de IR de 22,5% a 15,0% incidida sobre o lucro obtido no momento do resgate.",1000,ABERTO,1,0.01,0.2,CDI,https://www.xpi.com.br/investimentos/fundos-de-investimento/lista/#/detalhes/818469c7-c5ec-41bc-b41e-a2734f710b0b,0.150175871410183,212003602.55
61258419000132,AZ-AXS Energia FIP-IE RL - Subclasse Sênior A1,fundos,Participações - Infraestrutura,-,Fundo Listado,40,0,,AZ QUEST INFRA LTDA.,Não definido,FIP IE,100,FECHADO,0,0.009000000000000001,0.2,-,https://www.xpi.com.br/investimentos/fundos-de-investimento/lista/#/detalhes/7a098c9d-ebbd-49cc-9fcb-b80f04fb8563,,
51665327000113,AZPR11 - AZ Quest Panorama Crédito Imob.,fundos,Investimento Imobiliário,FII Híbrido Gestão Ativa,Fundo Listado,16,0,,AZ QUEST PANORAMA LTDA,Investidores em geral,FII,10,FECHADO,0,0.012,0.2,CDI,https://www.xpi.com.br/investimentos/fundos-de-investimento/lista/#/detalhes/01d56f56-a4b2-482c-bbb9-58f1cfbf6645,,
49863204000145,AZQA11 - AZ Quest Luna - FIAgro,fundos,Investimento Imobiliário,FII TVM Gestão Ativa,Fundo Listado,16,0,,AZ QUEST AGRO LTDA. (*),Investidores em geral,FIAgro,10,FECHADO,0,0.012,0.2,CDI,https://www.xpi.com.br/investimentos/fundos-de-investimento/lista/#/detalhes/72bf84fe-20e3-4c6d-b7ea-9bd200c41022,,
49252656000190,AZQI11 - AZ Quest Infra Yield FIP IE,fundos,Participações - Infraestrutura,Fundos de Participações,Fundo Listado,40,0,,AZ QUEST INFRA LTDA.,Investidores qualificados,FIP IE,10,FECHADO,0,0.0125,0.2,CDI,https://www.xpi.com.br/investimentos/fundos-de-investimento/lista/#/detalhes/d8f59cd9-d9ea-4d6e-a0d8-6cebcd3b9118,0.0120243467140366,1749749926.62
29813769000100,Absolute Alpha Global Advisory FIC de FIF Multimercado RL,fundos,Multimercado,Multimercados Estratégia Específica,Multiestratégia,13,0,3,Absolute Investimentos,Investidores em geral,"Longo Prazo - Alíquota regressiva de IR de 22,5% a 15,0% incidida sobre o lucro obtido no momento do resgate.",500,ABERTO,18,0.019,0.2,CDI,https://www.xpi.com.br/investimentos/fundos-de-investimento/lista/#/detalhes/588ae6d7-d7c7-4816-a791-fc175e63b863,0.1734224990379631,103723715.21
35617938000130,Absolute Alpha Marb Advisory FIC de FIF Multimercado RL,fundos,Multimercado,Multimercados Estratégia Específica,Internacional Multimercado Hedgeado,13,0,,Absolute Investimentos,Investidores qualificados,Renda Variável ,500,ABERTO,18,0.019,0.2,CDI,https://www.xpi.com.br/investimentos/fundos-de-investimento/lista/#/detalhes/1f560d4a-7821-4d7c-863c-1241e3dc34aa,0.1794230011759541,99625942.15
48096589000108,Absolute Atenas Advisory FIC FIF RF CP RL,fundos,Renda Fixa,Renda Fixa Duração Baixa Grau de Investimento,Crédito Liquidez,2,0,,Absolute Investimentos,Investidores em geral,Longo Prazo,500,ABERTO,1,0.0038,,CDI,https://www.xpi.com.br/investimentos/fundos-de-investimento/lista/#/detalhes/baca96c2-efdc-4475-9709-ccafcef26bf2,0.1436328378100373,646080559.54
48122126000165,Absolute Creta Advisory FIF FIRF,fundos,Renda Fixa,Renda Fixa Duração Baixa Grau de Investimento,Crédito High Grade,3,0,,Absolute Investimentos,Investidores em geral,Longo Prazo,500,ABERTO,31,0.0058,,CDI,https://www.xpi.com.br/investimentos/fundos-de-investimento/lista/#/detalhes/9882ecb0-c421-47a2-99fb-f0b74d7f7b78,0.1413098795524934,1569068270.71
18860059000115,Absolute Hedge FIC de FIF Multimercado RL,fundos,Multimercado,Multimercados Macro,Macro Média Vol,13,0,4,Absolute Investimentos,Investidores em geral,"Longo Prazo - Alíquota regressiva de IR de 22,5% a 15,0% incidida sobre o lucro obtido no momento do resgate.",500,ABERTO,5,0.019,0.2,CDI,https://www.xpi.com.br/investimentos/fundos-de-investimento/lista/#/detalhes/313c7545-362f-4755-a456-9b1166649079,0.1047588783099511,280102232.45
57027498000101,Absolute Hidra CDI Plus Advisory FIC FI Infra RF CP RL,fundos,Renda Fixa,Renda Fixa Duração Livre Crédito Livre,Debêntures Incentivadas Hedgeado,11,0,,ABSOLUTE DHAMA GESTÃO DE INVESTIMENTOS LTDA,Investidores em geral,Debêntures incentivadas,500,ABERTO,31,0.0068000000000000005,0.2,CDI,https://www.xpi.com.br/investimentos/fundos-de-investimento/lista/#/detalhes/c203a0e2-29bd-4189-912b-cdfb7a61aaf5,0.1176398774110321,537972259.7
51112363000150,Absolute Hidra IPCA FIC de FIF RF Investimento em Infra CP,fundos,Renda Fixa,Renda Fixa Duração Livre Crédito Livre,Debêntures Incentivadas Não Hedgeado,11,0,,ABSOLUTE DHAMA GESTÃO DE INVESTIMENTOS LTDA,Investidores em geral,Debêntures Incentivadas,500,ABERTO,31,0.0068000000000000005,0.2,IMA-B 5,https://www.xpi.com.br/investimentos/fundos-de-investimento/lista/#/detalhes/a61efa6a-a0aa-4a16-a4e0-cccd5f92302a,0.1017255886905326,239052559.23
63904226000137,Absolute Hidra Pré 2 Anos Infra RF,fundos,Renda Fixa,Renda Fixa Duração Livre Crédito Livre,Debêntures Incentivadas Hedgeado,11,0,,ABSOLUTE DHAMA GESTÃO DE INVESTIMENTOS LTDA,Investidores em geral,Debêntures Incentivadas,1000,ABERTO,31,0.0068000000000000005,0.2,-,https://www.xpi.com.br/investimentos/fundos-de-investimento/lista/#/detalhes/8a33341d-bf90-4251-b413-441429128cdd,,30541475.56
32892827000143,Absolute Pace LB Advisory FIF em Cotas de FIA - RL,fundos,Ações,Ações Livre,Renda Variável Long Biased,26,0,5,Absolute Investimentos,Investidores qualificados,Renda Variável - Alíquota de IR de 15% incidida sobre o lucro obtido no momento do resgate.,5000,FECHADO,32,0.019,0.2,-,https://www.xpi.com.br/investimentos/fundos-de-investimento/lista/#/detalhes/26cc40f4-f74b-4648-91af-8069a4428d36,0.1842979844661429,674817103.23
28947266000165,Absolute Vertex Advisory FIC de FIF Multimercado,fundos,Multimercado,Multimercados Macro,Macro Alta Vol,13,1,5,Absolute Investimentos,Investidores em geral,"Longo Prazo - Alíquota regressiva de IR de 22,5% a 15,0% incidida sobre o lucro obtido no momento do resgate.",500,ABERTO,45,0.019,0.2,CDI,https://www.xpi.com.br/investimentos/fundos-de-investimento/lista/#/detalhes/eaaccb10-fa3d-4e1b-8c85-1f30a3df17b2,0.0880183086671821,994074535.89
34258751000124,Absoluto Partners Advisory FIF em Cotas FIA RL,fundos,Ações,Ações Livre,Renda Variável Long Only,37,0,1,Absoluto Partners Investimentos,Investidores qualificados,Renda Variável - Alíquota de IR de 15% incidida sobre o lucro obtido no momento do resgate.,50000,FECHADO,62,0.018500000000000003,0.2,-,https://www.xpi.com.br/investimentos/fundos-de-investimento/lista/#/detalhes/dc67fe3e-8fd3-436c-b956-5fe86e146109,0.1745300161353569,108796876.87
24454718000116,Access JPMorgan Dolar Global Macro Opportunities FIF Multimercado IE RL,fundos,Multimercado,Multimercados Investimento no Exterior,Internacional Multimercado Não Hedgeado,26,0,,BNP Paribas Asset Management,Investidores qualificados,"Longo Prazo - Alíquota regressiva de IR de 22,5% a 15,0% incidida sobre o lucro obtido no momento do resgate.",5000,ABERTO,5,0.013999999999999999,,CDI,https://www.xpi.com.br/investimentos/fundos-de-investimento/lista/#/detalhes/f4f13211-867a-45e9-8d93-45f3230855b9,0.0061298322515681,32932320.8
29587389000103,Access JPMorgan Global Bond FIC de FIF Multimercado IE Classe A RL,fundos,Multimercado,Multimercados Investimento no Exterior,Internacional Renda Fixa Hedgeado,26,0,,BNP Paribas Asset Management,Investidores qualificados,"Longo Prazo - Alíquota regressiva de IR de 22,5% a 15,0% incidida sobre o lucro obtido no momento do resgate.",5000,ABERTO,5,0.009000000000000001,,CDI,https://www.xpi.com.br/investimentos/fundos-de-investimento/lista/#/detalhes/bbece48a-e0d7-4568-9de6-c69c3f34bf89,0.1094592700699077,20703847.43
26112046000196,Access JPMorgan Global Income FIC de FIF Multimercado IE Classe A RL,fundos,Multimercado,Multimercados Investimento no Exterior,Internacional Multimercado Hedgeado,26,1,,BNP Paribas Asset Management,Investidores qualificados,"Longo Prazo - Alíquota regressiva de IR de 22,5% a 15,0% incidida sobre o lucro obtido no momento do resgate.",5000,ABERTO,5,0.009000000000000001,,CDI,https://www.xpi.com.br/investimentos/fundos-de-investimento/lista/#/detalhes/259c0c28-9205-4adf-b629-08d52db7248b,0.2074169110883361,59991873.54
19821469000110,Access JPMorgan Global Macro Opportunities FIC de FIF Multimercado IE Classe A RL,fundos,Multimercado,Multimercados Investimento no Exterior,Internacional Multimercado Hedgeado,26,0,,BNP Paribas Asset Management,Investidores qualificados,"Longo Prazo - Alíquota regressiva de IR de 22,5% a 15,0% incidida sobre o lucro obtido no momento do resgate.",5000,ABERTO,5,0.0125,,LIBOR,https://www.xpi.com.br/investimentos/fundos-de-investimento/lista/#/detalhes/e9c9a292-fad1-42fc-819c-b3111eb75433,0.1407769761634449,52784238.66
39992830000188,Ace Capital Absoluto FIC FIF FIA RL,fundos,Ações,Ações Livre,Renda Variável Long Only,26,0,,ACE Capital,Investidores qualificados,Renda Variavel,500,FECHADO,32,0.02,0.2,IMA-B,https://www.xpi.com.br/investimentos/fundos-de-investimento/lista/#/detalhes/123ec1dc-9324-4ca4-bd21-f3d9f691dd56,0.1024854869190923,2780774.6
07124064000143,Ace Capital Absoluto Institucional FIC de FIF em Ações RL,fundos,Ações,Ações Livre,Renda Variável Long Only,35,0,,ACE Capital,Investidores em geral,Ações,100,ABERTO,4,0.02,0.2,Ibovespa,https://www.xpi.com.br/investimentos/fundos-de-investimento/lista/#/detalhes/40b7ae9d-bd3a-4382-9268-305747654879,0.1894336726382961,71572428.9
53904799000107,Acuto Long Only,fundos,Ações,Ações Livre,Renda Variável Long Only,26,0,,Acuto Capital,Investidores em geral,Ações,1000,ABERTO,32,0.02,0.2,Ibovespa,https://www.xpi.com.br/investimentos/fundos-de-investimento/lista/#/detalhes/a1834ac1-c3e0-42e0-b217-0c48d6678cac,0.1801396419257797,1119535.55
24078037000109,Adam Macro Advisory FIC FIF Multimercado RL,fundos,Multimercado,Multimercados Macro,Macro Alta Vol,14,0,1,Adam Capital,Investidores em geral,"Longo Prazo - Alíquota regressiva de IR de 22,5% a 15,0% incidida sobre o lucro obtido no momento do resgate.",1000,ABERTO,31,0.019,0.2,CDI,https://www.xpi.com.br/investimentos/fundos-de-investimento/lista/#/detalhes/aa7ededd-37d2-42bd-9e92-d2810af954ea,0.2145539315954363,101282288.58
52297687000172,Adam Renda Fixa Ativa Advisory FIC FIF RF LP RL,fundos,Renda Fixa,Renda Fixa Duração Livre Crédito Livre,Renda Fixa Ativo,11,0,,Adam Capital,Investidores em geral,Longo Prazo,500,ABERTO,6,0.009000000000000001,0.2,CDI,https://www.xpi.com.br/investimentos/fundos-de-investimento/lista/#/detalhes/0692f533-5c3f-48b7-9afd-d3c177f8feab,0.1413877990180785,13171075.02
12987743000186,Alaska Black FIC de FIA - BDR NÍVEL I,fundos,Ações,Ações Livre,Renda Variável Long Only,38,0,1,Alaska Asset Management,Investidores qualificados,Renda Variável - Alíquota de IR de 15% incidida sobre o lucro obtido no momento do resgate.,5000,ABERTO,32,0.018500000000000003,0.2,-,https://www.xpi.com.br/investimentos/fundos-de-investimento/lista/#/detalhes/04570145-f065-4cba-a5a8-2ab26447c7c9,-0.1496894421532764,563295676.36
26673556000132,Alaska Institucional Long Only FIF em Ações RL,fundos,Ações,Ações Livre,Renda Variável Long Only,28,0,4,Alaska Asset Management,Investidores em geral,Renda Variável - Alíquota de IR de 15% incidida sobre o lucro obtido no momento do resgate.,1000,ABERTO,32,0.02,0.2,Ibovespa,https://www.xpi.com.br/investimentos/fundos-de-investimento/lista/#/detalhes/ddd2f6a6-42a9-4fe2-935f-0ccf566b3d29,-0.1630462811560018,627583434.6
34839385000105,AlphaKey Ações FIF em Cotas de FIA RL,fundos,Ações,Ações Livre,Renda Variável Long Biased,37,0,2,ALPHAKEY CAPITAL MANAGEMENT INVESTIMENTOS LTDA,Investidores qualificados,"Renda Variável - Alíquota de IR de 15% incidida sobre o lucro obtido no momento do resgate._x000D_
",5000,ABERTO,32,0.0187,0.2,-,https://www.xpi.com.br/investimentos/fundos-de-investimento/lista/#/detalhes/df57c52c-b420-4be2-bad2-06fa72983845,0.0869018966993118,195917132.15
36352721000108,AlphaKey Institucional FIF em Cotas de FIA RL,fundos,Ações,Ações Livre,Renda Variável Long Only,43,0,,ALPHAKEY CAPITAL MANAGEMENT INVESTIMENTOS LTDA,Investidores em geral,"Renda Variável - Alíquota de IR de 15% incidida sobre o lucro obtido no momento do resgate._x000D_
",1000,ABERTO,32,0.0189,0.2,Ibovespa,https://www.xpi.com.br/investimentos/fundos-de-investimento/lista/#/detalhes/c5e92b06-8749-4f35-bf57-218dbaf3f62f,0.0565612845989107,13098691.21
52304477000164,AlphaKey LS FIF em Cotas FIM RL,fundos,Multimercado,Multimercados Livre,Multiestratégia,13,0,,ALPHAKEY CAPITAL MANAGEMENT INVESTIMENTOS LTDA,Investidores em geral,Longo Prazo,1000,ABERTO,32,0.0187,0.2,CDI,https://www.xpi.com.br/investimentos/fundos-de-investimento/lista/#/detalhes/6806aa48-c47d-4e5d-bcc5-95d2e3a3e9e7,0.1496113017019851,256716511.43
15862830000103,Apex Ações 30 FIC FIF Ações RL,fundos,Ações,Ações Livre,Renda Variável Long Only,26,0,3,Apex Capital,Investidores em geral,Renda Variável - Alíquota de IR de 15% incidida sobre o lucro obtido no momento do resgate.,500,ABERTO,32,0.019,0.2,Ibovespa,https://www.xpi.com.br/investimentos/fundos-de-investimento/lista/#/detalhes/dab61957-9811-4171-b39e-c7f7ecbda712,0.1092271192734239,11961632.79
40634864000180,Apex Equity Hedge Advisory FIC FIF Multi RL,fundos,Multimercado,Multimercados Long and Short Direcional,Long Short Direcional,13,0,,Apex Capital,Exclusivo,"Renda Variável - Alíquota de IR de 15% incidida sobre o lucro obtido no momento do resgate._x000D_
",500,ABERTO,30,0.019,0.2,CDI,https://www.xpi.com.br/investimentos/fundos-de-investimento/lista/#/detalhes/0faf6731-b37a-4550-bdb9-fe5a2884f023,0.1203061198487078,10302949.86
33345956000184,Apex Long Biased Advisory FIC FIF Multimercado RL,fundos,Multimercado,Multimercados Livre,Renda Variável Long Biased,20,0,3,Apex Capital,Investidores em geral,Renda Variável - Alíquota de IR de 15% incidida sobre o lucro obtido no momento do resgate.,500,ABERTO,32,0.019,0.2,CDI,https://www.xpi.com.br/investimentos/fundos-de-investimento/lista/#/detalhes/52bb8fa7-2c11-487e-8c16-c35bbc6bc024,0.0635751388366163,8378553.53
44544223000195,Aqua Capital PE Agro FIP Multi - Classe A,fundos,Participações,Fundos de Participações,Alternativo Ilíquido,50,0,,Aqua Capital,Investidores qualificados,FIP,25000,FECHADO,0,0.02,0.2,-,https://www.xpi.com.br/investimentos/fundos-de-investimento/lista/#/detalhes/cefd5c4e-2b5b-48b0-ad1d-1ebb2aeea400,,24371708.83
44544223000195,Aqua Capital PE Agro FIP Multi - Classe B,fundos,Participações,Fundos de Participações,Alternativo Ilíquido,50,0,,Aqua Capital,Investidores qualificados,FIP,25000,FECHADO,0,0.02,0.2,-,https://www.xpi.com.br/investimentos/fundos-de-investimento/lista/#/detalhes/80643c51-8fa6-47dd-a76f-f93b08459936,,24371708.83
21689246000192,Arbor FIC FIA RL,fundos,Ações,Ações Livre,Internacional Ações Hedgeado,34,1,5,Arbor Capital,Investidores qualificados,Renda Variavel,1000,ABERTO,12,0.0187,0.2,-,https://www.xpi.com.br/investimentos/fundos-de-investimento/lista/#/detalhes/30813569-17e1-442b-b5cd-f1bde5308c79,0.1719428616987071,313221031.3
47756349000111,Arbor II FIC FIA RL,fundos,Ações,Ações Livre,Internacional Ações Hedgeado,26,0,,Arbor Capital,Investidores em geral,Ações,1000,ABERTO,12,0.0187,0.2,MSCI World,https://www.xpi.com.br/investimentos/fundos-de-investimento/lista/#/detalhes/ae1bc073-b77c-4821-9748-94f1027e29a8,0.1845944857300567,211693287.29
20441301000168,Artesanal CP FIDC RL,fundos,Direito Creditório,Multimercados Dinâmico,Crédito High Yield,14,0,5,Artesanal Investimentos,Investidores qualificados,"FIDC_x000D_
",5019,FECHADO,91,0.02,0.2,CDI,https://www.xpi.com.br/investimentos/fundos-de-investimento/lista/#/detalhes/325a6d9d-31e8-44c0-9957-dee802d81154,0.1799528801907726,2532114807.52
41888219000156,Arx Denali Advisory FIC de FIF RF CP RL,fundos,Renda Fixa,Renda Fixa Duração Baixa Grau de Investimento,Crédito Liquidez,2,0,,ARX Investimentos,Investidores em geral,"Longo Prazo_x000D_
",500,ABERTO,1,0.004,,CDI,https://www.xpi.com.br/investimentos/fundos-de-investimento/lista/#/detalhes/c218eb09-7b3b-4491-b242-280898b46a76,0.1461649293004288,1553939403.24
57134507000155,Arx Infra Renda CDI FI Incentivado Infraestrutura RF CP RL,fundos,Renda Fixa,Renda Fixa Duração Livre Crédito Livre,Debêntures Incentivadas Hedgeado,11,0,,ARX Investimentos,Investidores em geral,Debêntures Incentivadas,500,ABERTO,31,0.009000000000000001,,CDI,https://www.xpi.com.br/investimentos/fundos-de-investimento/lista/#/detalhes/b055d9de-9ac9-4f7d-844e-1ec7f5c1af5e,-0.0378477152604123,262829806.96
10237480000162,Arx Long Term FIC de FIF em Ações RL,fundos,Ações,Ações Livre,Renda Variável Long Only,31,0,1,ARX Investimentos,Investidores em geral,Renda Variável - Alíquota de IR de 15% incidida sobre o lucro obtido no momento do resgate.,1000,ABERTO,32,0.02,0.2,Ibovespa,https://www.xpi.com.br/investimentos/fundos-de-investimento/lista/#/detalhes/a5a19209-bc81-4ec7-b0f7-b5b847d1eb7b,0.1437037694126584,15137409.79
41888492000180,Arx Vinson Advisory FIC de FIF RF CP RL,fundos,Renda Fixa,Renda Fixa Duração Baixa Grau de Investimento,Crédito High Grade,3,0,,ARX Investimentos,Investidores em geral,"Longo Prazo_x000D_
",500,ABERTO,31,0.005,,CDI,https://www.xpi.com.br/investimentos/fundos-de-investimento/lista/#/detalhes/137f457b-2121-4c4f-9211-69826f456ddd,0.1460261034426104,1196619284.3
26434293000109,Asa Income CIC de CIRF CP RL,fundos,Renda Fixa,Renda Fixa Duração Livre Crédito Livre,Crédito Liquidez,11,0,1,ASA Investments,Investidores em geral,"Longo Prazo - Alíquota regressiva de IR de 22,5% a 15,0% incidida sobre o lucro obtido no momento do resgate.",1000,ABERTO,1,0.0045000000000000005,,CDI,https://www.xpi.com.br/investimentos/fundos-de-investimento/lista/#/detalhes/21a756e2-717c-46cb-b9bd-758d62d4a8eb,0.1436457266092459,30784237.51
35602471000154,Ashmore Emerging Markets Equity Advisory CIC de Classes de Ações IE RL,fundos,Ações,Ações Investimento no Exterior,Internacional Ações Hedgeado,26,0,,XP Allocation Asset Management LTDA.,Investidores qualificados,"Renda Variável: Haverá cobrança de IR no momento do resgate sob a alíquota de 15% sobre o rendimento bruto obtido._x000D_
",500,ABERTO,6,0.01,,CDI,https://www.xpi.com.br/investimentos/fundos-de-investimento/lista/#/detalhes/0d17e8c3-a72d-482f-a4eb-0688788372bb,0.3790452177964043,28997296.65
17627210000107,Atena Tapyr FIF em Cotas FIRF CP RL,fundos,Renda Fixa,Renda Fixa Duração Livre Grau de Investimento,Crédito Liquidez,10,0,,Atena Capital,Investidores em geral,Longo Prazo,1000,ABERTO,1,0.005,0.15,CDI,https://www.xpi.com.br/investimentos/fundos-de-investimento/lista/#/detalhes/e49dd3e7-f65c-4a49-9669-606b304f8b21,0.1502708652149189,186375823.18
31340838000158,Atena Yield D30 FIC de FIF RF CP RL,fundos,Renda Fixa,Renda Fixa Duração Livre Crédito Livre,Crédito High Grade,11,0,3,Atena Capital,Investidores qualificados,Longo Prazo,1000,ABERTO,30,0.0085,0.15,CDI,https://www.xpi.com.br/investimentos/fundos-de-investimento/lista/#/detalhes/b5394707-02a7-40d1-9d43-418a40ac41cb,0.1532926956715445,276252062.32
17249227000178,Athena Total Return FIF em Cotas de FIA RL,fundos,Ações,Ações Investimento no Exterior,Renda Variável Long Only,26,0,4,SulAmérica Investimentos,Investidores qualificados,Renda Variável - Alíquota de IR de 15% incidida sobre o lucro obtido no momento do resgate.,1000,ABERTO,32,0.02,0.2,-,https://www.xpi.com.br/investimentos/fundos-de-investimento/lista/#/detalhes/c2d8343d-1826-4a2f-a225-d056c0d91199,0.0490904040038384,55258165.06
23186344000132,Athena Total Return II FIF FIA,fundos,Ações,Ações Livre,Renda Variável Long Only,26,0,3,SulAmérica Investimentos,Investidores em geral,Renda Variável - Alíquota de IR de 15% incidida sobre o lucro obtido no momento do resgate.,1000,FECHADO,32,0.03,,-,https://www.xpi.com.br/investimentos/fundos-de-investimento/lista/#/detalhes/24d25e2e-01c0-4c23-9a7a-59fa5effd45e,0.0201377263633575,31338543.46
13083227000190,Atlas One FIC FIA,fundos,Ações,Ações Livre,Renda Variável Long Only,48,0,1,Atlas One Investimentos,Investidores em geral,"Renda Variável: Haverá cobrança de IR no momento do resgate sob a alíquota de 15% sobre o rendimento bruto obtido._x000D_
",500,ABERTO,32,0.02,0.2,IBX,https://www.xpi.com.br/investimentos/fundos-de-investimento/lista/#/detalhes/cb7fbdd4-2684-4ecd-95eb-559861af729a,0.2193914161823218,42354596.51
36182298000145,Atlas One Long Bias FIF CIC em Ações RL,fundos,Ações,Ações Livre,Renda Variável Long Biased,31,0,2,Atlas One Investimentos,Investidores qualificados,Renda Variavel,500,ABERTO,32,0.02,0.2,-,https://www.xpi.com.br/investimentos/fundos-de-investimento/lista/#/detalhes/0a6092d2-43f4-499f-bf43-082a26121593,0.0468787181130132,118956435.57
34218678000167,Augme 180 FIC FIM CP,fundos,Multimercado,Multimercados Estratégia Específica,Crédito High Yield,13,1,4,Augme Capital,Investidores qualificados,"Longo Prazo - Alíquota regressiva de IR de 22,5% a 15,0% incidida sobre o lucro obtido no momento do resgate.",5000,ABERTO,91,0.011000000000000001,0.2,CDI,https://www.xpi.com.br/investimentos/fundos-de-investimento/lista/#/detalhes/114686c9-8044-4db1-bb7a-0823fdff4c96,0.1440726586069569,220374440.95
30568495000110,Augme 30 Advisory CIC RF CP LP RL,fundos,Renda Fixa,Renda Fixa Duração Livre Crédito Livre,Crédito High Grade,11,0,3,Augme Capital,Investidores em geral,"Longo Prazo - Alíquota regressiva de IR de 22,5% a 15,0% incidida sobre o lucro obtido no momento do resgate.",500,ABERTO,31,0.006,0.2,CDI,https://www.xpi.com.br/investimentos/fundos-de-investimento/lista/#/detalhes/3f464683-0789-448a-bbf3-621890bdada5,0.143010107416968,185438348.5
52285852000176,Augme 30 II CIC de CIRF CP LP RL,fundos,Renda Fixa,Renda Fixa Duração Livre Crédito Livre,Crédito High Grade,11,0,,Augme Capital,Investidores em geral,Longo Prazo,500,ABERTO,31,0.006,0.2,CDI,https://www.xpi.com.br/investimentos/fundos-de-investimento/lista/#/detalhes/20af3314-fd6b-4573-9910-a49cf0713967,0.1441060665657991,241992290.23
49598896000141,Augme CI RF Incentivado Infraestrutura RL,fundos,Renda Fixa,Renda Fixa Duração Livre Crédito Livre,Debêntures Incentivadas Não Hedgeado,11,1,,Augme Capital,Investidores em geral,Debêntures Incentivadas,500,ABERTO,31,0.0075,0.2,IMA-B 5,https://www.xpi.com.br/investimentos/fundos-de-investimento/lista/#/detalhes/fdb2b0b0-3733-4a45-974b-a49eafb77ae3,0.1003587482082719,82357807.84999998
40107402000104,Auster Fitness I FIP Multiestratégia RL,fundos,Participações - Multiestratégia,Fundos de Participações,Alternativo Ilíquido,50,0,,Leste Investimentos,Investidores qualificados,"FIP_x000D_
",1103.49,FECHADO,0,0.02,0.2,IPCA,https://www.xpi.com.br/investimentos/fundos-de-investimento/lista/#/detalhes/d751b167-b1c8-4007-a7dd-929ccbd6bcf2,,87146528.06
54886474000101,Axa WF US Dynamic High Yield Bonds Classe FIC Classes FIM CP RL,fundos,Multimercado,Multimercados Investimento no Exterior,Internacional Renda Fixa Hedgeado,26,0,, XP VISTA ASSET MANAGMENT LTDA,Investidores em geral,Longo Prazo,100,ABERTO,6,0.006999999999999999,,-,https://www.xpi.com.br/investimentos/fundos-de-investimento/lista/#/detalhes/cb8a2a9e-80bb-4b1f-afec-4ddd44e7ddfe,0.1406156198645713,21506325.69
49998473000119,Azimut Allocation Balanced FIF CIC Multimercado RL,fundos,Multimercado,Multimercados Investimento no Exterior,Internacional Multimercado Hedgeado,26,0,,AZ Quest Investimentos,Investidores qualificados,Longo Prazo,1000,ABERTO,5,0.008,,Ibovespa,https://www.xpi.com.br/investimentos/fundos-de-investimento/lista/#/detalhes/e0b4fedc-4c21-4782-b21e-cd9ee41658d3,0.2082407561100583,26144962.27
48038196000130,Azimut Equity Allocation Trend FIF CIC Ações RL,fundos,Ações,Ações Investimento no Exterior,Internacional Ações Hedgeado,26,0,,AZ Quest Investimentos,Investidores qualificados,Renda Variável,1000,ABERTO,4,0.008,,Ibovespa,https://www.xpi.com.br/investimentos/fundos-de-investimento/lista/#/detalhes/551134b6-65c8-4d45-9c6c-06720c89b589,0.198781730266456,35037106.17
49998656000134,Azimut Equity Borletti Global Lifestyle FIC FIA IE,fundos,Ações,Ações Investimento no Exterior,Internacional Ações Hedgeado,26,0,,AZ Quest Investimentos,Investidores qualificados,Renda Variável,1000,ABERTO,4,0.008,,Ibovespa,https://www.xpi.com.br/investimentos/fundos-de-investimento/lista/#/detalhes/5bc263ee-9b57-426b-a9a1-90ddfdb445f1,0.0715122426264962,18962081.26
64439750000147,BB Asset Ações Games FIC de FIF RL,fundos,Ações,Ações Livre,Multiestratégia,27,0,,BB Asset Management,Não definido,Ações,500,ABERTO,6,0.011000000000000001,0.2,-,https://www.xpi.com.br/investimentos/fundos-de-investimento/lista/#/detalhes/e9c095bb-c2ed-459b-82dd-97306887d27e,,1227101.58
39293641000117,BB Asset Ações Nordea Global Climate and Environmnet IS IE FIC FIF RL,fundos,Ações,Ações Investimento no Exterior,Internacional Ações Não Hedgeado,27,0,,BB Asset Management,Investidores qualificados,"Renda Variável_x000D_
",1000,ABERTO,5,0.005,,-,https://www.xpi.com.br/investimentos/fundos-de-investimento/lista/#/detalhes/86c88f1d-7ae6-4b17-af5d-0d6400e897f8,0.1059698579064327,1204912.25
64440455000100,BB Asset Multimercado Arbitragem FIC de FIF LP RL,fundos,Multimercado,Multimercados Long and Short Direcional,Macro Média Vol,14,0,,BB Asset Management,Não definido,Longo Prazo,500,ABERTO,9,0.015,0.2,-,https://www.xpi.com.br/investimentos/fundos-de-investimento/lista/#/detalhes/14f540e2-fc36-4ed4-80d8-e694c489010e,,1223510.86
44315932000107,BB Asset RF Ativa Plus LP FIC FIF RL,fundos,Renda Fixa,Renda Fixa Duração Livre Grau de Investimento,Renda Fixa Ativo,10,0,,BB Asset Management,Investidores em geral,Longo Prazo,500,ABERTO,2,0.009000000000000001,0.2,CDI,https://www.xpi.com.br/investimentos/fundos-de-investimento/lista/#/detalhes/110661c5-6a2e-4ae0-8b41-c925c80b067e,0.1848350732358512,200602571.24
45081757000195,BB Asset RF CP LP FIC FIF RL,fundos,Renda Fixa,Renda Fixa Duração Média Crédito Livre,Crédito High Grade,10,0,,BB Asset Management,Investidores em geral,Longo Prazo,500,ABERTO,10,0.005,0.2,CDI,https://www.xpi.com.br/investimentos/fundos-de-investimento/lista/#/detalhes/15565a4a-0eaf-4ab4-9d37-be52679961e2,0.1299666377256263,8086825.61
64442539000183,BB Asset RF Debêntures Incentivadas CDI FIC de FIF em Infra,fundos,Renda Fixa,Renda Fixa Duração Livre Crédito Livre,Debêntures Incentivadas Hedgeado,11,0,,BB Asset Management,Não definido,Debêntures Incentivadas,500,ABERTO,21,0.008,0.2,-,https://www.xpi.com.br/investimentos/fundos-de-investimento/lista/#/detalhes/6d48abc0-9967-4a42-bbed-283583e402c3,,1769095.9
58341429000122,BB Asset RF LP High FIC FIF RL,fundos,Renda Fixa,Renda Fixa Duração Média Grau de Investimento,Crédito Liquidez,6,0,,BB Asset Management,Investidores em geral,Longo Prazo,500,ABERTO,1,0.0034999999999999996,,CDI,https://www.xpi.com.br/investimentos/fundos-de-investimento/lista/#/detalhes/096b9893-0f66-4df6-aef5-c736db6449e8,0.1456400445802175,60823098.54
10338491000139,BELLUNO FIDC MULTISSETORIAL,fundos,Direito Creditório,FIDC Fomento Mercantil,Multiestratégia,40,0,,Ouro Preto Investimentos,Investidores qualificados,FoF Direto,1,FECHADO,0,0.0001,0.1,Ibovespa,https://www.xpi.com.br/investimentos/fundos-de-investimento/lista/#/detalhes/b5828eca-5ac8-444e-86bb-af5ccd02cf1e,,
42932895000142,BLC III PARTNERS FIM CRÉDITO  PRIVADO,fundos,Multimercado,Multimercados Estratégia Específica,Multiestratégia,16,0,,Jus Capital,Investidores profissionais,FoF Direto,1,FECHADO,0,0.0001,0.1,Ibovespa,https://www.xpi.com.br/investimentos/fundos-de-investimento/lista/#/detalhes/41afff8a-6671-4efd-a517-5ded61822509,-0.4011124862112958,34967616.44
12239939000192,BNP Paribas Action FIF em Ações RL,fundos,Ações,Ações Livre,Renda Variável Long Biased,26,0,4,BNP Paribas Asset Management,Investidores em geral,Renda Variável - Alíquota de IR de 15% incidida sobre o lucro obtido no momento do resgate.,500,ABERTO,3,0.02,0.2,Ibovespa,https://www.xpi.com.br/investimentos/fundos-de-investimento/lista/#/detalhes/26b1dff9-ab5e-4667-b69d-c49e3bb81be3,0.1939668499930713,74585014.37999998
05104498000156,BNP Paribas Inflação FIF RF RL,fundos,Renda Fixa,Renda Fixa Duração Alta Grau de Investimento,Renda Fixa Inflação,10,0,3,BNP Paribas Asset Management,Investidores em geral,"Longo Prazo - Alíquota regressiva de IR de 22,5% a 15,0% incidida sobre o lucro obtido no momento do resgate.",500,ABERTO,1,0.005,,IMA-B,https://www.xpi.com.br/investimentos/fundos-de-investimento/lista/#/detalhes/243e2f12-103c-4db8-9b05-9bb05803f5b8,0.0995073280135436,25692144.22
38443033000189,BNP Paribas Infra CDI FIF RF Sustentável RL,fundos,Renda Fixa,Renda Fixa Duração Livre Crédito Livre,Debêntures Incentivadas Hedgeado,11,0,4,BNP Paribas Asset Management,Investidores em geral,Debêntures Incentivadas - Isento de IR para pessoa física.,500,ABERTO,30,0.0098,,-,https://www.xpi.com.br/investimentos/fundos-de-investimento/lista/#/detalhes/a93b4558-2fca-4d7e-b2a8-64887583db0d,0.1072683046188474,57895825.55
09636393000107,BNP Paribas Match FIF RF CP RL,fundos,Renda Fixa,Renda Fixa Duração Baixa Grau de Investimento,Crédito Liquidez,2,0,2,BNP Paribas Asset Management,Investidores em geral,"Longo Prazo - Alíquota regressiva de IR de 22,5% a 15,0% incidida sobre o lucro obtido no momento do resgate.",100,ABERTO,0,0.0034999999999999996,,CDI,https://www.xpi.com.br/investimentos/fundos-de-investimento/lista/#/detalhes/41f2281f-7f10-42e6-96e0-2eb95b1ab3f5,0.1475552624237828,12381821875.51
50098505000109,BNP Paribas Match Plus 30 Advisory FIF RF CP LP RL,fundos,Renda Fixa,Renda Fixa Duração Livre Crédito Livre,Crédito High Grade,11,0,,BNP Paribas Asset Management,Investidores em geral,Longo Prazo,500,ABERTO,30,0.006500000000000001,0.15,CDI,https://www.xpi.com.br/investimentos/fundos-de-investimento/lista/#/detalhes/eef1a594-0ab9-4b66-b4ba-1dffd3a1fac4,0.1480073357408482,299015149.35
02539921000152,BNP Paribas RF FIF RF RL,fundos,Renda Fixa,Renda Fixa Duração Baixa Grau de Investimento,Renda Fixa Ativo,2,0,3,BNP Paribas Asset Management,Investidores em geral,"Longo Prazo - Alíquota regressiva de IR de 22,5% a 15,0% incidida sobre o lucro obtido no momento do resgate.",500,ABERTO,1,0.0052,,CDI,https://www.xpi.com.br/investimentos/fundos-de-investimento/lista/#/detalhes/d83f8eba-a22f-4ae3-9163-62cf495dd298,0.1383117680883547,223124048.21
21185984000100,BNP Paribas Rubi FIF RF CP RL,fundos,Renda Fixa,Renda Fixa Duração Baixa Crédito Livre,Crédito High Grade,4,0,4,BNP Paribas Asset Management,Investidores em geral,"Longo Prazo - Alíquota regressiva de IR de 22,5% a 15,0% incidida sobre o lucro obtido no momento do resgate.",500,ABERTO,10,0.004,,CDI,https://www.xpi.com.br/investimentos/fundos-de-investimento/lista/#/detalhes/9f29a4ef-86e1-4a39-8b2c-d26bf203d491,0.1498203877111912,3806017321.25
11108013000103,BNP Paribas Small Caps FIF em Ações RL,fundos,Ações,Ações Small Caps,Renda Variável Small/Mid Caps,35,0,2,BNP Paribas Asset Management,Investidores em geral,Renda Variável - Alíquota de IR de 15% incidida sobre o lucro obtido no momento do resgate.,500,ABERTO,7,0.02,0.2,SMLL,https://www.xpi.com.br/investimentos/fundos-de-investimento/lista/#/detalhes/e03f922d-481a-42c2-bbf7-16f201c265d1,0.050905892186656,58434758.7
50109627000153,BOCOM BBM Cash Enhanced FIF CIC RF CP RL,fundos,Renda Fixa,Renda Fixa Duração Livre Crédito Livre,Crédito Liquidez,11,0,,BOCOM BBM Investimentos,Investidores em geral,Longo Prazo,500,ABERTO,10,0.0034999999999999996,,CDI,https://www.xpi.com.br/investimentos/fundos-de-investimento/lista/#/detalhes/247ec1a2-62be-40ca-bb92-d03f46393b05,0.1463390589536894,74434483.56999998
50094963000170,BOCOM BBM Cash FIF CIC RF CP Ref DI RL,fundos,Renda Fixa,Renda Fixa Duração Livre Crédito Livre,Crédito Liquidez,11,0,,BOCOM BBM Investimentos,Investidores em geral,Longo Prazo,500,ABERTO,0,0.0025,,CDI,https://www.xpi.com.br/investimentos/fundos-de-investimento/lista/#/detalhes/2f337ca5-d69e-4303-b0b9-8eb7bd83c24b,0.1455381743446147,207850503.46
34799129000123,BOCOM BBM Corporate Credit Plus FIF CIC MULT CP RL,fundos,Multimercado,Multimercados Dinâmico,Crédito High Grade,13,0,,BOCOM BBM Investimentos,Investidores qualificados,Longo Prazo,1000,ABERTO,121,0.009000000000000001,,CDI,https://www.xpi.com.br/investimentos/fundos-de-investimento/lista/#/detalhes/d209dfa5-5798-4d9d-a26d-2650fe50c945,0.1483012174050859,563018715.14
59904332000143,BOCOM BBM Infra CDI FIF - CI RF Incentivado Infra RL,fundos,Renda Fixa,Renda Fixa Duração Livre Crédito Livre,Debêntures Incentivadas Hedgeado,11,0,,BOCOM BBM Investimentos,Exclusivo do administrador,Debêntures Incentivadas,500,ABERTO,30,0.006,0.2,CDI,https://www.xpi.com.br/investimentos/fundos-de-investimento/lista/#/detalhes/5d42e29e-e85c-4d06-839c-af4a5f479315,0.1163122984222893,75412658.31
27943585000130,BRB FIRF IMA-S LP RL,fundos,Renda Fixa,Renda Fixa Indexados,Crédito Liquidez,11,0,,Plural Investimentos,Investidores em geral,Longo Prazo,100,ABERTO,0,0.002,,CDI,https://www.xpi.com.br/investimentos/fundos-de-investimento/lista/#/detalhes/a5cb8afc-bec9-4527-9757-3fe411b9d862,0.1442186558942981,286982815.16
59658166000142,BTG Log AAA Cajamar FII RL - Subclasse Sênior,fundos,Investimento Imobiliário,-,Crédito High Yield,27,0,,BTG Pactual Asset Management,Não definido,FII,1000,FECHADO,0,0.0132,,IPCA,https://www.xpi.com.br/investimentos/fundos-de-investimento/lista/#/detalhes/a3156793-798c-4da0-bda3-6bcceb98af95,,
14799785000119,BTG Pactual Absoluto LS FIF em Cotas de FIA,fundos,Ações,Ações Livre,Long Short Direcional,26,0,4,BTG Pactual Asset Management,Investidores qualificados,Renda Variável - Alíquota de IR de 15% incidida sobre o lucro obtido no momento do resgate.,5000,ABERTO,32,0.02,0.2,CDI,https://www.xpi.com.br/investimentos/fundos-de-investimento/lista/#/detalhes/258a9550-b09c-44d4-83e8-70e52e8f4945,-0.0383840568424515,37428145
58460637000140,BTG Pactual Crédito Corporativo Dinâmico Advisory FIF FIC FI,fundos,Renda Fixa,Renda Fixa Duração Livre Grau de Investimento,Crédito High Grade,10,0,,BTG Pactual Asset Management,Investidores em geral,Longo Prazo,100,ABERTO,11,0.006999999999999999,0.2,CDI,https://www.xpi.com.br/investimentos/fundos-de-investimento/lista/#/detalhes/b30b07ca-08ad-4b7a-ac6d-384775f9f64a,0.1520856806794615,30561751.7
14171644000157,BTG Pactual Crédito Corporativo I FIF em Cotas de FIRF,fundos,Renda Fixa,Renda Fixa Duração Livre Crédito Livre,Crédito High Grade,11,0,3,BTG Pactual Asset Management,Investidores em geral,"Longo Prazo - Alíquota regressiva de IR de 22,5% a 15,0% incidida sobre o lucro obtido no momento do resgate.",5000,FECHADO,31,0.005,0.2,CDI,https://www.xpi.com.br/investimentos/fundos-de-investimento/lista/#/detalhes/2e9a27a6-3871-4ddb-a44e-8d94aca4f40e,0.1456214492269583,3780760940.6
01430938000104,BTG Pactual Dólar FI Cambial,fundos,Cambial,Cambial,Cambial,16,0,3,BTG Pactual Asset Management,Investidores em geral,"Longo Prazo - Alíquota regressiva de IR de 22,5% a 15,0% incidida sobre o lucro obtido no momento do resgate.",5000,ABERTO,1,0.01,,-,https://www.xpi.com.br/investimentos/fundos-de-investimento/lista/#/detalhes/cf99f276-8ebc-4bab-aa6d-5ec5cf969571,0.0006543303314938,150788488.2
11952873000110,BTG Pactual Hedge Sigma FIF RF - Subclasse A,fundos,Renda Fixa,Renda Fixa Duração Livre Grau de Investimento,Renda Fixa Ativo,10,0,4,BTG Pactual Asset Management,Investidores em geral,"Longo Prazo - Alíquota regressiva de IR de 22,5% a 15,0% incidida sobre o lucro obtido no momento do resgate.",5000,ABERTO,3,0.0075,0.2,-,https://www.xpi.com.br/investimentos/fundos-de-investimento/lista/#/detalhes/5251b4b8-0f87-4ca0-a2b3-82f952964cc2,,
60018029000122,BTG Pactual Synergy Equity Hedge FIF Multimercado - Subclasse I,fundos,Multimercado,Multimercados Livre,Long Short Direcional,19,0,,BTG Pactual Asset Management,Investidores qualificados,Ações,1000,ABERTO,32,0.02,0.2,CDI,https://www.xpi.com.br/investimentos/fundos-de-investimento/lista/#/detalhes/2acd1709-10a8-4859-8e43-feb269109668,0.098668166043488,677616333.15
07539298000151,BTG Pactual Tesouro IPCA Curto FIRF REF,fundos,Renda Fixa,Renda Fixa Indexados,Renda Fixa Inflação,11,0,5,BTG Pactual Asset Management,Investidores em geral,"Longo Prazo - Alíquota regressiva de IR de 22,5% a 15,0% incidida sobre o lucro obtido no momento do resgate.",3000,ABERTO,1,0.002,,IPCA,https://www.xpi.com.br/investimentos/fundos-de-investimento/lista/#/detalhes/fd3eff98-db19-44d6-a778-ee8ee9ad11b1,0.1305631825687394,1602901828.14
32862354000131,Bahia AM Advisory FIF CIC Multimercado RL,fundos,Multimercado,Multimercados Macro,Macro Média Vol,13,0,,BAHIA AM RENDA FIXA LTDA (*),Investidores em geral,"Longo Prazo - Alíquota regressiva de IR de 22,5% a 15,0% incidida sobre o lucro obtido no momento do resgate.",500,ABERTO,21,0.0137,0.2,CDI,https://www.xpi.com.br/investimentos/fundos-de-investimento/lista/#/detalhes/792c6cab-977e-4273-8364-c54bf30dd2fa,0.123549798764488,11411617.95
23732231000195,Bahia AM Long Biased FIF CIC Multimercado RL,fundos,Multimercado,Multimercados Livre,Renda Variável Long Biased,27,0,2,Bahia Asset Management,Investidores em geral,Renda Variável - Alíquota de IR de 15% incidida sobre o lucro obtido no momento do resgate.,500,ABERTO,32,0.019,0.2,-,https://www.xpi.com.br/investimentos/fundos-de-investimento/lista/#/detalhes/c8e41b85-bdb3-43fe-a320-f2861ed0aa2d,0.2002716904436066,52281016.64
28747733000103,Bahia AM Maraú Advisory FIF CIC Multimercado RL,fundos,Multimercado,Multimercados Macro,Macro Média Vol,13,0,,BAHIA AM RENDA FIXA LTDA (*),Investidores em geral,"Longo Prazo - Alíquota regressiva de IR de 22,5% a 15,0% incidida sobre o lucro obtido no momento do resgate.",500,ABERTO,31,0.019,0.2,CDI,https://www.xpi.com.br/investimentos/fundos-de-investimento/lista/#/detalhes/1ec02dbc-882b-4a4f-a03e-99af7b6f75c2,0.1159025137359224,247003913.46
41333093000153,Bahia AM Mutá Advisory FIF CIC Multimercado RL,fundos,Multimercado,Multimercados Macro,Macro Alta Vol,13,0,,BAHIA AM RENDA FIXA LTDA (*),Investidores qualificados,"Longo Prazo - Alíquota regressiva de IR de 22,5% a 15,0% incidida sobre o lucro obtido no momento do resgate._x000D_
",500,ABERTO,61,0.019,0.2,CDI,https://www.xpi.com.br/investimentos/fundos-de-investimento/lista/#/detalhes/ebd44d67-3664-4e6f-a5de-199a6b4ba62a,0.1065502243963436,8646711.06
09635172000106,Bahia AM Valuation FIF CIC em Ações RL,fundos,Ações,Ações Livre,Renda Variável Long Only,28,0,4,Bahia Asset Management,Investidores em geral,Renda Variável - Alíquota de IR de 15% incidida sobre o lucro obtido no momento do resgate.,500,ABERTO,32,0.019,0.2,Ibovespa,https://www.xpi.com.br/investimentos/fundos-de-investimento/lista/#/detalhes/894e3d25-c1aa-40dd-b996-967fd855690e,0.2572103347711532,211392356.36
57376810000164,Basílica Partners UNI FII - RL - Subclasse C,fundos,Investimento Imobiliário,-,Fundo Listado,50,0,,Basílica Partners Latin America Private Equity LTDA,Não definido,FII,10000,FECHADO,0,0.021400000000000002,0.2,IPCA,https://www.xpi.com.br/investimentos/fundos-de-investimento/lista/#/detalhes/4afabba1-a4a2-4bbe-ba7f-26a723669beb,,
33361831000148,BlackRock Dynamic High Income FIF RL,fundos,Multimercado,Multimercados Investimento no Exterior,Internacional Multimercado Hedgeado,27,0,,BlackRock Investimentos,Investidores qualificados,"Longo Prazo - Alíquota regressiva de IR de 22,5% a 15,0% incidida sobre o lucro obtido no momento do resgate.",10000,ABERTO,5,0.009000000000000001,,-,https://www.xpi.com.br/investimentos/fundos-de-investimento/lista/#/detalhes/31782116-ac85-46d3-a628-b2f239f0ea05,0.2000584839405808,30858115.99
33361657000133,BlackRock Global Event Driven Máster FIF RL,fundos,Multimercado,Multimercados Investimento no Exterior,Internacional Multimercado Hedgeado,27,0,,BlackRock Investimentos,Investidores qualificados,"Longo Prazo_x000D_
",10000,ABERTO,6,0.009000000000000001,,CDI,https://www.xpi.com.br/investimentos/fundos-de-investimento/lista/#/detalhes/81f1e768-b232-41cf-b117-0cee2c0b9561,0.1407507402328747,23161429.53
55219936000108,Blueoak SS I Feeder FIC FIP - Subclasse A - Multiestratégia RL,fundos,Participações - Multiestratégia,-,Alternativo Ilíquido,50,0,,Blueoak Investments Asset,Não definido,FIP,10000,FECHADO,0,0.001,0.2,IPCA + 8% a.a.,https://www.xpi.com.br/investimentos/fundos-de-investimento/lista/#/detalhes/419b504c-7034-4e34-a0a6-96f35da56f7c,,77573371.20999998
55219936000108,Blueoak SS I Feeder FIC FIP - Subclasse B - Multiestratégia RL,fundos,Participações - Multiestratégia,-,Alternativo Ilíquido,50,0,,Blueoak Investments Asset,Não definido,FIP,500000,FECHADO,0,0.021,0.2,-,https://www.xpi.com.br/investimentos/fundos-de-investimento/lista/#/detalhes/8aff926a-ee6d-4d6d-9759-1507cb70b299,,77573371.20999998
55169240000106,Bocaina Infra 60 CDI FIC FI-Infra RF,fundos,Renda Fixa,Renda Fixa Duração Livre Crédito Livre,Crédito Privado Debêntures Incentivadas,11,0,,Bocaina Capital,Investidores em geral,Debêntures Incentivadas,500,ABERTO,61,0.0087,0.1,CDI,https://www.xpi.com.br/investimentos/fundos-de-investimento/lista/#/detalhes/0814c142-8178-4b29-8591-84a4505bca43,0.15487691531108,107927594.38
60449267000192,Bocaina Infra DI Renda,fundos,Renda Fixa,Renda Fixa Duração Livre Crédito Livre,Fundo Listado,36,0,,Bocaina Capital,Investidores em geral,Debêntures Incentivadas,500,FECHADO,0,0.01,0.2,CDI,https://www.xpi.com.br/investimentos/fundos-de-investimento/lista/#/detalhes/72cb8f03-b754-4fd5-8bd9-d420d54735d7,0.091173673721381,97963819.95
49996302000150,Bocom BBM Corporate Credit II FIF RF CP RL,fundos,Renda Fixa,Renda Fixa Duração Livre Crédito Livre,Crédito High Grade,11,0,,BOCOM BBM Investimentos,Investidores em geral,Longo Prazo,100,ABERTO,31,0.006,,CDI,https://www.xpi.com.br/investimentos/fundos-de-investimento/lista/#/detalhes/0897a1bd-2e33-44e7-b839-d08a4d0691e9,0.1482247890209171,193624590.82
42870763000133,Bogari Value Advisory FIC de FIF em Ações RL,fundos,Ações,Ações Valor/Crescimento,Renda Variável Long Only,33,0,,Bogari Investimentos,Exclusivo,Renda Variável.,5000,ABERTO,32,0.013000000000000001,0.2,-,https://www.xpi.com.br/investimentos/fundos-de-investimento/lista/#/detalhes/aba08893-3afc-474e-bb95-8ce6320361cf,0.0444581112678037,38884802.61
51293148000100,Bradesco Bancos II FIF CIC RF CP RL,fundos,Renda Fixa,Renda Fixa Duração Baixa Grau de Investimento,Crédito Liquidez,2,0,,Bradesco S.A.,Investidores em geral,Longo Prazo,50000,ABERTO,0,0.003,,CDI,https://www.xpi.com.br/investimentos/fundos-de-investimento/lista/#/detalhes/f4a6ac0e-4c30-41dd-ad8e-dfe9a25917c0,0.1491327078978022,6204265020.81
63437000000173,Bradesco Debêntures Incentivadas CDI III FIF - CIC RF De Inv,fundos,Renda Fixa,Renda Fixa Duração Livre Crédito Livre,Debêntures Incentivadas Hedgeado,11,0,,Bradesco S.A.,Investidores em geral,Debêntures Incentivadas,100,ABERTO,31,0.008,0.2,CDI,https://www.xpi.com.br/investimentos/fundos-de-investimento/lista/#/detalhes/63fb0bf6-db24-4983-988b-dc020191de0d,,1306176539.86
04831907000153,Bradesco SKY FIC FIRF Referenciada DI RL,fundos,Renda Fixa,Renda Fixa Duração Baixa Grau de Investimento,Referenciado DI Soberano,2,0,,Bradesco S.A.,Investidores em geral,Longo Prazo,500,ABERTO,0,0.0045000000000000005,,CDI,https://www.xpi.com.br/investimentos/fundos-de-investimento/lista/#/detalhes/baceef16-3c27-410a-84be-c890e169e806,0.1444537008931965,1038707747.75
55315627000123,Bradesco Ultra II FIF - CIC RF CP LP - RL,fundos,Renda Fixa,Renda Fixa Duração Alta Crédito Livre,Crédito High Grade,11,0,,Bradesco S.A.,Investidores qualificados,Longo Prazo,1000,FECHADO,31,0.006,0.2,CDI,https://www.xpi.com.br/investimentos/fundos-de-investimento/lista/#/detalhes/8db8b8d9-e1c9-4abd-abd6-710f3fc976ff,0.1506682410896889,472244758.21
34109809000178,Bradesco Zupo FIF CIC RF CP LP RL,fundos,Renda Fixa,Renda Fixa Duração Livre Crédito Livre,Crédito Liquidez,11,0,5,Bradesco S.A.,Investidores em geral,"Longo Prazo - Alíquota regressiva de IR de 22,5% a 15,0% incidida sobre o lucro obtido no momento do resgate.",1000,ABERTO,6,0.005,,-,https://www.xpi.com.br/investimentos/fundos-de-investimento/lista/#/detalhes/76a0662c-5b3b-4a54-b8a5-1c96fe179462,0.1485217610916325,4157264067.87
34430477000129,Brasil Capital 30 Advisory FIF FIA RL,fundos,Ações,Ações Valor/Crescimento,Renda Variável Long Only,30,0,3,Brasil Capital,Investidores em geral,Renda Variável - Alíquota de IR de 15% incidida sobre o lucro obtido no momento do resgate.,500,ABERTO,32,0.0138,0.2,Ibovespa,https://www.xpi.com.br/investimentos/fundos-de-investimento/lista/#/detalhes/b791d79a-dd06-46ce-a16e-682816504338,-0.0086992718492878,135943137.59
09577036000107,Brasil Capital FIC FIF Ações RL,fundos,Ações,Ações Valor/Crescimento,Renda Variável Long Only,30,0,4,Brasil Capital,Investidores qualificados,"Renda Variável: Haverá cobrança de IR no momento do resgate sob a alíquota de 15% sobre o rendimento bruto obtido._x000D_
",100000,FECHADO,16,0.0138,0.2,IGP-M,https://www.xpi.com.br/investimentos/fundos-de-investimento/lista/#/detalhes/30db24df-913e-4037-9232-e3397bd91c9e,0.0078383692674715,53247042.31
63762704000111,Brave 180 FIC de FIDC,fundos,Direito Creditório,-,Crédito High Yield,40,0,,Brave Asset Management,Não definido,FIDC,1003.8,ABERTO,180,0.013000000000000001,,-,https://www.xpi.com.br/investimentos/fundos-de-investimento/lista/#/detalhes/4d34b764-c3e4-4131-887d-6799eb521f48,,46647230.04
41196241000135,Brave 30 FIDC,fundos,Direito Creditório,Multimercados Estratégia Específica,Crédito High Grade,13,0,,Brave Asset Management,Investidores qualificados,Longo Prazo,1000,FECHADO,31,0.01,,CDI,https://www.xpi.com.br/investimentos/fundos-de-investimento/lista/#/detalhes/1d7eaf4b-fae5-435c-af9a-7e8190df267c,0.1546830704885149,754206425.61
35726300000137,Brave 90 FIC FIDC,fundos,Direito Creditório,Multimercados Dinâmico,Crédito High Yield,13,0,,Brave Asset Management,Investidores qualificados,FIDC,1003.8,FECHADO,91,0.01,,CDI,https://www.xpi.com.br/investimentos/fundos-de-investimento/lista/#/detalhes/a4c83c12-63d9-46a6-9e43-455b25bae132,0.1627370314189495,1596343419.29
54485055000168,Brave Iron FIRF CP RL,fundos,Renda Fixa,Renda Fixa Duração Livre Crédito Livre,Crédito High Grade,11,0,,Brave Asset Management,Investidores qualificados,Longo Prazo,1000,ABERTO,46,0.006999999999999999,0.2,CDI,https://www.xpi.com.br/investimentos/fundos-de-investimento/lista/#/detalhes/2c19336e-44e8-4623-aaf2-0844ab8f2b5e,0.1519619332498778,55731615.71
06070574000112,Bresser Ações FIC de FIF em Ações – RL,fundos,Ações,Ações Livre,Renda Variável Long Only,26,0,4,Bresser Asset Management,Investidores qualificados,"Renda Variável - Alíquota de IR de 15% incidida sobre o lucro obtido no momento do resgate._x000D_
",1000,ABERTO,32,0.02,0.15,-,https://www.xpi.com.br/investimentos/fundos-de-investimento/lista/#/detalhes/d6d4b9b5-7a21-4db1-b4bf-3dd3a3e227f2,0.1579287127784068,263235563.59
64137795000167,Brio Renda Mais FII RL,fundos,Investimento Imobiliário,-,Fundo Listado,40,0,,Brio Investimentos,Não definido,FII,1000,FECHADO,0,0.012,0.2,CDI,https://www.xpi.com.br/investimentos/fundos-de-investimento/lista/#/detalhes/8e0ddf5c-d040-4742-bbfb-07cfade43e87,,
49844718000153,CPAC11 - Capitânia Agro Crédito,fundos,Investimento Imobiliário,FII Híbrido Gestão Ativa,Fundo Listado,16,0,,Capitânia Capital,Investidores em geral,FIAgro,10,FECHADO,0,0.01,0.2,CDI,https://www.xpi.com.br/investimentos/fundos-de-investimento/lista/#/detalhes/d7cc8461-eaac-469d-b3c6-3a30d275125a,,
50143549000103,CPHF11 - Capitânia Hedge Fund FII RL,fundos,Investimento Imobiliário,FII TVM Gestão Ativa,Fundo Listado,16,0,,Capitânia Capital,Investidores em geral,FII,10,FECHADO,0,0.0088,0.15,CDI,https://www.xpi.com.br/investimentos/fundos-de-investimento/lista/#/detalhes/e25a28df-766b-41e2-bd06-7024ae5787fd,,
51601636000120,CYHF11 - Cyrela Hedge Fund FII RL,fundos,Investimento Imobiliário,FII Híbrido Gestão Ativa,Fundo Listado,16,0,,Cy.capital Gestora de Recursos,Investidores em geral,FII,10,FECHADO,0,0.0125,0.2,IMA-B 5+,https://www.xpi.com.br/investimentos/fundos-de-investimento/lista/#/detalhes/062656a5-8a2b-4cc7-b024-128e9ef36045,,
50367933000190,Capitania Yield 120 FIC FIDC,fundos,Direito Creditório,Multimercados Livre,Crédito High Yield,14,1,,Capitânia Capital,Investidores qualificados,Longo Prazo,10038,ABERTO,120,0.0115,0.2,CDI,https://www.xpi.com.br/investimentos/fundos-de-investimento/lista/#/detalhes/ea6f8897-fd3e-4f88-b527-54048e79c7e7,0.1716919954100004,576156830.82
65888766000108,Capitânia Infra 30 CDI FI Financeiro RF em Infra - Subclasse I,fundos,Renda Fixa,Renda Fixa Duração Alta Crédito Livre,Debêntures Incentivadas Hedgeado,11,0,,Capitânia Capital,Não definido,Debêntures Incentivadas,1000,ABERTO,30,0.009000000000000001,,CDI,https://www.xpi.com.br/investimentos/fundos-de-investimento/lista/#/detalhes/aa4e5f50-2de7-472c-8233-e42d800a9a1a,,
26605199000175,Capitânia Infra 30 Incentivado Invest Financeiro em Infra RF,fundos,Renda Fixa,Renda Fixa Duração Alta Crédito Livre,Debêntures Incentivadas Não Hedgeado,11,1,3,Capitânia Capital,Investidores em geral,"Debêntures Incentivadas_x000D_
",1000,ABERTO,30,0.009000000000000001,,-,https://www.xpi.com.br/investimentos/fundos-de-investimento/lista/#/detalhes/9fef7ccb-bb45-48e4-8c30-02e73020a902,0.0980691710043544,85312997.95
65028081000183,Capitânia Infra Advisory Geral Feeder FI-Infra RL,fundos,Renda Fixa,Renda Fixa Duração Livre Crédito Livre,Debêntures Incentivadas Hedgeado,11,0,,Capitânia Alternatives SA,Não definido,Debêntures Incentivadas,500,FECHADO,32,0.0097,,CDI,https://www.xpi.com.br/investimentos/fundos-de-investimento/lista/#/detalhes/acefc3e6-cceb-4882-85f2-9bd5cd9039d4,,301790811.35
61333973000137,Capitânia Infra Advisory Sênior I RF FI-Infra,fundos,Renda Fixa,Renda Fixa Duração Livre Grau de Investimento,Debêntures Incentivadas Hedgeado,10,0,,Capitânia Alternatives SA,Não definido,Debêntures Incentivadas,500,FECHADO,45,0.0097,,CDI,https://www.xpi.com.br/investimentos/fundos-de-investimento/lista/#/detalhes/970e4846-333c-457e-8297-dd0ade9a3578,0.1463460983956659,252468355.27
52248139000152,Capitânia Infra Renda 90 Incentivado Infraestrutura RF CP,fundos,Renda Fixa,Renda Fixa Duração Livre Crédito Livre,Debêntures Incentivadas Hedgeado,11,0,,Capitânia Capital,Investidores em geral,Debêntures incentivadas,500,ABERTO,90,0.01,0.2,CDI,https://www.xpi.com.br/investimentos/fundos-de-investimento/lista/#/detalhes/c6021b0c-e6d7-431b-a030-12909b6622d2,-0.0332910735136161,499192093.04
20146294000171,Capitânia Premium 45 FIC de FIF RF CP LP RL,fundos,Renda Fixa,Renda Fixa Duração Média Crédito Livre,Crédito High Grade,10,0,4,Capitânia Capital,Investidores em geral,"Longo Prazo - Alíquota regressiva de IR de 22,5% a 15,0% incidida sobre o lucro obtido no momento do resgate.",1000,ABERTO,45,0.0055000000000000005,0.15,CDI,https://www.xpi.com.br/investimentos/fundos-de-investimento/lista/#/detalhes/7ef3b725-52ca-4c8e-b18d-f05c48d9fdd2,0.0479583554436586,219076503.26
23272391000107,Capitânia Radar 90 FIC de FIF Multimercado CP LP RL,fundos,Multimercado,Multimercados Livre,Crédito High Grade,13,0,5,Capitânia Capital,Investidores qualificados,Longo Prazo,1000,ABERTO,90,0.0075,0.2,CDI,https://www.xpi.com.br/investimentos/fundos-de-investimento/lista/#/detalhes/9a7aa29a-6bbe-4eb6-b3a6-1e9db0798e21,0.005461513102797,74917853.89
21732670000172,Capitânia Reit Institucional FIC de FIF Multimercado RL,fundos,Multimercado,Multimercados Estratégia Específica,Alternativo Líquido,13,0,,Capitânia Capital,Investidores qualificados,"Os rendimentos das aplicações ficarão sujeitos à retenção na fonte do IRRF à alíquota de 15% (quinze por cento) na data da distribuição de rendimentos, da amortização ou do resgate de cotas.",501.9,ABERTO,90,0.0055000000000000005,0.2,IFIX,https://www.xpi.com.br/investimentos/fundos-de-investimento/lista/#/detalhes/eaade580-ff5f-4fe9-bcac-b8c46e33b4dd,0.0684428335870017,65520289.33
63435661000160,Capitânia Reit Institucional II FIFM CP - RL,fundos,Multimercado,Multimercados Estratégia Específica,Alternativo Líquido,30,0,,Capitânia Capital,Investidores qualificados,Longo Prazo,500,ABERTO,90,0.0055000000000000005,0.2,CDI,https://www.xpi.com.br/investimentos/fundos-de-investimento/lista/#/detalhes/8662eb9e-9a0f-4f84-a361-b6a45bfb8ce5,,17196440.25
13615411000133,Capitânia TOP CP FIC de FIF RF RL,fundos,Renda Fixa,Renda Fixa Duração Média Crédito Livre,Crédito Liquidez,10,0,,Capitânia Capital,Investidores em geral,"Longo Prazo - Alíquota regressiva de IR de 22,5% a 15,0% incidida sobre o lucro obtido no momento do resgate.",1000,ABERTO,1,0.0032,,CDI,https://www.xpi.com.br/investimentos/fundos-de-investimento/lista/#/detalhes/e6fc1e1e-ba35-42eb-9413-a15b0c61527d,0.0846627526174854,160791750.09
54497340000107,Capsigma I FIC FI Financeiro Ações,fundos,Ações,Ações Investimento no Exterior,Renda Variável Long Only,26,0,,Capsigma Investment Partners,Investidores qualificados,Ações,50000,ABERTO,62,0.019,0.2,Ibovespa,https://www.xpi.com.br/investimentos/fundos-de-investimento/lista/#/detalhes/a0949d89-b152-4911-a7a8-f4c72dae2c9a,0.168921504341682,10313432.29
54372773000128,Capstone Macro Feeder Advisory FIC Multimercado,fundos,Multimercado,Multimercados Livre,Macro Média Vol,13,0,,XP Advisory,Investidores qualificados,Renda Variável,15000,FECHADO,92,0.0007000000000000001,,CDI,https://www.xpi.com.br/investimentos/fundos-de-investimento/lista/#/detalhes/be441d3c-c220-4c1a-a9ea-431b58047391,0.0672064018802764,320858574.82
41955511000144,Clave Alpha Macro Advisory II FIF CIC Multi RL,fundos,Multimercado,Multimercados Macro,Macro Alta Vol,13,0,,BTG Pactual Asset Management,Investidores qualificados,Longo Prazo,500,FECHADO,31,0.018799999999999997,0.2,CDI,https://www.xpi.com.br/investimentos/fundos-de-investimento/lista/#/detalhes/83b15d0a-e8ca-4623-8782-c040422d915a,0.1572115769062905,1967088.32
35408329000170,Compass Credit Selection FIC de FIF RF CP LP RL,fundos,Renda Fixa,Renda Fixa Duração Livre Crédito Livre,Crédito Liquidez,11,0,4,Compass Group Investimentos,Investidores em geral,"Longo Prazo - Alíquota regressiva de IR de 22,5% a 15,0% incidida sobre o lucro obtido no momento do resgate.",500,ABERTO,1,0.0034999999999999996,,CDI,https://www.xpi.com.br/investimentos/fundos-de-investimento/lista/#/detalhes/70cb7736-d6eb-4f1b-998b-2306c07dcc2d,0.1505216433365601,1654012253.35
47936719000100,Compass High Yield 180 Advisory FIF em Cotas de FIM,fundos,Multimercado,Multimercados Livre,Crédito High Yield,13,0,,Compass Group Investimentos,Investidores qualificados,Longo Prazo,1000,ABERTO,181,0.013600000000000001,0.15,CDI,https://www.xpi.com.br/investimentos/fundos-de-investimento/lista/#/detalhes/eb9ef72c-81c3-4554-b41e-e7d1cef4fe9a,0.1739322683322099,203576814.72
36318479000156,Compass Yield 30 FIF RF CP LP RL,fundos,Renda Fixa,Renda Fixa Duração Livre Crédito Livre,Crédito High Grade,11,0,,Compass Group Investimentos,Investidores em geral,Longo Prazo,500,ABERTO,30,0.006,0.1,CDI,https://www.xpi.com.br/investimentos/fundos-de-investimento/lista/#/detalhes/705e3e72-f858-4791-b437-28018d894f9a,0.1536144602981748,1922476937.12
46157305000102,Concept Tech FIP Multiestratégia RL,fundos,Participações - Multiestratégia,Fundos de Participações,Alternativo Ilíquido,50,0,,TMF BRASIL SERVICOS DE ADMINISTRACAO DE FUNDOS LTDA,Investidores qualificados,FIP,20000,FECHADO,0,0.0012,0.2,-,https://www.xpi.com.br/investimentos/fundos-de-investimento/lista/#/detalhes/369c1392-b753-41b0-80e1-c492399697d1,,131401829.09
36352596000136,Constellation Global FIF em Cotas de FIA,fundos,Ações,Ações Livre,Renda Variável Long Only,46,0,,Constellation Asset Management,Investidores qualificados,"Renda Variável - Alíquota de IR de 15% incidida sobre o lucro obtido no momento do resgate._x000D_
",5000,ABERTO,62,0.02,0.2,-,https://www.xpi.com.br/investimentos/fundos-de-investimento/lista/#/detalhes/49476d1c-8d2c-4298-be4c-2a00d63ac50b,0.1258140669946679,16090951.69
34462109000162,Constellation Institucional Advisory FIC de Ações RL,fundos,Ações,Ações Livre,Renda Variável Long Only,38,0,2,Constellation Asset Management,Investidores em geral,Renda Variável - Alíquota de IR de 15% incidida sobre o lucro obtido no momento do resgate.,500,ABERTO,62,0.019799999999999998,0.2,Ibovespa,https://www.xpi.com.br/investimentos/fundos-de-investimento/lista/#/detalhes/b23bc630-0fdf-497c-9e26-499f13941555,0.0578660807428599,159177925.61
39774487000103,Crescera Growth Capital V FIP Multi - Classe A,fundos,Participações - Multiestratégia,Fundos de Participações,Alternativo Ilíquido,50,0,,XP Allocation Asset Management LTDA.,Investidores qualificados,FIP,20000,FECHADO,0,0.005,,IPCA,https://www.xpi.com.br/investimentos/fundos-de-investimento/lista/#/detalhes/ab352027-5b5c-4197-9ded-1575f5fb40af,,
33755672000166,Dahlia Ações Advisory FIF em FIC de FIA,fundos,Ações,Ações Índice Ativo,Renda Variável Long Only,26,0,3,Dahlia Capital,Investidores em geral,Renda Variável - Alíquota de IR de 15% incidida sobre o lucro obtido no momento do resgate.,500,ABERTO,17,0.018500000000000003,0.2,IBX,https://www.xpi.com.br/investimentos/fundos-de-investimento/lista/#/detalhes/5768b91b-7617-4e62-8248-e4586040558a,0.0766685389447008,15322454.13
35432385000140,Dahlia Macro Global FIC de FIF Multimercado RL,fundos,Multimercado,Multimercados Livre,Internacional Multimercado Não Hedgeado,13,0,3,Dahlia Capital,Investidores qualificados,"Longo Prazo: Haverá cobrança de IR no último dia útil dos meses de maio e novembro de cada ano sob a alíquota de 15% (“come-cotas”), ou no resgate, se ocorrido em data anterior, seguindo tabela regressiva partindo de 22,5% para intervalo entre aplicação e resgate menor do que 6 meses à 15% se o intervalo entre aplicação e resgate for maior do que 2 anos._x000D_
",1000,ABERTO,32,0.013500000000000002,0.15,CDI,https://www.xpi.com.br/investimentos/fundos-de-investimento/lista/#/detalhes/82308d09-5147-4671-8212-9affadb0ba0b,0.118620736651458,103023792.72
34309551000153,Dahlia Total Return Advisory FIC FIF Multi RL,fundos,Multimercado,Multimercados Livre,Renda Variável Long Biased,14,0,2,Dahlia Capital,Investidores em geral,Renda Variável - Alíquota de IR de 15% incidida sobre o lucro obtido no momento do resgate.,500,ABERTO,32,0.018500000000000003,0.2,-,https://www.xpi.com.br/investimentos/fundos-de-investimento/lista/#/detalhes/b7e5ab8f-2b09-4419-8632-ecff3df2965f,0.0998716181908669,380359590.24
14780356000108,Davos Estruturado FIM CP,fundos,Multimercado,Multimercados Livre,-,13,0,,XP Advisory,Exclusivo,"Longo Prazo_x000D_
",1003.8,FECHADO,1,0.0002,,CDI,https://www.xpi.com.br/investimentos/fundos-de-investimento/lista/#/detalhes/7429f158-5ece-47eb-8853-786adb96dfbf,0.2807414709278444,8615359320.28
29250121000173,Daycoval Classic 30 FIRF CP,fundos,Renda Fixa,Renda Fixa Duração Baixa Grau de Investimento,Crédito High Grade,2,0,3,Daycoval Asset Management,Investidores em geral,Longo Prazo,500,ABERTO,30,0.004,0.1,CDI,https://www.xpi.com.br/investimentos/fundos-de-investimento/lista/#/detalhes/c1cb4d42-2dc8-4c98-9709-e574e97f2f36,0.1511035302917438,1017308076.53
53799009000170,Daycoval Classic Advisory FIC FI Financeiro Renda,fundos,Renda Fixa,Renda Fixa Duração Baixa Grau de Investimento,Crédito Liquidez,2,0,,Daycoval Asset Management,Investidores em geral,Longo Prazo,500,ABERTO,1,0.005,,CDI,https://www.xpi.com.br/investimentos/fundos-de-investimento/lista/#/detalhes/306ce66d-5035-4c33-a40f-1e24480f4980,0.1477448243379782,264736398.82
50235197000116,Daycoval Classic Titulos Bancários FI RF CP,fundos,Renda Fixa,Renda Fixa Duração Baixa Grau de Investimento,Crédito Liquidez,2,0,,Daycoval Asset Management,Investidores em geral,Longo Prazo,500,ABERTO,1,0.0034999999999999996,,-,https://www.xpi.com.br/investimentos/fundos-de-investimento/lista/#/detalhes/f2ac726a-a536-41e1-9573-8cdb29f56425,0.1500514106950041,636096704.88
26142614000100,Daycoval Debêntures Incentivadas CP FIM,fundos,Multimercado,Renda Fixa Duração Livre Crédito Livre,Debêntures Incentivadas Não Hedgeado,11,0,2,Daycoval Asset Management,Investidores em geral,Debêntures Incentivadas,500,ABERTO,15,0.0075,,-,https://www.xpi.com.br/investimentos/fundos-de-investimento/lista/#/detalhes/4f91626d-23f4-4ac1-b598-214675a79897,0.0721575601335355,32830724.6
59079948000127,Daycoval TOP Juros Ativo FIF,fundos,Multimercado,Renda Fixa Duração Livre Grau de Investimento,Renda Fixa Ativo,10,0,,Daycoval Asset Management,Investidores em geral,Longo Prazo,500,ABERTO,1,0.0085,0.15,CDI,https://www.xpi.com.br/investimentos/fundos-de-investimento/lista/#/detalhes/f3d25fd4-f7a3-436e-964c-3363000f2810,,
52282978000197,Drys Shelter FIC FIF RF CP LP RL,fundos,Renda Fixa,Renda Fixa Duração Baixa Crédito Livre,Crédito Liquidez,4,0,,Equitas Investimentos,Investidores em geral,Longo Prazo,1000,ABERTO,1,0.004,,CDI,https://www.xpi.com.br/investimentos/fundos-de-investimento/lista/#/detalhes/9da8ebf5-adb5-41c7-b85b-71affad7b873,0.1478104489210936,429727672.04
31392355000105,EB Fibra FIP Multiestratégia RL,fundos,Participações - Multiestratégia,Fundos de Participações,Alternativo Ilíquido,50,0,,EB Capital,Investidores profissionais,"FIP_x000D_
",25000,FECHADO,0,0.02,0.2,-,https://www.xpi.com.br/investimentos/fundos-de-investimento/lista/#/detalhes/2084f54b-90cf-4d3a-a357-b40fd7056cea,,948751628.92
41593656000142,EB Futuro Sustentável FIP Multiestratégia Classe 2,fundos,Participações - Multiestratégia,Fundos de Participações,Alternativo Ilíquido,50,0,,EB CLIMATE PARTICIPAÇÕES LTDA,Investidores qualificados,FIP,25000,FECHADO,2,0.02,0.2,-,https://www.xpi.com.br/investimentos/fundos-de-investimento/lista/#/detalhes/1be6e4b0-139d-429c-b3bf-d70b2d028f19,,14595470.98
41593656000142,EB Futuro Sustentável FIP Multiestratégia RL Classe 1,fundos,Participações - Multiestratégia,Fundos de Participações,Alternativo Ilíquido,50,0,,EB CLIMATE PARTICIPAÇÕES LTDA,Investidores qualificados,FIP,25000,FECHADO,0,0.02,0.2,IPCA,https://www.xpi.com.br/investimentos/fundos-de-investimento/lista/#/detalhes/57eb232a-214c-4461-bc17-fd1abec2a6fe,,14595470.98
57998318000120,EXA Cash I FIRF DI RL,fundos,Renda Fixa,Renda Fixa Duração Livre Crédito Livre,Crédito Liquidez,11,0,,EXA CAPITAL ASSET LTDA,Investidores em geral,Longo Prazo,100,ABERTO,0,0.0025,,CDI,https://www.xpi.com.br/investimentos/fundos-de-investimento/lista/#/detalhes/550a4aea-d922-4d72-bc49-5f7ff4498133,0.1449209328439515,68509038.67
35755044000106,EXXB11 - XP Exeter Desenvolvimento Logistico I - Classe B,fundos,Investimento Imobiliário,FII Desenvolvimento para Venda Gestão Ativa,Fundo Listado,26,0,, XP VISTA ASSET MANAGMENT LTDA,Investidores qualificados,FII,1000000,FECHADO,0,0.02,0.2,-,https://www.xpi.com.br/investimentos/fundos-de-investimento/lista/#/detalhes/d41bb787-e7ac-4488-bb4f-6bfc7336b25b,,
35755044000106,EXXP11 - XP Exeter Desenvolvimento Logistico - Classe A,fundos,Investimento Imobiliário,FII Desenvolvimento para Venda Gestão Ativa,Fundo Listado,26,0,, XP VISTA ASSET MANAGMENT LTDA,Investidores qualificados,FII,25000,FECHADO,0,0.005,0.2,CDI,https://www.xpi.com.br/investimentos/fundos-de-investimento/lista/#/detalhes/ff84077b-9823-4417-989d-9fad16474d6a,,
37487547000173,Encore Ações Advisory FIC Ações RL,fundos,Ações,Ações Livre,Renda Variável Long Only,26,0,,Encore Investimentos,Investidores em geral,"Renda Variável - Alíquota de IR de 15% incidida sobre o lucro obtido no momento do resgate._x000D_
",500,ABERTO,32,0.018799999999999997,0.2,Ibovespa,https://www.xpi.com.br/investimentos/fundos-de-investimento/lista/#/detalhes/97bafab7-8b6c-4dd9-b004-d237bfd1cd8d,-0.0361829752676509,9414474.22
50493115000133,Encore Fundo Mútuo de Privatização - FGTS Carteira Livre RL,fundos,Privatização,Ações FMP - FGTS,Renda Variável Long Only,26,0,,Encore Investimentos,Investidores em geral,Ações,500,FECHADO,5,0.02,,-,https://www.xpi.com.br/investimentos/fundos-de-investimento/lista/#/detalhes/c5c16577-fefb-4331-934a-c5f26dc8780a,-0.040347398675345,22980488.89
37487500000100,Encore LB Advisory FIC Multimercado RL,fundos,Multimercado,Multimercados Livre,Renda Variável Long Biased,25,1,,Encore Investimentos,Investidores em geral,"Renda Variável - Alíquota de IR de 15% incidida sobre o lucro obtido no momento do resgate._x000D_
",500,ABERTO,32,0.018799999999999997,0.2,-,https://www.xpi.com.br/investimentos/fundos-de-investimento/lista/#/detalhes/629d6ad7-ebee-485e-884d-1db4a5ef652b,-0.1014196113159515,71922891.48
60306622000174,Encore Long & Short FIF em Ações - Subclasse B,fundos,Ações,Ações Livre,Long Short Neutro,26,0,,Encore Investimentos,Investidores qualificados,Ações,500,ABERTO,32,0.02,0.2,-,https://www.xpi.com.br/investimentos/fundos-de-investimento/lista/#/detalhes/9b8cbb18-043e-42cf-9f68-7ef9d5896ffe,0.0974523825695967,11663481.12
62808774000109,Encore Valor Dividendos FIF em Ações RL - Subclasse Encore,fundos,Ações,Ações Dividendos,Renda Variável Dividendos,26,0,,Encore Investimentos,Não definido,Ações,500,ABERTO,32,0.02,0.2,IDIV,https://www.xpi.com.br/investimentos/fundos-de-investimento/lista/#/detalhes/87b4b119-d742-4097-8e0b-cf5fd22ca71d,,49345120.2
34626199000180,EnterCapital Turing FIF CIC Mult RL - Subclasse III,fundos,Multimercado,Multimercados Livre,Quantitativo,13,0,2,EnterCapital Investimentos,Investidores em geral,"Longo Prazo_x000D_
",1000,ABERTO,16,0.0199,0.2,-,https://www.xpi.com.br/investimentos/fundos-de-investimento/lista/#/detalhes/7cadb1c1-1c5f-4ce5-88df-7367cb9b6aae,,
36318544000143,Equitas Selection Advisory FIC FIF Ações - Resp Limitada,fundos,Ações,Ações Investimento no Exterior,Renda Variável Long Only,46,0,,Equitas Investimentos,Investidores em geral,Renda Variável - Alíquota de IR de 15% incidida sobre o lucro obtido no momento do resgate.,500,FECHADO,32,0.02,0.2,Ibovespa,https://www.xpi.com.br/investimentos/fundos-de-investimento/lista/#/detalhes/df328482-a121-489d-8571-5fba7925c32b,0.4292728298723063,4879945.11
12004203000135,Equitas Selection FIC FIF FIA RL,fundos,Ações,Ações Investimento no Exterior,Renda Variável Long Only,46,0,2,Equitas Investimentos,Investidores em geral,Renda Variável - Alíquota de IR de 15% incidida sobre o lucro obtido no momento do resgate.,5000,ABERTO,32,0.02,0.2,Ibovespa,https://www.xpi.com.br/investimentos/fundos-de-investimento/lista/#/detalhes/7c6b09c6-ce63-4e47-9c1f-a504eb4737ad,0.4471724460179742,143247534.34
46391343000125,Equitas Vision FIC FIF em Ações - RL,fundos,Ações,Ações Livre,Renda Variável Long Only,26,0,,Equitas Investimentos,Investidores em geral,Ações,1000,ABERTO,32,0.02,0.2,IBX,https://www.xpi.com.br/investimentos/fundos-de-investimento/lista/#/detalhes/b83c7dad-d33f-4b17-bc26-7f1d5ffb04ec,0.3128354299391009,27016843.39
61232706000173,Exa Renda High Grade FII,fundos,Investimento Imobiliário,-,Fundo Listado,33,0,,EXA CAPITAL ASSET LTDA,Não definido,FII,100,FECHADO,0,0.012,0.2,CDI,https://www.xpi.com.br/investimentos/fundos-de-investimento/lista/#/detalhes/460ab619-41db-44e1-ba7c-5a0b9c9fbb71,,
68785530000126,Experience Infra II,fundos,Renda Fixa,-,Debêntures Incentivadas Hedgeado,1,0,,XP Asset Management,Não definido,Debêntures Incentivadas,20000,FECHADO,1,0.002,,CDI,https://www.xpi.com.br/investimentos/fundos-de-investimento/lista/#/detalhes/6372cd27-9936-430e-b9ef-9d257003f7bd,,
19628666000117,Exploritas America Latina FIF em Cotas de FIM,fundos,Multimercado,Multimercados Livre,Multiestratégia,30,0,3,Exploritas Investimentos,Investidores em geral,Ações,5000,ABERTO,33,0.02,0.2,CDI,https://www.xpi.com.br/investimentos/fundos-de-investimento/lista/#/detalhes/9aa826e0-2ea1-4729-9b92-d8f61622e090,-0.3718747183146345,14772685.47
36243944000137,FIC FIM XP Special Situations II Capital CP LP RL,fundos,Multimercado,Multimercados Estratégia Específica,Alternativo Ilíquido,50,0,, XP VISTA ASSET MANAGMENT LTDA,Investidores profissionais,FIP,1000000,FECHADO,0,0.02,0.15,CDI,https://www.xpi.com.br/investimentos/fundos-de-investimento/lista/#/detalhes/5d67b673-959b-42a5-affb-edb874b8bb09,,314925603.7
00601692000123,Fama FIC FIF em Ações RL,fundos,Ações,Ações Valor/Crescimento,Renda Variável Long Only,48,0,2,Fama Investimentos,Investidores em geral,Renda Variável - Alíquota de IR de 15% incidida sobre o lucro obtido no momento do resgate.,1000,FECHADO,59,0.02,0.2,Ibovespa,https://www.xpi.com.br/investimentos/fundos-de-investimento/lista/#/detalhes/e6a2315d-73d0-45e4-92f1-e2f3887a52b1,,
60489595000112,First Trust Megatrend FIA RL,fundos,Ações,Ações Investimento no Exterior,Internacional Ações Hedgeado,26,0,,XP Allocation Asset Management LTDA.,Investidores em geral,Ações,100,ABERTO,3,0.01,,CDI,https://www.xpi.com.br/investimentos/fundos-de-investimento/lista/#/detalhes/6165b81b-8721-4957-b0ad-b15b3a9d5c39,0.3614821766006026,38882430.15
21917184000129,Forpus Ações FIC FIF em Ações RL,fundos,Ações,Ações Índice Ativo,Renda Variável Long Only,45,0,2,Forpus Capital,Investidores em geral,"Renda Variável - Alíquota de IR de 15% incidida sobre o lucro obtido no momento do resgate._x000D_
",1000,ABERTO,32,0.02,0.2,Ibovespa,https://www.xpi.com.br/investimentos/fundos-de-investimento/lista/#/detalhes/f37b4303-188f-4980-98e7-709e57284e6d,0.0712592698456815,159817086.68
37887638000104,Forpus Multiestratégia FIF Multimercado LP RL,fundos,Multimercado,Multimercados Macro,Multiestratégia,13,0,,Forpus Capital,Investidores em geral,"Longo Prazo_x000D_
_x000D_
",1000,ABERTO,16,0.0175,0.2,CDI,https://www.xpi.com.br/investimentos/fundos-de-investimento/lista/#/detalhes/43814feb-141d-49b5-93d9-bb792a3a73b5,0.0753304719558065,11227323.87
28320600000156,Franklin Clearbridge Ações EUA Growth CIA IE RL,fundos,Ações,Ações Investimento no Exterior,Internacional Ações Hedgeado,26,0,,FRANKLIN TEMPLETON BRASIL LTDA.,Exclusivo,Renda Variável - Alíquota de IR de 15% incidida sobre o lucro obtido no momento do resgate.,500,ABERTO,5,0.01,,-,https://www.xpi.com.br/investimentos/fundos-de-investimento/lista/#/detalhes/5f7171eb-ca4d-423e-aa27-9f4f8ead308a,0.1392319082420774,297052864.29
02895694000106,Franklin Valor e Liquidez FVL FIF em Ações RL,fundos,Ações,Ações Livre,Renda Variável Long Only,26,0,3,FRANKLIN TEMPLETON BRASIL LTDA.,Investidores em geral,Renda Variável - Alíquota de IR de 15% incidida sobre o lucro obtido no momento do resgate.,5000,ABERTO,3,0.02,0.2,Ibovespa,https://www.xpi.com.br/investimentos/fundos-de-investimento/lista/#/detalhes/f1e7bd09-5502-4cbc-8d44-19ca37eea8a2,0.1242840596049497,68420385.18
55577828000107,Fundo 24 Horas FIRF RL,fundos,Renda Fixa,Renda Fixa Duração Livre Crédito Livre,Referenciado DI Soberano,2,0,,XP Allocation Asset Management LTDA.,Investidores em geral,Longo Prazo,100,ABERTO,0,0.004,,CDI,https://www.xpi.com.br/investimentos/fundos-de-investimento/lista/#/detalhes/8b56fe1a-a50b-4f0b-9d87-e86f1ca42787,0.1422611169537486,1853781020.56
36352767000127,GAMA MAN AHL TARGET RISK USD FIM IE RL,fundos,Multimercado,Multimercados Investimento no Exterior,Internacional Multimercado Hedgeado,26,0,,Gama Investimentos,Investidores qualificados,Longo Prazo,250000,ABERTO,6,0.002,,CDI,https://www.xpi.com.br/investimentos/fundos-de-investimento/lista/#/detalhes/0b0b93a7-32b8-48a0-8ba8-9911f8e5f25c,0.1366009455070231,47557700.9
09143435000160,GTI Dimona Brasil FIF em Ações RL - Subclasse I,fundos,Ações,Ações Valor/Crescimento,Renda Variável Small/Mid Caps,30,0,4,GTI Investimentos,Investidores em geral,"Renda Variável - Alíquota de IR de 15% incidida sobre o lucro obtido no momento do resgate._x000D_
",1000,ABERTO,17,0.02,0.15,Ibovespa,https://www.xpi.com.br/investimentos/fundos-de-investimento/lista/#/detalhes/a2817053-e786-4311-a7bb-5502edeae054,0.090488296498308,218537605.63
35717650000137,GTI Nimrod FIF em Ações RL,fundos,Ações,Ações Índice Ativo,Renda Variável Long Only,26,0,5,GTI Investimentos,Investidores em geral,"Renda Variavel_x000D_
",500,ABERTO,17,0.02,0.2,Ibovespa,https://www.xpi.com.br/investimentos/fundos-de-investimento/lista/#/detalhes/e59b8039-e6d2-467b-a68b-f5d6504e48f0,0.0490039062171723,27835364.52
36440431000116,Galapagos Evolution FIF FIC FIM,fundos,Multimercado,Multimercados Livre,Internacional Macro Hedgeado,13,0,,Galápagos Capital,Investidores qualificados,Longo Prazo,5000,FECHADO,31,0.02,0.2,CDI,https://www.xpi.com.br/investimentos/fundos-de-investimento/lista/#/detalhes/d7fff30e-2ed5-49c8-848c-f5d9d67baeb7,,
36327569000103,Gama BW All Weather@12% USD FIC FIM IE RL,fundos,Multimercado,Multimercados Investimento no Exterior,Internacional Multimercado Não Hedgeado,33,0,,Gama Investimentos,Investidores profissionais,"Longo Prazo: Haverá cobrança de IR no último dia útil dos meses de maio e novembro de cada ano sob a alíquota de 15% (“come-cotas”), ou no resgate, se ocorrido em data anterior, seguindo tabela regressiva partindo de 22,5% para intervalo entre aplicação e resgate menor do que 6 meses à 15% se o intervalo entre aplicação e resgate for maior do que 2 anos._x000D_
",50000,FECHADO,38,0.004,,CDI,https://www.xpi.com.br/investimentos/fundos-de-investimento/lista/#/detalhes/0300501f-d9ba-42ab-a853-6563f6aa0e7e,0.1337268746731483,29959977.95
34447464000162,Gama Bridgewater Global Risk Premium USD FIM IE,fundos,Multimercado,Multimercados Investimento no Exterior,Internacional Multimercado Não Hedgeado,33,0,1,Gama Investimentos,Investidores profissionais,"Longo Prazo: Haverá cobrança de IR no último dia útil dos meses de maio e novembro de cada ano sob a alíquota de 15% (“come-cotas”), ou no resgate, se ocorrido em data anterior, seguindo tabela regressiva partindo de 22,5% para intervalo entre aplicação e resgate menor do que 6 meses à 15% se o intervalo entre aplicação e resgate for maior do que 2 anos._x000D_
",1000000,ABERTO,38,0.002,,CDI,https://www.xpi.com.br/investimentos/fundos-de-investimento/lista/#/detalhes/69a921db-127f-4fe1-9a7b-80e54d4c9d9d,0.1395425512619246,33690616.65
51835937000118,Gama Pearl Diver Global Floating Income BRL FIC FIM IE RL,fundos,Multimercado,Multimercados Investimento no Exterior,Internacional Renda Fixa Hedgeado,26,1,,Gama Investimentos,Investidores qualificados,Longo Prazo,5000,FECHADO,37,0.006500000000000001,,CDI,https://www.xpi.com.br/investimentos/fundos-de-investimento/lista/#/detalhes/0938072b-d54d-428b-90a6-8afb553b735e,0.134285407092777,92895077.14
35744790000102,Gama Schroder Gaia Contour Tech Equity LS BRL FIF CIC Multimercado IE RL,fundos,Multimercado,Multimercados Investimento no Exterior,Internacional Multimercado Hedgeado,26,0,,Gama Investimentos,Investidores qualificados,Longo Prazo,1000,FECHADO,5,0.0075,,-,https://www.xpi.com.br/investimentos/fundos-de-investimento/lista/#/detalhes/4f4d5c75-e6db-4952-b6cb-fe08a8793608,0.2183828961429177,276559710.12
37405108000174,Gama Wellington Schroder Gaia BRL FIF CIC Multimercado IE RL,fundos,Multimercado,Multimercados Investimento no Exterior,Internacional Multimercado Hedgeado,26,0,,Gama Investimentos,Investidores qualificados,"Longo Prazo: Haverá cobrança de IR no último dia útil dos meses de maio e novembro de cada ano sob a alíquota de 15% (“come-cotas”), ou no resgate, se ocorrido em data anterior, seguindo tabela regressiva partindo de 22,5% para intervalo entre aplicação e resgate menor do que 6 meses à 15% se o intervalo entre aplicação e resgate for maior do que 2 anos._x000D_
",1000,ABERTO,10,0.006500000000000001,,CDI,https://www.xpi.com.br/investimentos/fundos-de-investimento/lista/#/detalhes/5556358f-e046-49d8-928f-a4520ec515e6,0.1081563122873929,13951121.02
39317019000100,Genoa Capital Arpa Advisory CIC CIA RL,fundos,Ações,Ações Livre,Renda Variável Long Biased,26,0,,Genoa Capital,Investidores qualificados,"Renda Variável - Alíquota de IR de 15% incidida sobre o lucro obtido no momento do resgate._x000D_
",500,ABERTO,32,0.019,0.2,IPCA + Yield IMA-B,https://www.xpi.com.br/investimentos/fundos-de-investimento/lista/#/detalhes/bb4acc23-9a96-47da-99ed-ba605c3acd44,0.0652356956040767,75773567.42
36017731000197,Genoa Capital Radar Advisory CIC Multimercado RL,fundos,Multimercado,Multimercados Livre,Macro Média Vol,13,1,,Genoa Capital,Investidores em geral,"Longo Prazo: Haverá cobrança de IR no último dia útil dos meses de maio e novembro de cada ano sob a alíquota de 15% (“come-cotas”), ou no resgate, se ocorrido em data anterior, seguindo tabela regressiva partindo de 22,5% para intervalo entre aplicação e resgate menor do que 6 meses à 15% se o intervalo entre aplicação e resgate for maior do que 2 anos._x000D_
",500,ABERTO,31,0.019,0.2,CDI,https://www.xpi.com.br/investimentos/fundos-de-investimento/lista/#/detalhes/838a2efa-690c-46c9-9183-59c05dc36e19,0.1447849531023206,866355625.58
48997077000104,Genoa Capital Sagres I FIF CIC Multimercado RL,fundos,Multimercado,Multimercados Livre,Quantitativo,13,0,,Genoa Capital,Investidores qualificados,Longo Prazo,500,ABERTO,31,0.019,0.2,CDI,https://www.xpi.com.br/investimentos/fundos-de-investimento/lista/#/detalhes/40dc5b74-16e9-43c0-bbf5-a67fd4ff004a,0.1226340560968952,610294325.18
28075532000107,Geo Empresas Globais em Dolares FIC FIF Ações IE - Resp Limitada,fundos,Ações,Ações Investimento no Exterior,Internacional Ações Não Hedgeado,26,0,3,GEO Capital,Investidores qualificados,Renda Variável - Alíquota de IR de 15% incidida sobre o lucro obtido no momento do resgate.,1000,ABERTO,34,0.018000000000000002,0.2,-,https://www.xpi.com.br/investimentos/fundos-de-investimento/lista/#/detalhes/ac982444-9677-425f-5e29-08d501045135,0.0024660634552344,29641326.31
32102192000133,Geo Empresas Globais em Reais FIC FIF Ações IE RL,fundos,Ações,Ações Investimento no Exterior,Internacional Ações Hedgeado,26,0,5,GEO Capital,Investidores qualificados,Renda Variável - Alíquota de IR de 15% incidida sobre o lucro obtido no momento do resgate.,1000,ABERTO,34,0.02,0.2,-,https://www.xpi.com.br/investimentos/fundos-de-investimento/lista/#/detalhes/c7b029ef-a2da-4565-8e57-f2cc8e3df32d,0.0978835626759695,4814921.04
58943835000165,Giant Cash FIRF LP,fundos,Renda Fixa,Renda Fixa Duração Média Grau de Investimento,Crédito Liquidez,6,0,,DAO Capital,Investidores em geral,Longo Prazo,500,ABERTO,1,0.005,0.2,CDI,https://www.xpi.com.br/investimentos/fundos-de-investimento/lista/#/detalhes/3d9cade7-a5e1-42e0-ab2f-bdf43864d0ff,0.1505575969821873,1166296778.82
40920066000114,Giant DAO Multifactor LB FIF em Cotas de FIM,fundos,Multimercado,Multimercados Long and Short Direcional,Renda Variável Long Biased,15,0,,DAO Capital,Investidores em geral,Renda Variavel,500,ABERTO,32,0.018000000000000002,0.2,-,https://www.xpi.com.br/investimentos/fundos-de-investimento/lista/#/detalhes/5079d35b-3f83-4f4a-80ea-6633a4b999dc,0.0860473532977941,61399851.6
41075713000100,Giant Darius Advisory FIC de FIF Multimercado RL,fundos,Multimercado,Multimercados Livre,Quantitativo,13,0,,Giant Steps Capital,Investidores em geral,"Longo Prazo_x000D_
",1000,ABERTO,32,0.0195,0.2,CDI,https://www.xpi.com.br/investimentos/fundos-de-investimento/lista/#/detalhes/fdabbe4a-4a8c-499a-8df8-d09c29cc3f9e,0.1007861659419622,22401797.64
67226336000148,Giant Markov Crédito Bancário FIF RF CP LP RL,fundos,Renda Fixa,Renda Fixa Duração Livre Grau de Investimento,Crédito Liquidez,10,0,,DAO Capital,Não definido,Longo Prazo,500,ABERTO,1,0.004,0.1,CDI,https://www.xpi.com.br/investimentos/fundos-de-investimento/lista/#/detalhes/fab65ebf-f485-4a84-82b2-e84513c65b1c,,39089112.07
34186116000189,Giant Sigma Advisory FIC de FIF Multimercado RL,fundos,Multimercado,Multimercados Livre,Quantitativo,13,0,2,Giant Steps Capital,Investidores em geral,"Longo Prazo - Alíquota regressiva de IR de 22,5% a 15,0% incidida sobre o lucro obtido no momento do resgate.",500,ABERTO,12,0.014499999999999999,0.2,CDI,https://www.xpi.com.br/investimentos/fundos-de-investimento/lista/#/detalhes/be42e3db-9fc7-4fc4-a043-d2df9cf0170e,0.1048978442833425,25460072.39
35940266000107,Giant Zarathustra Advisory FIC de FIF Multimercado RL,fundos,Multimercado,Multimercados Livre,Quantitativo,13,0,,ZEITGEIST TECH INVESTIMENTOS LTDA,Investidores em geral,"Longo Prazo: Haverá cobrança de IR no último dia útil dos meses de maio e novembro de cada ano sob a alíquota de 15% (“come-cotas”), ou no resgate, se ocorrido em data anterior, seguindo tabela regressiva partindo de 22,5% para intervalo entre aplicação e resgate menor do que 6 meses à 15% se o intervalo entre aplicação e resgate for maior do que 2 anos._x000D_
",10000,ABERTO,32,0.0095,0.275,CDI,https://www.xpi.com.br/investimentos/fundos-de-investimento/lista/#/detalhes/2d937f7a-e6e2-444c-9e68-aae5f1cde7b6,0.1087526996441741,79177503.09999998
08830947000131,Guepardo Institucional FIF em Cotas FIA RL,fundos,Ações,Ações Livre,Renda Variável Long Only,26,0,4,Guepardo Investimentos,Investidores em geral,Renda Variável - Alíquota de IR de 15% incidida sobre o lucro obtido no momento do resgate.,5000,ABERTO,32,0.019,0.2,Ibovespa,https://www.xpi.com.br/investimentos/fundos-de-investimento/lista/#/detalhes/3a40b5da-d3ee-4e2f-b692-0ab85e4f51e2,0.2700540360961041,2563684080.58
60958603000122,HIRS11 - Hire Residencial II FII RL,fundos,Investimento Imobiliário,-,Alternativo Ilíquido,50,0,,HIRE GESTÃO DE RECURSOS LTDA.,Não definido,FII,5000,FECHADO,0,0.0015,0.2,IPCA,https://www.xpi.com.br/investimentos/fundos-de-investimento/lista/#/detalhes/d7dba679-1211-4528-a82e-4a726db2c5d9,,
32890800000111,HIX Capital Advisory FIC FIA,fundos,Ações,Ações Livre,Renda Variável Long Only,32,0,3,Hix Capital,Investidores qualificados,Renda Variável - Alíquota de IR de 15% incidida sobre o lucro obtido no momento do resgate.,500,ABERTO,87,0.0194,0.2,-,https://www.xpi.com.br/investimentos/fundos-de-investimento/lista/#/detalhes/3a8f4506-1377-4481-8ac0-3325c7139d7d,0.1695950710716349,53820187.97
22662135000155,HIX Capital Institucional FIF em Cotas de FIA,fundos,Ações,Ações Livre,Renda Variável Long Only,31,0,3,Hix Capital,Investidores em geral,"Renda Variável_x000D_
",1000,ABERTO,62,0.0194,0.2,Ibovespa,https://www.xpi.com.br/investimentos/fundos-de-investimento/lista/#/detalhes/9b560852-d631-4aa4-b005-588f3bd51a78,0.1413773022530218,178019964.44
33736845000107,Hashdex 100 Nasdaq Crypto Index FIM RL - Subclasse Hashdex 100,fundos,Multimercado,Multimercados Estratégia Específica,Alternativo Líquido,50,0,,Hashdex Investimentos,Investidores em geral,"Renda Variável: os cotistas serão tributados pelo IR na fonte à alíquota de 15%_x000D_
(quinze por cento) exclusivamente na data da distribuição de_x000D_
rendimentos ou no resgate das cotas",500,ABERTO,6,0.006999999999999999,,-,https://www.xpi.com.br/investimentos/fundos-de-investimento/lista/#/detalhes/e4633f53-f80e-46e2-8995-0db1a4a752f8,,
33736873000116,Hashdex 20 Nasdaq Crypto Index FIF em Cotas de FIM,fundos,Multimercado,Multimercados Estratégia Específica,Alternativo Líquido,15,0,,Hashdex Investimentos,Investidores em geral,"Longo Prazo: Haverá cobrança de IR no último dia útil dos meses de maio e novembro de cada ano sob a alíquota de 15% (“come-cotas”), ou no resgate, se ocorrido em data anterior, seguindo tabela regressiva partindo de 22,5% para intervalo entre aplicação e resgate menor do que 6 meses à 15% se o intervalo entre aplicação e resgate for maior do que 2 anos._x000D_
",500,ABERTO,6,0.01,,CDI,https://www.xpi.com.br/investimentos/fundos-de-investimento/lista/#/detalhes/dfc3800b-e154-4dd6-a840-c5508c3364be,0.0163991941720336,162147264.17
35088108000162,Hashdex 40 Nasdaq Crypto Index FIF em Cotas de FIM,fundos,Multimercado,Multimercados Estratégia Específica,Alternativo Líquido,32,0,,Hashdex Investimentos,Investidores em geral,"Longo Prazo - Alíquota regressiva de IR de 22,5% a 15,0% incidida sobre o lucro obtido no momento do resgate.",500,ABERTO,6,0.01,,CDI,https://www.xpi.com.br/investimentos/fundos-de-investimento/lista/#/detalhes/ce6c79c7-ce98-4bd2-98e4-7cda2637a9ec,-0.0868270311574538,169475726.41
36986672000165,Hashdex Bitcoin FIM RL,fundos,Multimercado,Multimercados Estratégia Específica,Alternativo Líquido,70,0,,Hashdex Investimentos,Investidores em geral,"Renda Variável: Os rendimentos das aplicações ficarão sujeitos à retenção na fonte do IRRF à alíquota de 15% (quinze por cento) na data da distribuição de rendimentos, da amortização ou do resgate de cotas.",500,ABERTO,6,0.006999999999999999,,-,https://www.xpi.com.br/investimentos/fundos-de-investimento/lista/#/detalhes/3098f318-1078-4692-8208-07324b4f35da,-0.3244603864231793,450789897.21
40212940000169,Hashdex Crypto Top Perfomers FIC de FIF Multimercado RL,fundos,Multimercado,Multimercados Estratégia Específica,Alternativo Líquido,59,0,,Hashdex Investimentos,Investidores qualificados,Longo Prazo,500,ABERTO,6,0.006999999999999999,0.2,-,https://www.xpi.com.br/investimentos/fundos-de-investimento/lista/#/detalhes/82344ae2-5fb9-4809-a798-7be5494a7f15,-0.4912539177195992,5701926.4
44417355000156,Hashdex Defi FIM,fundos,Multimercado,Multimercados Estratégia Específica,Alternativo Líquido,66,0,,Hashdex Investimentos,Investidores em geral,"Renda Variável: Os rendimentos das aplicações ficarão sujeitos à retenção na fonte do IRRF à alíquota de 15% (quinze por cento) na data da distribuição de rendimentos, da amortização ou do resgate de cotas.",500,ABERTO,6,0.006999999999999999,,-,https://www.xpi.com.br/investimentos/fundos-de-investimento/lista/#/detalhes/c425a599-286d-4bc0-a73c-0667c10a27c0,-0.5580294735065456,8828220.71
44417431000123,Hashdex Ethereum FIM,fundos,Multimercado,Multimercados Estratégia Específica,Alternativo Líquido,64,0,,Hashdex Investimentos,Investidores em geral,"Renda Variável: Os rendimentos das aplicações ficarão sujeitos à retenção na fonte do IRRF à alíquota de 15% (quinze por cento) na data da distribuição de rendimentos, da amortização ou do resgate de cotas.",500,ABERTO,7,0.006999999999999999,,-,https://www.xpi.com.br/investimentos/fundos-de-investimento/lista/#/detalhes/72ce33c2-5581-4c20-b639-5fd2b4d26b27,-0.4588180973088939,10546126.27
44466443000148,Headline XP Venture Capital 3 FIP Multi - Classe A,fundos,Participações - Multiestratégia,Fundos de Participações,Alternativo Ilíquido,50,0,, XP VISTA ASSET MANAGMENT LTDA,Não definido,FIP,25000,FECHADO,1002,0.02,0.2,-,https://www.xpi.com.br/investimentos/fundos-de-investimento/lista/#/detalhes/09e69b41-c079-48b3-a828-09061d551053,,483926107.01
37262531000162,IDZA11 - XP IdeaZarvos,fundos,Investimento Imobiliário,FII Desenvolvimento para Venda Gestão Ativa,Fundo Listado,50,0,, XP VISTA ASSET MANAGMENT LTDA,Investidores qualificados,FII,10000,FECHADO,0,0.005,0.2,CDI,https://www.xpi.com.br/investimentos/fundos-de-investimento/lista/#/detalhes/5b27847a-2e9b-40cb-be18-3c10fbe372b5,,
46437903000135,IMOV11 - Navi Hedge Fund,fundos,Investimento Imobiliário,FII Híbrido Gestão Ativa,Fundo Listado,16,0,,Navi Capital,Investidores em geral,FII,10,FECHADO,0,0.015,0.2,IPCA + Yield IMA-B 5+,https://www.xpi.com.br/investimentos/fundos-de-investimento/lista/#/detalhes/68f1db78-2176-498e-9ad7-833b3de1a0a5,,
35939779000190,IP Atlas BRL FIC FIA RL,fundos,Ações,Ações Investimento no Exterior,Internacional Ações Hedgeado,27,0,,IP Capital Partners,Investidores qualificados,Ações,1000,ABERTO,9,0.015,0.15,-,https://www.xpi.com.br/investimentos/fundos-de-investimento/lista/#/detalhes/88ed7410-0020-4a5e-820f-a657dc644d91,0.0593289908602547,16396140.11
35939847000110,IP Atlas USD FIC FIF FIF Ações RL,fundos,Ações,Ações Livre,Internacional Ações Não Hedgeado,35,0,2,IP Capital Partners,Investidores em geral,"Renda Variável: Haverá cobrança de IR no momento do resgate sob a alíquota de 15% sobre o rendimento bruto obtido._x000D_
",1000,ABERTO,14,0.015,0.15,MSCI World,https://www.xpi.com.br/investimentos/fundos-de-investimento/lista/#/detalhes/6f9c40d6-9daf-4d25-8519-680c5955eafd,-0.0709126061307532,49998035.24
12082452000149,IP Participações IPG FIC FIF Ações RL,fundos,Ações,Ações Livre,Renda Variável Long Only,27,1,4,IP Capital Partners,Investidores em geral,Renda Variável - Alíquota de IR de 15% incidida sobre o lucro obtido no momento do resgate.,1000,ABERTO,32,0.02,0.2,IBX,https://www.xpi.com.br/investimentos/fundos-de-investimento/lista/#/detalhes/3db5c7d0-6d09-4e31-96c2-d1577cd9d119,0.0657659838976751,516871034.49
40796008000120,IP Value Hedge Advisory FIC de FIF Multimercado RL,fundos,Multimercado,Multimercados Livre,Long Short Direcional,14,0,,IP Capital Partners,Investidores qualificados,Renda Variavel,500,ABERTO,32,0.02,0.2,CDI,https://www.xpi.com.br/investimentos/fundos-de-investimento/lista/#/detalhes/996f4b08-b22f-423d-b1e4-14b30df2bf14,0.0477070597060111,43948965.85
54518925000158,Ibiuna Credit Debêntures Incentivadas Máster FI-Infra RF RL,fundos,Renda Fixa,Renda Fixa Duração Livre Crédito Livre,Debêntures Incentivadas Hedgeado,11,0,,Ibiuna Investimentos,Investidores em geral,Debêntures Incentivadas,1000,ABERTO,31,0.0076,0.2,CDI,https://www.xpi.com.br/investimentos/fundos-de-investimento/lista/#/detalhes/617744d7-f6da-4836-a136-ce2251cb6f25,,
37310657000165,Ibiuna Credit FIF CIC Multimercado CP RL,fundos,Multimercado,Multimercados Juros e Moedas,Crédito High Grade,12,0,,Ibiuna Investimentos,Investidores em geral,"Longo Prazo: Haverá cobrança de IR no último dia útil dos meses de maio e novembro de cada ano sob a alíquota de 15% (“come-cotas”), ou no resgate, se ocorrido em data anterior, seguindo tabela regressiva partindo de 22,5% para intervalo entre aplicação e resgate menor do que 6 meses à 15% se o intervalo entre aplicação e resgate for maior do que 2 anos._x000D_
",1000,ABERTO,31,0.0076,0.2,CDI,https://www.xpi.com.br/investimentos/fundos-de-investimento/lista/#/detalhes/15265f7e-d6fc-49b3-a6af-0b7acb1004bb,0.1481675719886832,1061148011.19
63611704000110,Ibiuna Credit IPCA+ FIF CI RF Incentivado Infra RL,fundos,Renda Fixa,Renda Fixa Duração Livre Crédito Livre,Debêntures Incentivadas Não Hedgeado,11,0,,Ibiuna Investimentos,Não definido,Debêntures Incentivadas,1000,ABERTO,31,0.0076,0.2,IMA-B 5,https://www.xpi.com.br/investimentos/fundos-de-investimento/lista/#/detalhes/f887c3ed-7f46-4332-8528-7ab37348ce0d,,4225278.6
13401715000106,Ibiuna Equities FIF CIC Ações RL,fundos,Ações,Ações Livre,Renda Variável Long Only,26,0,4,Ibiuna Investimentos,Investidores em geral,Renda Variável - Alíquota de IR de 15% incidida sobre o lucro obtido no momento do resgate.,100,ABERTO,4,0.0196,0.2,IBX,https://www.xpi.com.br/investimentos/fundos-de-investimento/lista/#/detalhes/4c27b012-8ce7-458b-b2d9-37262dc42075,0.0965285525495487,246696201.28
12154412000165,Ibiuna Hedge FIF FIM RL,fundos,Multimercado,Multimercados Macro,Macro Média Vol,13,0,4,Ibiuna Investimentos,Investidores em geral,"Longo Prazo - Alíquota regressiva de IR de 22,5% a 15,0% incidida sobre o lucro obtido no momento do resgate.",5000,ABERTO,16,0.0196,0.2,CDI,https://www.xpi.com.br/investimentos/fundos-de-investimento/lista/#/detalhes/bd9f6fff-4e7f-4dd8-9a09-fced50709aae,0.070110194682079,302561720.69
30493349000173,Ibiuna Hedge ST Advisory FIF CIC Multimercado RL,fundos,Multimercado,Multimercados Macro,Macro Alta Vol,13,0,,Ibiuna Investimentos,Investidores em geral,"Longo Prazo: Haverá cobrança de IR no último dia útil dos meses de maio e novembro de cada ano sob a alíquota de 15% (“come-cotas”), ou no resgate, se ocorrido em data anterior, seguindo tabela regressiva partindo de 22,5% para intervalo entre aplicação e resgate menor do que 6 meses à 15% se o intervalo entre aplicação e resgate for maior do que 2 anos._x000D_
",5000,ABERTO,31,0.0196,0.2,CDI,https://www.xpi.com.br/investimentos/fundos-de-investimento/lista/#/detalhes/b1ef254e-000c-4f4a-968a-1a4d6ee70be7,0.0454937041652716,594649011.01
17554200000199,Ibiuna Long Biased FIF CIC Multi RL,fundos,Multimercado,Multimercados Livre,Renda Variável Long Biased,19,0,4,Ibiuna Investimentos,Investidores em geral,Renda Variável - Alíquota de IR de 15% incidida sobre o lucro obtido no momento do resgate.,1000,ABERTO,32,0.0196,0.2,IMA-B,https://www.xpi.com.br/investimentos/fundos-de-investimento/lista/#/detalhes/fc2ad25c-fced-4512-9bfd-0f4144265a1f,-0.0500294268921063,135205742.25
29732926000153,Ibiuna Long Short Advisory FIF CIC Multimercado RL,fundos,Multimercado,Multimercados Long and Short Neutro,Long Short Neutro,12,1,,Ibiuna Investimentos,Investidores em geral,"Longo Prazo - Alíquota regressiva de IR de 22,5% a 15,0% incidida sobre o lucro obtido no momento do resgate.",1000,ABERTO,31,0.0196,0.2,CDI,https://www.xpi.com.br/investimentos/fundos-de-investimento/lista/#/detalhes/7f8a09da-6bdb-4a43-8813-a341878afb08,0.0060285254916343,147455624.48
64626717000126,Ibiuna RF Ativo Infra FIF CI RF Incentivado RL,fundos,Renda Fixa,Renda Fixa Duração Livre Crédito Livre,Outros -> Código Recebido: 54,11,0,,Ibiuna Investimentos,Não definido,Debênture Incentivada,100,ABERTO,31,0.01,0.25,CDI,https://www.xpi.com.br/investimentos/fundos-de-investimento/lista/#/detalhes/b91f3797-4fe9-4753-9872-2b8906ccaf27,,3319158.35
57829025000110,Ibiuna RF Ativo Inst RF RL - Subclasse de Investimento,fundos,Renda Fixa,Renda Fixa Duração Livre Soberano,Renda Fixa Ativo,10,0,,Ibiuna Investimentos,Não definido,Longo Prazo,100,ABERTO,4,0.0075,0.2,CDI,https://www.xpi.com.br/investimentos/fundos-de-investimento/lista/#/detalhes/a6c141f3-7420-4b5c-8c3d-f39a0d943a7d,,29864064.62
41545043000130,Ibiúna Total Credit FIF CIM CP RL - Subclasse Ibiuna Total Credit,fundos,Multimercado,Multimercados Juros e Moedas,Crédito Híbrido,12,0,,Ibiuna Investimentos,Investidores qualificados,Longo Prazo,5000,ABERTO,91,0.0116,0.2,CDI,https://www.xpi.com.br/investimentos/fundos-de-investimento/lista/#/detalhes/38e8d8f3-2f10-407b-a7cc-37547cc6e053,,
66284394000165,Icatu Vanguarda Absoluto FIF - CI RF CP RL,fundos,Renda Fixa,Renda Fixa Duração Livre Crédito Livre,Crédito High Grade,11,0,,Icatu Vanguarda Investimentos,Não definido,Longo Prazo,500,ABERTO,31,0.006500000000000001,0.2,CDI,https://www.xpi.com.br/investimentos/fundos-de-investimento/lista/#/detalhes/0ae19b21-74bf-4e73-8d21-2a23b3f4e01f,,18078798.09
35609382000130,Icatu Vanguarda CP PG FIM RL - Subclasse de Investimento Multimercado CP RL,fundos,Multimercado,Multimercados Livre,Multiestratégia,13,0,,Icatu Vanguarda Investimentos,Investidores em geral,Longo Prazo,1000,FECHADO,31,0.0045000000000000005,0.2,CDI,https://www.xpi.com.br/investimentos/fundos-de-investimento/lista/#/detalhes/234591bd-09ea-4060-b199-424fa732a5af,,
32760042000117,Icatu Vanguarda Credit Plus FIC FIRF CP,fundos,Renda Fixa,Renda Fixa Duração Livre Crédito Livre,Crédito High Grade,11,0,3,Icatu Vanguarda Investimentos,Investidores qualificados,Longo Prazo,20000,ABERTO,46,0.005,0.2,CDI,https://www.xpi.com.br/investimentos/fundos-de-investimento/lista/#/detalhes/c584b031-e04f-4258-9126-22228e7bca51,0.147653984083331,513534231.53
58327943000103,Icatu Vanguarda Dinâmico CDI FIF Multimercado RL,fundos,Multimercado,Multimercados Dinâmico,Renda Fixa Ativo,13,0,,Icatu Vanguarda Investimentos,Investidores em geral,Longo Prazo,500,ABERTO,10,0.006999999999999999,0.2,CDI,https://www.xpi.com.br/investimentos/fundos-de-investimento/lista/#/detalhes/0b27e387-cfb7-4a05-82da-e46e8a3926da,,
52163627000167,Icatu Vanguarda Dinâmico Institucuinal FIF Multimercado RL,fundos,Multimercado,Multimercados Livre,Multiestratégia,13,0,,Icatu Vanguarda Investimentos,Investidores em geral,Longo Prazo,500,ABERTO,10,0.0045000000000000005,0.2,CDI,https://www.xpi.com.br/investimentos/fundos-de-investimento/lista/#/detalhes/a4fe4d23-2f53-406d-adaf-e724e8d18cc8,0.1498857381388094,1209291642.21
08279304000141,Icatu Vanguarda Dividendos FIF CIA RL,fundos,Ações,Ações Dividendos,Renda Variável Dividendos,26,0,3,Icatu Vanguarda Investimentos,Investidores em geral,Renda Variável - Alíquota de IR de 15% incidida sobre o lucro obtido no momento do resgate.,500,ABERTO,3,0.02,,-,https://www.xpi.com.br/investimentos/fundos-de-investimento/lista/#/detalhes/c7afa921-db4b-4e72-b929-130ee963090b,,
34793170000192,Icatu Vanguarda FIF Incentivado em Infraestrutura RF LP RL,fundos,Renda Fixa,Renda Fixa Duração Alta Crédito Livre,Debêntures Incentivadas Não Hedgeado,11,0,4,Icatu Vanguarda Investimentos,Investidores em geral,"Debêntures Incentivadas - Isento de IR para pessoa física._x000D_
",500,ABERTO,31,0.005,0.2,IPCA,https://www.xpi.com.br/investimentos/fundos-de-investimento/lista/#/detalhes/455aa587-46f4-4f8f-b6fe-b6d671c7f6dc,,
35637151000130,Icatu Vanguarda Igaraté Long Biased FIF Mult - Resp Limitada,fundos,Multimercado,Multimercados Livre,Renda Variável Long Biased,13,0,,Icatu Vanguarda Investimentos,Investidores em geral,Ações,500,ABERTO,32,0.02,0.2,IMA-B 5,https://www.xpi.com.br/investimentos/fundos-de-investimento/lista/#/detalhes/c6ee499d-78ed-4cdf-b8c2-82d239ead3db,0.1310295948992927,585432777.24
12682783000110,Icatu Vanguarda Inflação Curta FIF CIC RF LP RL,fundos,Renda Fixa,Renda Fixa Duração Livre Grau de Investimento,Renda Fixa Inflação,10,0,5,Icatu Vanguarda Investimentos,Investidores em geral,"Longo Prazo - Alíquota regressiva de IR de 22,5% a 15,0% incidida sobre o lucro obtido no momento do resgate.",500,ABERTO,1,0.005,,IMA-B 5,https://www.xpi.com.br/investimentos/fundos-de-investimento/lista/#/detalhes/51144b87-1f08-453d-b8a4-8b0d2aba9cc2,0.1213364363527587,27681868.27
07400556000114,Icatu Vanguarda Inflação Longa FIF CIC RF LP RL,fundos,Renda Fixa,Renda Fixa Duração Média Crédito Livre,Renda Fixa Inflação,10,0,2,Icatu Vanguarda Investimentos,Investidores em geral,"Longo Prazo - Alíquota regressiva de IR de 22,5% a 15,0% incidida sobre o lucro obtido no momento do resgate.",500,ABERTO,1,0.005,,IMA-B 5+,https://www.xpi.com.br/investimentos/fundos-de-investimento/lista/#/detalhes/c48d1383-5199-4694-9d37-0780fda68bfb,0.0812283999129037,38491159.28
44917374000141,Icatu Vanguarda Liquidez FIF CI RF CP LP RL,fundos,Renda Fixa,Renda Fixa Duração Livre Crédito Livre,Crédito Liquidez,11,0,,Icatu Vanguarda Investimentos,Investidores em geral,Longo Prazo,500,ABERTO,1,0.004,0.2,CDI,https://www.xpi.com.br/investimentos/fundos-de-investimento/lista/#/detalhes/3b478a47-5d33-4cf5-8058-630a8ad51f2e,,
19418031000195,Icatu Vanguarda Pré-Fixado FIF CI RF LP RL,fundos,Renda Fixa,Renda Fixa Duração Alta Grau de Investimento,Renda Fixa Pré,10,0,2,Icatu Vanguarda Investimentos,Investidores em geral,"Longo Prazo - Alíquota regressiva de IR de 22,5% a 15,0% incidida sobre o lucro obtido no momento do resgate.",500,ABERTO,1,0.003,0.2,-,https://www.xpi.com.br/investimentos/fundos-de-investimento/lista/#/detalhes/2cbcef1c-82a7-47f6-aa63-ce78f5333765,0.0936588627954957,173298544.48
17335646000122,Indie FIF em Cotas de FIA,fundos,Ações,Ações Livre,Renda Variável Long Only,41,0,3,Indie Capital,Investidores em geral,Renda Variável - Alíquota de IR de 15% incidida sobre o lucro obtido no momento do resgate.,5000,ABERTO,32,0.0134,0.2,IBX,https://www.xpi.com.br/investimentos/fundos-de-investimento/lista/#/detalhes/5547a4c7-264f-49b4-a770-7792106ce465,-0.0083142271297816,133361615.44
15174629000125,Integral FIRF CP,fundos,Renda Fixa,Renda Fixa Duração Livre Grau de Investimento,Crédito High Grade,10,0,5,Integral Investimentos,Investidores em geral,Longo Prazo,1000,ABERTO,30,0.0075,,CDI,https://www.xpi.com.br/investimentos/fundos-de-investimento/lista/#/detalhes/5b1c69fd-c742-49b2-92d4-46d1a8d85981,0.1518312645644166,149311019.07
09720710000160,Inter Conservador Plus FIF RF LP RL,fundos,Renda Fixa,Renda Fixa Duração Baixa Grau de Investimento,Crédito Liquidez,2,0,3,Inter Asset Management,Investidores em geral,"Longo Prazo - Alíquota regressiva de IR de 22,5% a 15,0% incidida sobre o lucro obtido no momento do resgate.",500,ABERTO,1,0.008,0.2,CDI,https://www.xpi.com.br/investimentos/fundos-de-investimento/lista/#/detalhes/26dcb3f4-ce37-4f21-8758-cd51330ecb7c,0.1463473649570532,874283410.98
27826059000190,Inter Premium FIF RF CP LP RL,fundos,Renda Fixa,Renda Fixa Duração Baixa Grau de Investimento,Crédito High Grade,3,0,2,Inter Asset Management,Investidores em geral,"Longo Prazo - Alíquota regressiva de IR de 22,5% a 15,0% incidida sobre o lucro obtido no momento do resgate.",500,FECHADO,15,0.006,0.2,CDI,https://www.xpi.com.br/investimentos/fundos-de-investimento/lista/#/detalhes/c4e2fc42-f833-4d4a-98ac-8f03447513c9,0.1398990440381291,234875702.27
26978438000132,Iridium Apollo FIF RF CP LP RL,fundos,Renda Fixa,Renda Fixa Duração Livre Grau de Investimento,Crédito Liquidez,10,0,2,Iridium Investimentos,Investidores em geral,"Longo Prazo - Alíquota regressiva de IR de 22,5% a 15,0% incidida sobre o lucro obtido no momento do resgate.",100,ABERTO,1,0.004,0.1,CDI,https://www.xpi.com.br/investimentos/fundos-de-investimento/lista/#/detalhes/6412c1c2-709f-45df-81bb-47740bc7e0d1,0.1432025520334454,1270373794.39
28259415000101,Iridium Pioneer Debêntures Incentivadas FI Infra RF RL,fundos,Renda Fixa,Renda Fixa Duração Livre Crédito Livre,Debêntures Incentivadas Hedgeado,11,0,2,Iridium Investimentos,Investidores em geral,Debêntures Incentivadas - Isento de IR para pessoa física.,100,ABERTO,31,0.006999999999999999,0.2,CDI,https://www.xpi.com.br/investimentos/fundos-de-investimento/lista/#/detalhes/2c5ec02e-7676-4c4c-9f40-1493c2c6dac4,0.1282949403251263,97923476.26
32756812000158,Iridium Titan Advisory FIC em FIF RF CP RL,fundos,Renda Fixa,Renda Fixa Duração Livre Crédito Livre,Crédito High Grade,11,0,4,Iridium Investimentos,Investidores qualificados,"Longo Prazo - Alíquota regressiva de IR de 22,5% a 15,0% incidida sobre o lucro obtido no momento do resgate.",100,ABERTO,31,0.006,0.2,CDI,https://www.xpi.com.br/investimentos/fundos-de-investimento/lista/#/detalhes/81097619-1d04-4743-a656-9289728b26ac,0.1479653949298578,150219343.23
58939722000196,Itaú Crédito Bancário RF Distribuidores FIF CIC RF CP RL,fundos,Renda Fixa,Renda Fixa Duração Média Grau de Investimento,Crédito High Grade,6,0,,Itaú Unibanco Asset,Investidores em geral,Longo Prazo,500,ABERTO,0,0.004,,CDI,https://www.xpi.com.br/investimentos/fundos-de-investimento/lista/#/detalhes/a99c0eb2-573e-4a00-abcf-1642fd1ad2fd,0.145566864549989,121166250.68
61885788000155,Itaú Crédito Estruturado Advisory Alpes III FIDC RL,fundos,Direito Creditório,-,Crédito High Yield,40,0,,Itaú Unibanco Asset,Não definido,FIDC,1000,FECHADO,0,0.02,0.2,-,https://www.xpi.com.br/investimentos/fundos-de-investimento/lista/#/detalhes/e256774f-6c45-4a9a-86d7-972118673de6,,209264477.66
45512169000169,Itaú Debêntures Incentivadas FIF CIC em Infra RF CP RL,fundos,Renda Fixa,Renda Fixa Duração Livre Crédito Livre,Debêntures Incentivadas Não Hedgeado,11,0,,Itaú Unibanco Asset,Investidores em geral,Debêntures Incentivadas,500,ABERTO,22,0.0085,,IMA-B,https://www.xpi.com.br/investimentos/fundos-de-investimento/lista/#/detalhes/67dd8ac6-2517-48f2-92a7-4310855a37fd,0.0782179790068584,113308759.32
41055241000115,Itaú Hedge Plus Advisory Multimercado FIF CIC RL,fundos,Multimercado,Multimercados Livre,Macro Alta Vol,13,0,,Itaú Unibanco Asset,Investidores em geral,"Longo Prazo - Alíquota regressiva de IR de 22,5% a 15,0% incidida sobre o lucro obtido no momento do resgate._x000D_
",500,FECHADO,61,0.02,0.2,CDI,https://www.xpi.com.br/investimentos/fundos-de-investimento/lista/#/detalhes/f246f00b-d6ce-4b00-882a-896861022216,0.0984347810364349,6649529.34
52285727000166,Itaú Janeiro Distribuidores FIF CIC Mult - Resp Limitada,fundos,Multimercado,Multimercados Livre,Macro Média Vol,13,0,,Itaú Unibanco Asset,Investidores em geral,Longo Prazo,500,FECHADO,22,0.02,0.2,CDI,https://www.xpi.com.br/investimentos/fundos-de-investimento/lista/#/detalhes/e52fe19e-1fba-4af2-99e7-c688f3b032ad,0.100059246563958,1351492723.61
52342951000142,Itaú Janeiro Distribuidores FIF CIC RF LP - Resp Limitada,fundos,Renda Fixa,Renda Fixa Duração Livre Grau de Investimento,Renda Fixa Ativo,10,0,,Itaú Unibanco Asset,Investidores em geral,Longo Prazo,1000,FECHADO,1,0.009000000000000001,0.2,CDI,https://www.xpi.com.br/investimentos/fundos-de-investimento/lista/#/detalhes/097d3f35-7722-4122-a621-d01b9a643912,0.1216284095979516,903102739.17
32892819000105,Itaú Optimus Distribuidores FIF CIC RF LP - Resp Limitada,fundos,Renda Fixa,Renda Fixa Duração Livre Grau de Investimento,Renda Fixa Ativo,10,0,,Itaú Unibanco Asset,Investidores em geral,Longo Prazo,100,ABERTO,1,0.009000000000000001,0.2,CDI,https://www.xpi.com.br/investimentos/fundos-de-investimento/lista/#/detalhes/36d8fe59-1b7a-4ae0-82a4-08325a8e271a,0.1398775904134086,73428428.26
35727276000150,Itaú Optimus Titan Distribuidores FIF CIC Mult - Resp Limitada,fundos,Multimercado,Multimercados Livre,Macro Média Vol,13,0,,Itaú Unibanco Asset,Investidores em geral,Longo Prazo,100,ABERTO,22,0.02,0.2,CDI,https://www.xpi.com.br/investimentos/fundos-de-investimento/lista/#/detalhes/b20fffd6-6425-4494-b4d2-abfbcb374ded,0.1488691580053975,72495213.12
55347224000166,Itaú Sinfonia All Distribuidores FIF CIC Mult CP Resp Limita,fundos,Multimercado,Multimercados Livre,Crédito Híbrido,13,0,,Itaú Unibanco Asset,Investidores em geral,Longo Prazo,500,ABERTO,10,0.0085,0.2,CDI,https://www.xpi.com.br/investimentos/fundos-de-investimento/lista/#/detalhes/df09ec47-4cb7-4731-a8d4-2036e162ac02,0.1366986914528865,218433866.35
58356902000145,JGFA11 - JGP Ecossistema Infra CDI CP RL,fundos,Renda Fixa,-,Fundo Listado,25,0,,LETO ASSET MANAGEMENT LTDA,Investidores em geral,Debêntures Incentivadas,10,FECHADO,0,0.011699999999999999,0.2,CDI,https://www.xpi.com.br/investimentos/fundos-de-investimento/lista/#/detalhes/96c6eb04-a1d2-4a47-ad32-6aad0f070154,-0.0135246325429785,73423034.54
28767162000179,JGP Crédito Advisory FIF Multimercado CP RL,fundos,Multimercado,Multimercados Estratégia Específica,Crédito Híbrido,13,0,4,LETO ASSET MANAGEMENT LTDA,Investidores em geral,"Longo Prazo - Alíquota regressiva de IR de 22,5% a 15,0% incidida sobre o lucro obtido no momento do resgate.",1000,ABERTO,46,0.011000000000000001,0.2,CDI,https://www.xpi.com.br/investimentos/fundos-de-investimento/lista/#/detalhes/0000c127-e68a-41bc-2c22-08d542f411ef,0.150016603141045,557450646.63
45683300000150,JGP Crédito Ecossistema 360 Advisory FIC de FIF Multimercado CP RL,fundos,Multimercado,Multimercados Estratégia Específica,Crédito High Yield,15,0,,LETO ASSET MANAGEMENT LTDA,Investidores qualificados,Longo Prazo,10000,ABERTO,366,0.018500000000000003,0.2,CDI,https://www.xpi.com.br/investimentos/fundos-de-investimento/lista/#/detalhes/ee69944e-6453-4b8d-8373-20419f76bb77,0.1249684528821652,533407505.45
63179605000101,JGP Debêntures CDI Advisory FIC FIF RF FI INFRA RL,fundos,Renda Fixa,Renda Fixa Duração Livre Crédito Livre,Debêntures Incentivadas Hedgeado,11,0,,LETO ASSET MANAGEMENT LTDA,Investidores em geral,Debêntures Incentivadas,1000,ABERTO,32,0.0043,,-,https://www.xpi.com.br/investimentos/fundos-de-investimento/lista/#/detalhes/8e155293-d18a-4714-950c-fe04157793c9,,41320903.04
54237051000160,JGP Debêntures Incentivadas Juros Reais 60 FI Infra CP RL,fundos,Renda Fixa,Renda Fixa Duração Livre Crédito Livre,Debêntures Incentivadas Não Hedgeado,11,0,,LETO ASSET MANAGEMENT LTDA,Investidores qualificados,Debêntures Incentivadas,1000,ABERTO,61,0.01,0.2,IMA Geral,https://www.xpi.com.br/investimentos/fundos-de-investimento/lista/#/detalhes/e8ca336e-85b8-4c29-9c6a-e1de532458ad,0.1000797140807612,306627178.88
41594333000173,JGP Debêntures Incentivadas Juros Reais FIF Incentivado em Infra RF RL,fundos,Renda Fixa,Renda Fixa Duração Livre Crédito Livre,Debêntures Incentivadas Não Hedgeado,11,0,,LETO ASSET MANAGEMENT LTDA,Investidores em geral,Debentures Incentivadas,1000,ABERTO,31,0.0085,0.2,IMA Geral,https://www.xpi.com.br/investimentos/fundos-de-investimento/lista/#/detalhes/ec20072b-7e82-44a8-9943-b8c6b7a10f8b,0.0972439450460347,263130854.76
09143318000104,JGP Equity FIC FIF Multimercado RL,fundos,Multimercado,Multimercados Estratégia Específica,Renda Variável Long Biased,23,0,3,JGP EQUITIES GESTÃO DE RECURSOS LTDA,Investidores em geral,Renda Variável - Alíquota de IR de 15% incidida sobre o lucro obtido no momento do resgate.,1000,ABERTO,32,0.018500000000000003,0.2,-,https://www.xpi.com.br/investimentos/fundos-de-investimento/lista/#/detalhes/20d77081-67ed-49a8-98f5-cc698b04549f,0.1463247200188799,79767024.73
11228311000129,JGP Long Only FIC FIF Ações RL,fundos,Ações,Ações Livre,Renda Variável Long Only,29,0,4,JGP EQUITIES GESTÃO DE RECURSOS LTDA,Investidores em geral,Renda Variável - Alíquota de IR de 15% incidida sobre o lucro obtido no momento do resgate.,10000,ABERTO,32,0.026000000000000002,,-,https://www.xpi.com.br/investimentos/fundos-de-investimento/lista/#/detalhes/60d4ef22-836a-4b7f-87ff-01cf5b69da06,0.0896422135905308,13258601.02
28648924000118,JGP MAX Advisory FIC de FIF Multimercado RL,fundos,Multimercado,Multimercados Livre,Macro Baixa Vol,13,0,3,JGP Asset Management,Investidores em geral,"Longo Prazo - Alíquota regressiva de IR de 22,5% a 15,0% incidida sobre o lucro obtido no momento do resgate.",1000,ABERTO,16,0.018500000000000003,0.2,CDI,https://www.xpi.com.br/investimentos/fundos-de-investimento/lista/#/detalhes/79d0ae18-d49a-4a5e-2c21-08d542f411ef,0.1231574377192938,26555898.98
30190210000150,JGP Strategy Advisory FIC FIF Multimercado RL,fundos,Multimercado,Multimercados Livre,Macro Média Vol,13,1,3,JGP Asset Management,Investidores em geral,"Longo Prazo - Alíquota regressiva de IR de 22,5% a 15,0% incidida sobre o lucro obtido no momento do resgate.",1000,ABERTO,31,0.018500000000000003,0.2,CDI,https://www.xpi.com.br/investimentos/fundos-de-investimento/lista/#/detalhes/2c2db584-68ab-497d-b00b-8f10a7feba95,0.1242826381784985,298269687.34
52915104000120,JGPI11 - JGP Infra,fundos,Renda Fixa,Renda Fixa Duração Livre Crédito Livre,Fundo Listado,11,0,,LETO ASSET MANAGEMENT LTDA,Investidores em geral,Debêntures Incentivadas,10,FECHADO,0,0.0103,0.2,IMA Geral,https://www.xpi.com.br/investimentos/fundos-de-investimento/lista/#/detalhes/ce4b80ab-871e-4643-a5fb-90dfeb71b1b3,-0.0483346285726049,349445106.26
43741205000130,JGPT11 - JGP Crédito Agro,fundos,Investimento Imobiliário,FII TVM Gestão Ativa,Fundo Listado,16,0,,LETO ASSET MANAGEMENT LTDA,Investidores em geral,FIAGRO,10,FECHADO,0,0.0128,0.2,CDI,https://www.xpi.com.br/investimentos/fundos-de-investimento/lista/#/detalhes/0746a015-caca-45b2-819a-812129d445f9,,
38428156000140,JPM China Equity Advisory CIA IE RL,fundos,Ações,Ações Investimento no Exterior,Internacional Ações Hedgeado,33,0,,XP Allocation Asset Management LTDA.,Investidores qualificados,"Renda Variável: Haverá cobrança de IR no momento do resgate sob a alíquota de 15% sobre o rendimento bruto obtido._x000D_
",500,ABERTO,6,0.008,,-,https://www.xpi.com.br/investimentos/fundos-de-investimento/lista/#/detalhes/895b5e23-f41b-49cf-ac66-27871638c207,0.2584869727032213,41910755.51
38421502000169,JPM China Equity Dólar Advisory CIA IE RL,fundos,Ações,Ações Investimento no Exterior,Internacional Ações Não Hedgeado,45,0,,XP Allocation Asset Management LTDA.,Investidores qualificados,"Renda Variável: Haverá cobrança de IR no momento do resgate sob a alíquota de 15% sobre o rendimento bruto obtido._x000D_
",500,ABERTO,6,0.008,,-,https://www.xpi.com.br/investimentos/fundos-de-investimento/lista/#/detalhes/56a34070-d2f4-4514-b5e3-222094d61965,0.1282720633009375,26539725.66
65485058000118,Jive BossaNova 360 Longevidade Advisory FIC FIDC,fundos,Direito Creditório,-,Crédito High Yield,13,0,,JIVE HIGH YIELD GESTÃO DE RECURSOS LTDA,Não definido,FIDC Entidade Investimento,10089,FECHADO,362,0.015,0.2,CDI,https://www.xpi.com.br/investimentos/fundos-de-investimento/lista/#/detalhes/36579de8-7eeb-4159-9e1b-ca17f93c20be,,
58893662000118,Jive BossaNova 90 FIDC,fundos,Direito Creditório,-,Crédito High Yield,13,0,,JIVE HIGH YIELD GESTÃO DE RECURSOS LTDA,Não definido,FIDC,501.9,ABERTO,91,0.0155,0.2,CDI,https://www.xpi.com.br/investimentos/fundos-de-investimento/lista/#/detalhes/0b3989e0-746a-4425-9468-e467e9d217db,0.1685533794045179,1944596528.21
43121036000136,Jive BossaNova High Yield Advisory FIC FIDC,fundos,Direito Creditório,Multimercados Estratégia Específica,Crédito High Yield,13,1,,JIVE HIGH YIELD GESTÃO DE RECURSOS LTDA,Investidores qualificados,FIDC,10038,ABERTO,362,0.02,0.2,CDI,https://www.xpi.com.br/investimentos/fundos-de-investimento/lista/#/detalhes/2101bd09-d52d-4ab1-8d0d-637807e6d692,0.1766499554705674,1247426664.41
44951924000149,Jive Dist & Spec Sits IV Adv Qual FicFim CP - Modelo B,fundos,Multimercado,Multimercados Estratégia Específica,Alternativo Ilíquido,50,0,,Jive Asset Management,Investidores qualificados,FIF 95%,10000,FECHADO,0,0.0204,0.2,CDI,https://www.xpi.com.br/investimentos/fundos-de-investimento/lista/#/detalhes/97a51af1-ce85-4498-a3fe-61a45a373ea6,,817827734.24
48658548000150,Jive Dist & Spec Sits IV Adv Qual II FicFim CP - Modelo A,fundos,Multimercado,Multimercados Livre,Alternativo Ilíquido,50,0,,Jive Asset Management,Investidores qualificados,FIF 95%,10000,FECHADO,0,0.0204,0.2,CDI,https://www.xpi.com.br/investimentos/fundos-de-investimento/lista/#/detalhes/561abb11-2dc8-469d-af0e-ab57dbbcc42f,,172571124.06
48658548000150,Jive Dist & Spec Sits IV Adv Qual II FicFim CP - Modelo B,fundos,Multimercado,Multimercados Livre,Alternativo Ilíquido,50,0,,Jive Asset Management,Investidores qualificados,FIF 95%,10000,FECHADO,0,0.0204,0.2,CDI,https://www.xpi.com.br/investimentos/fundos-de-investimento/lista/#/detalhes/3227d486-10ed-4d91-874c-8c5f21bb3999,,172571124.06
52204330000100,Jive Dist & Spec Sits IV Adv Qual III FicFim CP - Modelo A,fundos,Multimercado,Multimercados Livre,Alternativo Ilíquido,50,0,,Jive Asset Management,Investidores qualificados,FIF 95%,10000,FECHADO,0,0.0204,0.2,CDI,https://www.xpi.com.br/investimentos/fundos-de-investimento/lista/#/detalhes/c3e00533-3cb7-47af-9e4b-545a3e0502b2,,116750649.66
52204330000100,Jive Dist & Spec Sits IV Adv Qual III FicFim CP - Modelo B,fundos,Multimercado,Multimercados Livre,Alternativo Ilíquido,50,0,,Jive Asset Management,Investidores qualificados,FIF 95%,250950,FECHADO,,0.0204,0.2,CDI,https://www.xpi.com.br/investimentos/fundos-de-investimento/lista/#/detalhes/69c1029d-b0fa-4f0d-83c7-46ed131b9e4d,,116750649.66
44951896000160,Jive Dist Spec Sits IV ADV Profissional 1ª emissão,fundos,Multimercado,Multimercados Investimento no Exterior,Alternativo Ilíquido,50,0,,JIVE INVESTMENTS CONSULTORIA LTDA,Investidores profissionais,FIF 95%,250635,FECHADO,0,0.0204,0.2,CDI,https://www.xpi.com.br/investimentos/fundos-de-investimento/lista/#/detalhes/39a9c483-5a93-4913-beeb-6796841aa9da,,203259137.99
60103810000103,JiveMauá BossaNova Crédito Securitizado FIDC - Cota Sênior,fundos,Direito Creditório,-,Fundo Listado,13,0,,JIVE HIGH YIELD GESTÃO DE RECURSOS LTDA,Não definido,FIDC,100,FECHADO,0,0.0125,0.1,CDI,https://www.xpi.com.br/investimentos/fundos-de-investimento/lista/#/detalhes/711da5f7-b00a-4730-9652-ba0d0d6bbfb1,,397536859.85
60261869000111,JiveMauá Bossanova Crédito Securitizado (Varejo) FIDC RL,fundos,Direito Creditório,-,Fundo Listado,13,0,,JIVE HIGH YIELD GESTÃO DE RECURSOS LTDA,Não definido,FIDC,100,FECHADO,0,0.0125,0.1,CDI,https://www.xpi.com.br/investimentos/fundos-de-investimento/lista/#/detalhes/a65b78bd-2e2f-4947-b228-d92e36e9696a,,27025189.54
63912733000112,Jivemaua Bossanova Credito Securitizado II (Varejo) FIDC RL,fundos,Direito Creditório,-,Crédito Estruturado,13,0,,JIVE HIGH YIELD GESTÃO DE RECURSOS LTDA,Não definido,FIDC Entidade Investimento,1000,FECHADO,0,0.01,0.2,-,https://www.xpi.com.br/investimentos/fundos-de-investimento/lista/#/detalhes/343eb172-c2eb-4353-80ea-7bfa771e8574,,
64118207000148,Jivemauá Bossanova Crédito Securitizado II FIDC RL - Subclasse Sênior,fundos,Direito Creditório,-,Crédito Estruturado,13,0,,JIVE HIGH YIELD GESTÃO DE RECURSOS LTDA,Não definido,FIDC Entidade Investimento,1000,FECHADO,0,0.01,0.1,CDI,https://www.xpi.com.br/investimentos/fundos-de-investimento/lista/#/detalhes/10f0ec6c-9a94-410c-bad4-fc4c46e6efd8,,
08545330000174,Joule Value FIF em Cotas FIA,fundos,Ações,Ações Livre,Renda Variável Long Only,66,0,1,Joule Asset Management,Investidores em geral,Renda Variavel,1000,ABERTO,30,0.02,0.2,Ibovespa,https://www.xpi.com.br/investimentos/fundos-de-investimento/lista/#/detalhes/d5f76188-c450-4649-86c3-b3f724cc730d,0.2616897886283931,1327226.64
34580935000106,Journey Capital Endurance Debêntures Incentivadas Juros Reais Advisory FIF em Cotas de FI Infra RL,fundos,Renda Fixa,Renda Fixa Duração Livre Crédito Livre,Debêntures Incentivadas Não Hedgeado,11,0,3,Journey Capital,Investidores em geral,Debêntures Incentivadas - Isento de IR para pessoa física.,500,ABERTO,30,0.008,0.2,IMA-B 5,https://www.xpi.com.br/investimentos/fundos-de-investimento/lista/#/detalhes/9546fc68-2bb2-40b8-936a-d1c21211defb,0.1166300514231519,24183995.96
31120420000135,Journey Capital Endurance Incentivado FIF em Infra RF,fundos,Renda Fixa,Renda Fixa Duração Alta Crédito Livre,Debêntures Incentivadas Hedgeado,11,0,,Journey Capital,Investidores em geral,Debêntures Incentivadas - Isento de IR para pessoa física.,500,ABERTO,30,0.01,,CDI,https://www.xpi.com.br/investimentos/fundos-de-investimento/lista/#/detalhes/8f2cdd4e-f721-44af-87aa-9c3ec28e72c8,0.1293990672176326,51647840.35
33150386000177,Journey Capital Endurance Plus Advisory FIF em Cotas de Fundos Incentivados em Infra RF,fundos,Renda Fixa,Renda Fixa Duração Livre Crédito Livre,Debêntures Incentivadas Hedgeado,11,0,,Journey Capital,Investidores em geral,Debêntures Incentivadas - Isento de IR para pessoa física.,500,ABERTO,30,0.008,0.15,CDI,https://www.xpi.com.br/investimentos/fundos-de-investimento/lista/#/detalhes/6d8fe50e-1433-426a-9a14-80bdbce490a3,0.1149918774582379,5405012.44
53643941000100,Jubarte Migration II FIC FIM RL,fundos,Multimercado,Multimercados Macro,Macro Média Vol,13,0,,Jubarte Capital,Investidores em geral,Longo Prazo,1000,ABERTO,31,0.02,0.2,CDI,https://www.xpi.com.br/investimentos/fundos-de-investimento/lista/#/detalhes/13de0c0a-1c11-4caa-9666-cab5a19d812d,0.1392681129867545,273314405.39
40265671000107,KJNT11 - Kijani Asatala FIAgro,fundos,Investimento Imobiliário,FII TVM Gestão Ativa,Fundo Listado,16,0,,Kijani Investimentos,Investidores em geral,Fiagro,10,FECHADO,0,0.0115,0.1,CDI,https://www.xpi.com.br/investimentos/fundos-de-investimento/lista/#/detalhes/2f89cf2a-74e2-4ff7-a94f-da945c904bab,,
43774619000166,Kad Imab Master FIF em RF LP RL - Subclasse IMAB,fundos,Renda Fixa,Renda Fixa Duração Alta Soberano,Renda Fixa Inflação,10,0,,Kadima Asset Management,Investidores em geral,Longo Prazo,500,FECHADO,6,0.008,0.2,IMA-B,https://www.xpi.com.br/investimentos/fundos-de-investimento/lista/#/detalhes/6185e005-4d31-4d8d-bd40-4990a93c5625,0.0942912776933997,95822624.81
12845796000162,Kadima Equities FIF em Ações,fundos,Ações,Ações Livre,Renda Variável Long Only,26,0,4,Kadima Asset Management,Investidores em geral,Renda Variável,500,ABERTO,7,0.013500000000000002,0.2,Ibovespa,https://www.xpi.com.br/investimentos/fundos-de-investimento/lista/#/detalhes/4d0b0a9b-12c2-4dee-b50a-e64cb0a6d04a,0.0578049961240472,16829093.72
43761843000113,Kadima High Vol Master FIF Mult RL - Subclasse Kadima High V,fundos,Multimercado,Multimercados Livre,Multiestratégia,13,0,,Kadima Asset Management,Exclusivo do administrador,Longo Prazo,5000,FECHADO,11,0.02,0.2,CDI,https://www.xpi.com.br/investimentos/fundos-de-investimento/lista/#/detalhes/6872ad75-6b50-4e3b-ac78-708aaa122f50,,76641932.59999998
43761784000183,Kadima LS Plus FIF Ações RL,fundos,Ações,Ações Livre,Long Short Direcional,26,0,,Kadima Asset Management,Exclusivo do administrador,Ações,500,ABERTO,12,0.02,0.2,CDI,https://www.xpi.com.br/investimentos/fundos-de-investimento/lista/#/detalhes/8db9ac01-15b5-4010-a9ba-1cea18219ae5,0.0328502204370042,47982956.92
33378392000186,Kadima Long Bias FIF Multi RL,fundos,Multimercado,Multimercados Livre,Renda Variável Long Biased,20,0,4,Kadima Asset Management,Investidores em geral,"Renda Variavel_x000D_
",500,ABERTO,12,0.0175,0.2,-,https://www.xpi.com.br/investimentos/fundos-de-investimento/lista/#/detalhes/7ae66742-96d9-40af-9b21-a222e2fddedc,0.027410730724511,14267123.11
09412694000149,Kadima Master FIF Multimercado RL - Subclasse II,fundos,Multimercado,Multimercados Livre,Quantitativo,13,0,,Kadima Asset Management,Exclusivo do administrador,Longo Prazo,500,ABERTO,11,0.02,0.2,CDI,https://www.xpi.com.br/investimentos/fundos-de-investimento/lista/#/detalhes/7f5ec6e9-e979-4476-b2fd-0841de09b2ab,0.0949756821940424,66192073.81
28849694000155,Kapitalo Alpha Global Advisory FIF em Cotas de FIM,fundos,Multimercado,Multimercados Macro,Macro Média Vol,13,0,5,Kapitalo Investimentos,Investidores qualificados,"Longo Prazo - Alíquota regressiva de IR de 22,5% a 15,0% incidida sobre o lucro obtido no momento do resgate.",500,ABERTO,31,0.015,0.2,CDI,https://www.xpi.com.br/investimentos/fundos-de-investimento/lista/#/detalhes/b30f5df8-9c0a-4334-98ac-2fe1603facc1,0.0896265333106056,32801400.85
64932133000189,Kapitalo Infra Low Duration FIF em Cotas de Fundos Incentivados de Investimento em Infra RF,fundos,Renda Fixa,Renda Fixa Duração Livre Crédito Livre,Debêntures Incentivadas Hedgeado,11,0,,Kapitalo Investimentos,Não definido,Debêntures Incentivadas,500,ABERTO,11,0.006,,CDI,https://www.xpi.com.br/investimentos/fundos-de-investimento/lista/#/detalhes/db78bb37-e86b-40b8-9d81-5eff96fe6a3e,,108873364.1
33520968000106,Kapitalo K10 Advisory FIF em Cotas de FIM,fundos,Multimercado,Multimercados Macro,Macro Alta Vol,13,1,5,Kapitalo Investimentos,Investidores em geral,"Longo Prazo - Alíquota regressiva de IR de 22,5% a 15,0% incidida sobre o lucro obtido no momento do resgate.",500,ABERTO,31,0.015,0.2,CDI,https://www.xpi.com.br/investimentos/fundos-de-investimento/lista/#/detalhes/c37131d7-8c6b-43ab-9aef-25f8939690af,0.1003475246219443,1457608427.82
26978199000110,Kapitalo Kappa Advisory FIF em Cotas de FIM,fundos,Multimercado,Multimercados Macro,Macro Alta Vol,13,0,5,Kapitalo Investimentos,Investidores em geral,"Longo Prazo - Alíquota regressiva de IR de 22,5% a 15,0% incidida sobre o lucro obtido no momento do resgate.",500,ABERTO,31,0.015,0.2,CDI,https://www.xpi.com.br/investimentos/fundos-de-investimento/lista/#/detalhes/329879fc-1def-4023-bc43-971b52939d56,0.12967409999676,478097312.16
26396708000105,Kapitalo NW3 Plus FIF em Cotas de FIM RL - Subclasse Geral,fundos,Multimercado,Multimercados Livre,Internacional Multimercado Hedgeado,13,0,4,Kapitalo Investimentos,Investidores qualificados,Renda Variavel,500,ABERTO,32,0.015,0.2,CDI,https://www.xpi.com.br/investimentos/fundos-de-investimento/lista/#/detalhes/2b0cc803-cd14-462a-9131-81f40130596c,,
63104903000132,Kapitalo Strata Low Vol FIF em Cotas FIM RL - Subclasse Geral,fundos,Multimercado,Multimercados Macro,Macro Baixa Vol,13,0,,Kapitalo Investimentos,Não definido,Longo Prazo,500,ABERTO,2,0.006500000000000001,0.2,CDI,https://www.xpi.com.br/investimentos/fundos-de-investimento/lista/#/detalhes/4e97fef8-2f3f-42ef-9536-37491fc524ce,,
39573883000164,Kapitalo Tarkus Advisory FIF em Cotas de FIA,fundos,Ações,Ações Livre,Renda Variável Long Biased,26,0,,Kapitalo Investimentos,Investidores qualificados,"Renda Variável - Alíquota de IR de 15% incidida sobre o lucro obtido no momento do resgate._x000D_
",500,ABERTO,32,0.015,0.2,Ibovespa,https://www.xpi.com.br/investimentos/fundos-de-investimento/lista/#/detalhes/0ba11f50-bfff-4ad7-b344-e94ce3f260d2,0.468205862199077,115777117.86
30521581000178,Kapitalo Zeta Advisory FIF em Cotas de FIM,fundos,Multimercado,Multimercados Macro,Macro Alta Vol,14,0,5,Kapitalo Investimentos,Investidores qualificados,"Longo Prazo - Alíquota regressiva de IR de 22,5% a 15,0% incidida sobre o lucro obtido no momento do resgate.",500,ABERTO,61,0.015,0.2,CDI,https://www.xpi.com.br/investimentos/fundos-de-investimento/lista/#/detalhes/03171c4a-849d-4f98-b6bc-c354b914f4d3,0.1129582942508835,233551853.67
42831231000197,Kapitalo Zeta Merídia FIC de FIM,fundos,Multimercado,Multimercados Livre,Macro Alta Vol,14,0,,Kapitalo Investimentos,Investidores qualificados,Ações,500,ABERTO,62,0.015,0.2,CDI,https://www.xpi.com.br/investimentos/fundos-de-investimento/lista/#/detalhes/ac850a08-0520-4021-9057-bae615a45e13,0.0977411138989239,2493955578.66
41993797000152,Kinea Andes FIF CIC RF CP LP RL - Subclasse I,fundos,Renda Fixa,Renda Fixa Duração Livre Crédito Livre,Crédito Liquidez,11,0,,Kinea Investimentos,Investidores qualificados,Longo Prazo,500,ABERTO,1,0.006999999999999999,0.2,CDI,https://www.xpi.com.br/investimentos/fundos-de-investimento/lista/#/detalhes/1b0252f1-b74f-4249-9939-7e0f24b5172f,,
34687633000131,Kinea Apolo FIF MM RL - Subclasse I,fundos,Multimercado,Multimercados Macro,Macro Baixa Vol,13,0,,Kinea Investimentos,Exclusivo do administrador,Longo Prazo,500,ABERTO,1,0.008,0.25,CDI,https://www.xpi.com.br/investimentos/fundos-de-investimento/lista/#/detalhes/c4cc23b1-0714-4199-8631-5f39d4e2f867,,
29762315000158,Kinea Atlas II FIM RL - Subclasse I,fundos,Multimercado,Multimercados Macro,Macro Alta Vol,13,1,4,Kinea Investimentos,Investidores em geral,"Longo Prazo - Alíquota regressiva de IR de 22,5% a 15,0% incidida sobre o lucro obtido no momento do resgate.",500,ABERTO,11,0.02,0.2,CDI,https://www.xpi.com.br/investimentos/fundos-de-investimento/lista/#/detalhes/6b826269-b6f7-4965-993c-46eb041a8d77,,
21624757000126,Kinea Chronos FIM RL - Subclasse I,fundos,Multimercado,Multimercados Macro,Macro Média Vol,13,0,3,Kinea Investimentos,Investidores em geral,"Longo Prazo - Alíquota regressiva de IR de 22,5% a 15,0% incidida sobre o lucro obtido no momento do resgate.",500,ABERTO,1,0.015,0.2,CDI,https://www.xpi.com.br/investimentos/fundos-de-investimento/lista/#/detalhes/288edbb3-d9ab-47c5-b5b9-2921049eb45a,,
47212331000159,Kinea Dakar FIF CIC RF LP RL - Subclasse I,fundos,Renda Fixa,Renda Fixa Duração Livre Crédito Livre,Renda Fixa Ativo,11,0,,Kinea Investimentos,Investidores em geral,Longo Prazo,500,ABERTO,1,0.009000000000000001,0.2,CDI,https://www.xpi.com.br/investimentos/fundos-de-investimento/lista/#/detalhes/022c34ee-5f99-4b9c-bc52-5526b3b9ae87,,
35372771000194,Kinea Gama FIF CIC em Ações RL - Subclasse I,fundos,Ações,Ações Livre,Renda Variável Long Only,26,0,,Kinea Investimentos,Exclusivo do administrador,Renda Variável,500,ABERTO,17,0.02,0.2,Ibovespa,https://www.xpi.com.br/investimentos/fundos-de-investimento/lista/#/detalhes/6d664c2e-bebf-4bca-9faf-5818f1a96b9e,,
39586858000115,Kinea IPCA Dinâmico II FIF RF RL - Subclasse II,fundos,Renda Fixa,Renda Fixa Duração Livre Crédito Livre,Renda Fixa Ativo,11,0,,Kinea Investimentos,Exclusivo do administrador,"Longo Prazo - Alíquota regressiva de IR de 22,5% a 15,0% incidida sobre o lucro obtido no momento do resgate._x000D_
",500,ABERTO,1,0.0066,,IPCA,https://www.xpi.com.br/investimentos/fundos-de-investimento/lista/#/detalhes/db6b9165-902b-44a9-a9b3-2e9fd1fe20ad,,
53075427000115,Kinea Incentivado RF CP LP FIF RL FI Deb Infra RL - Subclasse I,fundos,Renda Fixa,Renda Fixa Duração Livre Crédito Livre,Debêntures Incentivadas Hedgeado,11,0,,Kinea Investimentos,Investidores em geral,Debêntures Incentivadas,500,ABERTO,23,0.006999999999999999,0.2,CDI,https://www.xpi.com.br/investimentos/fundos-de-investimento/lista/#/detalhes/1298192e-3c5d-4ade-aea9-32a1f0a58a9a,,
32990051000102,Kinea Oportunidade FIF RF CP RL - Subclasse I,fundos,Renda Fixa,Renda Fixa Duração Livre Crédito Livre,Crédito High Grade,11,0,,Kinea Investimentos,Investidores qualificados,Longo Prazo,500,ABERTO,91,0.008,,CDI,https://www.xpi.com.br/investimentos/fundos-de-investimento/lista/#/detalhes/828e442a-e26b-4062-ad59-f010c55a400d,,
41219331000102,Kinea PE V Feeder Advisory FIP Multi RL - Classe A,fundos,Participações,Fundos de Participações,Alternativo Ilíquido,50,0,,Kinea Investimentos,Investidores qualificados,"FIP_x000D_
",25000,FECHADO,,0.018500000000000003,0.2,-,https://www.xpi.com.br/investimentos/fundos-de-investimento/lista/#/detalhes/90c15177-7405-492a-95a0-56a4256d0324,,138364085.69
27945264000174,Kinea RF Absoluto FIF RF LP RL - Subclasse I,fundos,Renda Fixa,Renda Fixa Duração Livre Crédito Livre,Renda Fixa Ativo,11,0,4,Kinea Investimentos,Investidores em geral,"Longo Prazo - Alíquota regressiva de IR de 22,5% a 15,0% incidida sobre o lucro obtido no momento do resgate.",500,ABERTO,1,0.008,0.2,CDI,https://www.xpi.com.br/investimentos/fundos-de-investimento/lista/#/detalhes/879fed05-52f0-49c1-8c0d-4991b34f78a8,,
25213366000170,Kiron FIC de FIF em Ações RL,fundos,Ações,Ações Livre,Renda Variável Long Only,28,0,3,Kiron Capital,Investidores qualificados,Renda Variável - Alíquota de IR de 15% incidida sobre o lucro obtido no momento do resgate.,1000,ABERTO,32,0.018000000000000002,0.2,Ibovespa,https://www.xpi.com.br/investimentos/fundos-de-investimento/lista/#/detalhes/e66773ff-f56e-447f-8d41-bd8421ab5681,-0.0608620734801147,54735762.41
29054793000103,Kiron Institucional FIA RL,fundos,Ações,Ações Índice Ativo,Renda Variável Long Only,26,0,,Kiron Capital,Investidores em geral,"Renda variável._x000D_
",1000,ABERTO,32,0.02,0.2,IBX,https://www.xpi.com.br/investimentos/fundos-de-investimento/lista/#/detalhes/2f6dc378-8fcc-40bd-a7bd-aa5a8cabdf04,-0.04288309954261,3084336.1
61922643000187,LCP Prefixado Feeder FII,fundos,Investimento Imobiliário,-,Fundo Listado,16,0,,LCP Gestora de Recursos,Não definido,FII,100,FECHADO,0,0.015,,-,https://www.xpi.com.br/investimentos/fundos-de-investimento/lista/#/detalhes/d2b0f55a-cdab-42ac-840b-7906c81cc437,,
63918369000106,LCP Prefixado II Feeder FII RL,fundos,Investimento Imobiliário,-,Fundo Listado,26,0,,LCP Gestora de Recursos,Não definido,FII,1000,FECHADO,0,0.015,,-,https://www.xpi.com.br/investimentos/fundos-de-investimento/lista/#/detalhes/76157563-5f9a-4f98-a4e9-a999e27d20e7,,
63954054000106,LCP Prefixado II Master FII - Subclasse Subordinada,fundos,Investimento Imobiliário,-,Crédito Estruturado,16,0,,LCP Gestora de Recursos,Não definido,FII,1000,FECHADO,0,0.015,0.2,-,https://www.xpi.com.br/investimentos/fundos-de-investimento/lista/#/detalhes/d33d5429-7bb9-4bb7-af2b-8bc35787cd47,,
59196234000107,LCP Renda Imobiliária Feeder FII,fundos,Investimento Imobiliário,-,Crédito High Yield,16,0,,LCP Gestora de Recursos,Investidores em geral,FII,100,FECHADO,2,0.015,,-,https://www.xpi.com.br/investimentos/fundos-de-investimento/lista/#/detalhes/32eaadef-5493-45e7-9928-2ce52d3348eb,,
59158574000135,LCP Renda Imobiliária Master FII,fundos,Investimento Imobiliário,-,Crédito High Yield,16,0,,LCP Gestora de Recursos,Investidores profissionais,FII,1000,FECHADO,2,0.015,,-,https://www.xpi.com.br/investimentos/fundos-de-investimento/lista/#/detalhes/2440114c-4c2c-4045-9129-c36cfc65ecf4,,
57630008000159,LIS Dividendos  FIF de Ações - RL,fundos,Ações,Ações Valor/Crescimento,Renda Variável Dividendos,26,0,,LIS Capital,Investidores em geral,Ações,1000,ABERTO,15,0.02,0.2,Ibovespa,https://www.xpi.com.br/investimentos/fundos-de-investimento/lista/#/detalhes/74113fec-8f8b-4c93-bbd0-cf5e1b24d3a8,0.1424101202770287,74535598.23999998
10320151000180,Leblon Ações FIC de FIF,fundos,Ações,Ações Livre,Renda Variável Long Only,41,0,2,Leblon Investimentos,Investidores qualificados,Renda Variável - Alíquota de IR de 15% incidida sobre o lucro obtido no momento do resgate.,1000,ABERTO,30,0.02,0.15,-,https://www.xpi.com.br/investimentos/fundos-de-investimento/lista/#/detalhes/41441613-0d42-4a50-9af9-8d92c1fc4375,0.2306482739696136,122550152.21
26768800000140,Leblon Ações II Institucional FIC FIA,fundos,Ações,Ações Livre,Renda Variável Long Only,39,0,2,Leblon Investimentos,Investidores em geral,"Renda Variável_x000D_
",1000,ABERTO,30,0.02,0.2,IBX,https://www.xpi.com.br/investimentos/fundos-de-investimento/lista/#/detalhes/5cab208d-a66a-452e-8dcc-43d56b35a62a,0.1051069003703533,82615612.58
42287819000121,Legacy Absoluto Advisory FIF em Cotas de FIM,fundos,Multimercado,Multimercados Livre,Macro Alta Vol,13,0,,Legacy Capital,Investidores em geral,Longo Prazo,500,FECHADO,31,0.0195,0.2,CDI,https://www.xpi.com.br/investimentos/fundos-de-investimento/lista/#/detalhes/aa2bbe42-9abd-4259-aac3-a52953dc14e8,0.0922686486642558,50727413.89
30566221000192,Legacy Capital Advisory FIC FIM RL,fundos,Multimercado,Multimercados Macro,Macro Alta Vol,13,1,5,Legacy Capital,Investidores em geral,"Longo Prazo - Alíquota regressiva de IR de 22,5% a 15,0% incidida sobre o lucro obtido no momento do resgate.",500,ABERTO,31,0.019,0.2,CDI,https://www.xpi.com.br/investimentos/fundos-de-investimento/lista/#/detalhes/eea8c539-4ca1-4ca9-a5ba-a633a3a73bd5,0.0946407932995858,683677827.6
54699979000167,Legacy Capital Compound Advisory FIF CIC de Fundo de Incent Invest Deb Incent IPCA RF RL,fundos,Renda Fixa,Renda Fixa Duração Livre Crédito Livre,Debêntures Incentivadas Não Hedgeado,11,0,,Legacy Capital,Investidores em geral,Debêntures Incentivadas,100,ABERTO,31,0.009000000000000001,,-,https://www.xpi.com.br/investimentos/fundos-de-investimento/lista/#/detalhes/df70ca9b-d3ba-4100-a297-53bc74019f70,0.0675465636065755,145312698.83
50891130000130,Legacy Capital Compound FIF DEB Infra CDI Ativo RF CP RL - Subclasse Distr,fundos,Renda Fixa,Renda Fixa Duração Livre Crédito Livre,Outros -> Código Recebido: 54,11,0,,Legacy Capital,Investidores em geral,Debêntures Incentivadas,100,ABERTO,30,0.01,0.25,CDI,https://www.xpi.com.br/investimentos/fundos-de-investimento/lista/#/detalhes/92796ef7-1668-4acb-a1f0-24f7b37aa77f,,
60762973000190,Legacy Capital Credit Horizon Senior Incentivado FIF CIC RF RL,fundos,Renda Fixa,Renda Fixa Duração Livre Crédito Livre,Debêntures Incentivadas Hedgeado,11,0,,Legacy Capital,Investidores em geral,Debêntures incentivadas,500,FECHADO,31,0.0096,,CDI,https://www.xpi.com.br/investimentos/fundos-de-investimento/lista/#/detalhes/2167e284-076d-4f78-bb34-7b30640f0a27,0.1417260701702587,407493477.19
39487617000119,Legacy Capital Credit Master CIM CP RL - Subclasse Legacy Credit Advisory,fundos,Multimercado,Multimercados Estratégia Específica,Crédito Híbrido,13,0,,Legacy Capital,Investidores em geral,Longo Prazo,1000,ABERTO,31,0.006500000000000001,0.2,CDI,https://www.xpi.com.br/investimentos/fundos-de-investimento/lista/#/detalhes/bb57dff3-662c-4bc0-b3d7-fa6795189bb8,,
57021822000176,Legacy Capital Portfolio Renda Mais FI-INFRA RF LP RL,fundos,Renda Fixa,Renda Fixa Duração Baixa Crédito Livre,Fundo Listado,25,0,,Legacy Capital,Investidores em geral,Debêntures Incentivadas,100,FECHADO,0,0.012,0.1,CDI,https://www.xpi.com.br/investimentos/fundos-de-investimento/lista/#/detalhes/ec320348-f2f4-4dce-b352-b51b5ec5f7d9,0.0612298307853065,438278360.65
54087357000188,Legacy Capital V10 FI Financeiro CIC Mult Resp Limitada,fundos,Multimercado,Multimercados Macro,Macro Alta Vol,13,0,,Legacy Capital,Investidores qualificados,Longo Prazo,100,ABERTO,31,0.019,0.2,CDI,https://www.xpi.com.br/investimentos/fundos-de-investimento/lista/#/detalhes/203c18e4-abeb-45a0-ae01-6b49128fe015,0.0717064739332209,40198597.79
54022134000132,Legato Liquidez Classe Investimento RF Referenciada DI RL,fundos,Renda Fixa,Renda Fixa Indexados,Referenciado DI Soberano,1,0,,Paramis Investimentos,Investidores em geral,Longo Prazo,100,ABERTO,0,0.0034999999999999996,,CDI,https://www.xpi.com.br/investimentos/fundos-de-investimento/lista/#/detalhes/dc7b1c99-e12c-4219-ab5c-e1cde51d9a97,0.1447954893056886,623286563.35
23956069000199,Leto Corporate FIC de FIF RF CP LP - Feeder III - RL,fundos,Renda Fixa,Renda Fixa Duração Livre Crédito Livre,Crédito High Grade,11,1,,LETO ASSET MANAGEMENT LTDA,Investidores em geral,"Longo Prazo - Alíquota regressiva de IR de 22,5% a 15,0% incidida sobre o lucro obtido no momento do resgate.",1000,ABERTO,46,0.006,0.2,CDI,https://www.xpi.com.br/investimentos/fundos-de-investimento/lista/#/detalhes/d21c8c3d-67ef-42a0-b9e6-13d6fa127db4,0.1511134875738455,159945943.85
24325422000103,Lis Value FIA RL,fundos,Ações,Ações Livre,Renda Variável Small/Mid Caps,36,0,3,LIS Capital,Investidores em geral,"Renda Variavel_x000D_
",100,ABERTO,30,0.02,0.2,IBX,https://www.xpi.com.br/investimentos/fundos-de-investimento/lista/#/detalhes/783c434e-c9c3-406f-abcf-c68524351908,-0.0514011180294399,70049643.99
11182072000113,Logos Total Return FIF em Cotas de FIM,fundos,Multimercado,Multimercados Livre,Renda Variável Long Biased,40,0,1,Logos Capital,Investidores em geral,Renda Variável ,10000,ABERTO,32,0.0187,0.2,CDI,https://www.xpi.com.br/investimentos/fundos-de-investimento/lista/#/detalhes/c363547e-36b8-427c-a732-e144b615a33f,-0.0386280558877693,104019694.05
39466946000183,M Emerging Leaders Advisory CIA IE RL,fundos,Ações,Ações Investimento no Exterior,Internacional Ações Hedgeado,35,0,,XP Allocation Asset Management LTDA.,Investidores qualificados,"Renda Variável - Alíquota de IR de 15% incidida sobre o lucro obtido no momento do resgate._x000D_
",500,ABERTO,6,0.01,,-,https://www.xpi.com.br/investimentos/fundos-de-investimento/lista/#/detalhes/06b29967-ab22-47fe-83a9-852e63b9aaec,0.2015162229435554,10116841.84
39958460000162,M8 Capital Plus FI RF CP RL LP,fundos,Renda Fixa,Renda Fixa Duração Livre Crédito Livre,Crédito High Grade,11,0,,M8 Partners Investimentos,Investidores qualificados,Longo Prazo,1000,ABERTO,32,0.01,0.1,CDI,https://www.xpi.com.br/investimentos/fundos-de-investimento/lista/#/detalhes/5330f841-5694-4476-a4f3-32bf9eb0ba11,0.1546567709695505,624383054.03
50716952000184,M8 Credit Advanced FIC FIDC,fundos,Direito Creditório,Multimercados Estratégia Específica,Crédito High Yield,13,0,,M8 Partners Investimentos,Investidores qualificados,FIDC,501.9,FECHADO,91,0.01,0.2,CDI,https://www.xpi.com.br/investimentos/fundos-de-investimento/lista/#/detalhes/37ae15ad-5355-493b-97c5-1fa78e6af193,0.1668672462929603,1808358556.04
26841302000186,M8 Credit Opportunities FIC de FI em FIDC,fundos,Direito Creditório,Multimercados Livre,Crédito High Yield,13,0,,M8 Partners Investimentos,Investidores qualificados,FIDC,10038,FECHADO,91,0.0097,,CDI,https://www.xpi.com.br/investimentos/fundos-de-investimento/lista/#/detalhes/bd4bb6c9-fac0-4e15-a656-2ce3991f47de,0.1710376718065476,628294642.44
47046855000117,MAG Cash 10 FIRF,fundos,Renda Fixa,Renda Fixa Duração Livre Crédito Livre,Crédito Liquidez,11,0,,Mongeral Aegon Investimentos,Investidores em geral,Longo Prazo,100,ABERTO,10,0.008,0.2,CDI,https://www.xpi.com.br/investimentos/fundos-de-investimento/lista/#/detalhes/4e2571e4-9b80-48fa-8288-3c0fb130da13,0.1518565259703241,2500831293.19
48899234000149,MAG FIRF Ativo LP,fundos,Renda Fixa,Renda Fixa Duração Livre Grau de Investimento,Renda Fixa Ativo,10,0,,Mongeral Aegon Investimentos,Investidores em geral,Longo Prazo,1000,ABERTO,1,0.006999999999999999,0.2,CDI,https://www.xpi.com.br/investimentos/fundos-de-investimento/lista/#/detalhes/5924e916-c3c1-41f3-b831-f1b89ede0064,0.1484391423997286,129373389.88
44211851000159,MAG FIRF Referenciado DI Premium CP,fundos,Renda Fixa,Renda Fixa Duração Baixa Grau de Investimento,Referenciado DI Soberano,2,0,,Mongeral Aegon Investimentos,Investidores em geral,Longo Prazo,1000,ABERTO,0,0.004,,CDI,https://www.xpi.com.br/investimentos/fundos-de-investimento/lista/#/detalhes/e1ec1908-594b-4673-965c-07c3693a47bb,0.1472274187583955,1341305901.84
42084992000122,MAG Global Bonds FIC FIM IE,fundos,Multimercado,Multimercados Investimento no Exterior,Internacional Renda Fixa Hedgeado,26,0,,Mongeral Aegon Investimentos,Investidores qualificados,Longo Prazo,1000,ABERTO,4,0.006999999999999999,,-,https://www.xpi.com.br/investimentos/fundos-de-investimento/lista/#/detalhes/0d955782-f3bb-4e29-9ba0-6936f1b74ccf,0.0663582940617315,112853723.75
50223269000105,MAG High Grade FIF CI RF CP LP RL,fundos,Renda Fixa,Renda Fixa Duração Livre Crédito Livre,Crédito High Grade,11,0,,Mongeral Aegon Investimentos,Investidores em geral,Longo Prazo,1000,ABERTO,1,0.0045000000000000005,,CDI,https://www.xpi.com.br/investimentos/fundos-de-investimento/lista/#/detalhes/5621bd24-a7ec-44bc-9817-b799ad63b3e2,0.1487724588775274,519331900.67
49916958000116,MARE11 - Manatí Recebíveis Estruturados,fundos,Investimento Imobiliário,FII TVM Gestão Ativa,Fundo Listado,16,0,,Manatí Capital,Investidores em geral,FII,10,FECHADO,0,0.012,0.2,CDI,https://www.xpi.com.br/investimentos/fundos-de-investimento/lista/#/detalhes/1c78d029-2c0d-461d-8d77-0db9e941caf6,,
54698848000165,MCFA11 - Mauá Capital High Grade FII RL,fundos,Investimento Imobiliário,-,Fundo Listado,16,0,,Mauá Capital,Investidores qualificados,FII,5000,FECHADO,0,0.013500000000000002,,IPCA,https://www.xpi.com.br/investimentos/fundos-de-investimento/lista/#/detalhes/4600d46f-28bf-46d8-9932-8ea4434c9b93,,
08869576000100,MOS FIF CIA RL,fundos,Ações,Ações Livre,Renda Variável Long Only,29,0,2,MOS GESTÃO DE INVESTIMENTOS,Investidores em geral,Renda Variavel,5000,FECHADO,32,0.02,0.2,-,https://www.xpi.com.br/investimentos/fundos-de-investimento/lista/#/detalhes/35865ad6-b108-4faa-86c7-3142394624de,0.0058905949466367,17886280.11
58643797000125,MRFA11 - XP Multi Renda FII RL,fundos,Investimento Imobiliário,-,Alternativo Ilíquido,50,0,, XP VISTA ASSET MANAGMENT LTDA,Não definido,FII,10,FECHADO,0,0.0095,0.1,CDI,https://www.xpi.com.br/investimentos/fundos-de-investimento/lista/#/detalhes/a346deb7-0748-4c71-ba67-930951bff155,,
57976053000160,MS Emerging Markets Debt Opportunities CI Mult CP IE RL,fundos,Multimercado,Multimercados Investimento no Exterior,Internacional Renda Fixa Hedgeado,26,0,,XP Allocation Asset Management LTDA.,Investidores em geral,Longo Prazo,500,ABERTO,6,0.008,,-,https://www.xpi.com.br/investimentos/fundos-de-investimento/lista/#/detalhes/aae4aae4-33cc-45dc-8b6e-efcbcdfc214b,0.2510806347378707,47317174.42
40755318000105,MS GLOBAL OPPORTUNITY ADVISORY FIC FIA IE,fundos,Ações,Ações Investimento no Exterior,Internacional Ações Hedgeado,37,1,,XP Allocation Asset Management LTDA.,Investidores qualificados,"Renda Variável_x000D_
",500,ABERTO,6,0.008,,-,https://www.xpi.com.br/investimentos/fundos-de-investimento/lista/#/detalhes/d00d0111-f08a-410c-bd6c-363efa65e39b,0.1069843131388568,28641641.26
42280143000144,MS Global BDR Advisory Dólar FIC FIA BDR Nível I,fundos,Ações,Ações Livre,Internacional Ações Não Hedgeado,29,0,,XP Allocation Asset Management LTDA.,Investidores em geral,Renda Variavel,100,ABERTO,4,0.015,,-,https://www.xpi.com.br/investimentos/fundos-de-investimento/lista/#/detalhes/ef8664c6-e0c3-4d47-bf1a-8fe8c89de271,0.0376634759227478,31208227.97
37489109000144,MS Global Brands Advisory FIC FIA IE,fundos,Ações,Ações Investimento no Exterior,Internacional Ações Hedgeado,26,0,,XP Allocation Asset Management LTDA.,Investidores qualificados,"Renda Variável_x000D_
",500,ABERTO,6,0.008,,-,https://www.xpi.com.br/investimentos/fundos-de-investimento/lista/#/detalhes/2d4664a6-4d97-4754-be08-11a1814515a9,-0.0163343041658793,17828840.34
37331214000150,MS Global Brands Dólar Advisory FIC FIA IE,fundos,Ações,Ações Investimento no Exterior,Internacional Ações Não Hedgeado,26,0,,XP Allocation Asset Management LTDA.,Investidores qualificados,"Renda Variável: Haverá cobrança de IR no momento do resgate sob a alíquota de 15% sobre o rendimento bruto obtido._x000D_
",500,ABERTO,6,0.008,,-,https://www.xpi.com.br/investimentos/fundos-de-investimento/lista/#/detalhes/bb2e990c-d50f-46dc-a2cd-b5c375c2eccb,-0.1308919277321267,20303765.55
32756019000159,MS Global Fixed Income Advisory FIC FIM IE,fundos,Multimercado,Multimercados Investimento no Exterior,Internacional Renda Fixa Hedgeado,26,1,3,XP Allocation Asset Management LTDA.,Investidores qualificados,"Longo Prazo - Alíquota regressiva de IR de 22,5% a 15,0% incidida sobre o lucro obtido no momento do resgate.",500,FECHADO,6,0.006,,-,https://www.xpi.com.br/investimentos/fundos-de-investimento/lista/#/detalhes/1b9f5f73-f00b-433b-9ad9-c505ef17b016,,
33913562000185,MS Global Opportunities Dólar Advisory CIC FIC FIA IE RL,fundos,Ações,Ações Investimento no Exterior,Internacional Ações Não Hedgeado,44,0,,XP Allocation Asset Management LTDA.,Investidores em geral,Renda Variável - Alíquota de IR de 15% incidida sobre o lucro obtido no momento do resgate.,500,ABERTO,6,0.008,,-,https://www.xpi.com.br/investimentos/fundos-de-investimento/lista/#/detalhes/a7e7ff9b-3ce3-4a2e-bf3f-de45af44d0dd,-0.0134408538135906,428514147.11
32386581000138,MS Risco Dinâmico Advisory CIC Multi IE RL,fundos,Multimercado,Multimercados Investimento no Exterior,Internacional Multimercado Hedgeado,26,0,,XP Allocation Asset Management LTDA.,Investidores qualificados,"Longo Prazo - Alíquota regressiva de IR de 22,5% a 15,0% incidida sobre o lucro obtido no momento do resgate.",500,ABERTO,6,0.008,,-,https://www.xpi.com.br/investimentos/fundos-de-investimento/lista/#/detalhes/70ea3928-0d2c-4486-892e-cdf67efcef14,0.1881446687492687,55447668.95
38542735000110,MS US ADVANTAGE ADVISORY CI AÇÕES IE RL,fundos,Ações,Ações Investimento no Exterior,Internacional Ações Hedgeado,53,1,,XP Allocation Asset Management LTDA.,Investidores em geral,"Renda Variável: Haverá cobrança de IR no momento do resgate sob a alíquota de 15% sobre o rendimento bruto obtido._x000D_
",500,ABERTO,6,0.01,,-,https://www.xpi.com.br/investimentos/fundos-de-investimento/lista/#/detalhes/797c32d8-b4ab-4cb9-bb9e-c19f4301abe6,0.0185801282561666,11911767.6
17899612000160,Mag Cash FIRF LP,fundos,Renda Fixa,Renda Fixa Duração Livre Crédito Livre,Crédito Liquidez,11,0,4,Mongeral Aegon Investimentos,Investidores em geral,"Incidirá no último dia útil dos meses de maio e novembro de cada ano, ou no resgate, se ocorrido em data anterior.",100,FECHADO,1,0.008,0.2,CDI,https://www.xpi.com.br/investimentos/fundos-de-investimento/lista/#/detalhes/57794ff6-00c2-427c-9219-806078060e3c,0.146209258764322,2115751542.76
50697486000137,Mag High Grade Plus 30 FIF RF CP LP RL,fundos,Renda Fixa,Renda Fixa Duração Livre Crédito Livre,Crédito High Grade,11,0,,Mongeral Aegon Investimentos,Investidores em geral,Longo Prazo,1000,ABERTO,31,0.0064,0.2,CDI,https://www.xpi.com.br/investimentos/fundos-de-investimento/lista/#/detalhes/e6a09683-e95d-4af4-a9df-adcaedf2aaa0,0.1489470228908918,314761882.76
14115118000170,Mag Inflação Referenciado IMA-B FIRF FIF CIRF LP RL,fundos,Renda Fixa,Renda Fixa Duração Alta Grau de Investimento,Renda Fixa Inflação,10,0,3,Mongeral Aegon Investimentos,Investidores em geral,"Longo Prazo_x000D_
",1000,ABERTO,3,0.005,0.2,IMA-B,https://www.xpi.com.br/investimentos/fundos-de-investimento/lista/#/detalhes/038994eb-a153-485f-927b-95ac0aa78d23,0.0903477549020745,61854926.89
11435287000107,Mag Renda Fixa FIF CI RL,fundos,Renda Fixa,Renda Fixa Duração Livre Grau de Investimento,Crédito Liquidez,10,0,4,Mongeral Aegon Investimentos,Investidores em geral,"Longo Prazo - Alíquota regressiva de IR de 22,5% a 15,0% incidida sobre o lucro obtido no momento do resgate.",1000,ABERTO,0,0.003,,CDI,https://www.xpi.com.br/investimentos/fundos-de-investimento/lista/#/detalhes/c3d87f71-284d-4696-9b11-b0fee506fad2,0.1471708759845893,864188512.94
59604698000105,Manatí Renda CDI FII RL,fundos,Investimento Imobiliário,-,Fundo Listado,33,0,,Manatí Capital,Investidores em geral,FII,100,FECHADO,0,0.012,0.2,CDI,https://www.xpi.com.br/investimentos/fundos-de-investimento/lista/#/detalhes/9c11f9b9-69e1-4d23-905a-21e3827b2791,,
14083797000142,Mantaro Ações FIF em Cotas de FIA,fundos,Ações,Ações Livre,Renda Variável Long Only,28,0,4,Mantaro Capital,Investidores em geral,Renda Variável - Alíquota de IR de 15% incidida sobre o lucro obtido no momento do resgate.,500,ABERTO,17,0.029300000000000003,,-,https://www.xpi.com.br/investimentos/fundos-de-investimento/lista/#/detalhes/c0a782a8-d0d1-4786-be17-983ea1821990,-0.0414989008490321,29316518.96
45653398000101,Mantaro Equity Hedge FIF Multimercado,fundos,Multimercado,Multimercados Livre,Multiestratégia,13,0,,Mantaro Capital,Investidores em geral,Renda Variável ,500,ABERTO,31,0.02,0.2,CDI,https://www.xpi.com.br/investimentos/fundos-de-investimento/lista/#/detalhes/a47bad2b-b100-4784-8193-e2185ff6a892,0.0881834273911152,175841395.59
17002861000101,Mantaro LB FIF em Cotas de FIM,fundos,Multimercado,Multimercados Livre,Renda Variável Long Biased,23,0,5,Mantaro Capital,Investidores em geral,Renda Variável - Alíquota de IR de 15% incidida sobre o lucro obtido no momento do resgate.,500,ABERTO,32,0.019299999999999998,0.2,-,https://www.xpi.com.br/investimentos/fundos-de-investimento/lista/#/detalhes/40103a92-59ea-4d76-9e40-3ad3428758d8,0.0081620316277328,94274379.99
51253495000100,Mapfre Confianza FIF RF Referenciado DI CP RL,fundos,Renda Fixa,Renda Fixa Duração Baixa Grau de Investimento,Crédito Liquidez,2,0,,MAPFRE Investimentos,Investidores em geral,Longo Prazo,1000,ABERTO,0,0.0034999999999999996,,CDI,https://www.xpi.com.br/investimentos/fundos-de-investimento/lista/#/detalhes/9d1dbc12-22b7-4dc1-93ef-ac14f0ebffed,0.1515913844356315,18326998734.24
08610270000126,Mapfre FIF RF RL,fundos,Renda Fixa,Renda Fixa Duração Média Grau de Investimento,Renda Fixa Ativo,6,0,3,MAPFRE Investimentos,Investidores em geral,"Longo Prazo - Alíquota regressiva de IR de 22,5% a 15,0% incidida sobre o lucro obtido no momento do resgate.",100,ABERTO,0,0.0045000000000000005,,CDI,https://www.xpi.com.br/investimentos/fundos-de-investimento/lista/#/detalhes/ce422e61-05ed-42d6-bf63-f3afe76b0ce1,0.1472039649304297,3216289283.24
32397723000162,Mar Absoluto FIF em Cotas de FIM,fundos,Multimercado,Multimercados Livre,Macro Alta Vol,15,0,5,Mar Asset Management,Investidores em geral,Longo Prazo,5000,FECHADO,31,0.02,0.2,CDI,https://www.xpi.com.br/investimentos/fundos-de-investimento/lista/#/detalhes/f89cdaba-0908-41a9-adc7-84948eea48ed,-0.2295783797121878,232056680.06
57979459000104,Mauá Capital Logística Feeder FII - RL,fundos,Investimento Imobiliário,-,Alternativo Ilíquido,50,0,,Mauá Capital,Não definido,FII,10,FECHADO,0,0.011399999999999999,0.2,-,https://www.xpi.com.br/investimentos/fundos-de-investimento/lista/#/detalhes/cace4753-ed0a-4d0c-bd7f-d70476377838,,
46300572000197,Meraki Brabus FIF FIA,fundos,Ações,Ações Investimento no Exterior,Renda Variável Long Only,26,0,,Meraki Capital,Investidores em geral,Ações,1000,ABERTO,32,0.02,0.2,Ibovespa,https://www.xpi.com.br/investimentos/fundos-de-investimento/lista/#/detalhes/a5c2b1a6-3a3d-43ac-a9d9-15b41cc685c7,0.1412839822230729,427365607.76
38049108000141,Meraki Equity Hedge FIF em Cotas de FIM,fundos,Multimercado,Multimercados Investimento no Exterior,Long Short Direcional,26,0,,Meraki Capital,Investidores em geral,Longo Prazo,1000,ABERTO,17,0.018500000000000003,0.2,CDI,https://www.xpi.com.br/investimentos/fundos-de-investimento/lista/#/detalhes/0f5c3354-4a2d-475d-865f-76be8f960392,0.1315098635187566,107981388.9
38049303000171,Meraki LB FIC em Cotas de FIM,fundos,Multimercado,Multimercados Investimento no Exterior,Renda Variável Long Biased,26,0,,Meraki Capital,Investidores em geral,Renda Variável,1000,ABERTO,32,0.018500000000000003,0.2,-,https://www.xpi.com.br/investimentos/fundos-de-investimento/lista/#/detalhes/869e3264-39e7-47a7-b8f3-f482123e184e,0.1152364251020319,115868286.26
35354967000156,Moat Capital Advisory FIC FIA,fundos,Ações,Ações Livre,Renda Variável Long Only,40,0,,Moat Capital,Investidores em geral,Renda Variável - Alíquota de IR de 15% incidida sobre o lucro obtido no momento do resgate.,1000,ABERTO,17,0.018500000000000003,0.2,Ibovespa,https://www.xpi.com.br/investimentos/fundos-de-investimento/lista/#/detalhes/cfec577a-de50-4d4f-a9f4-bb14f92d31b0,-0.1593426163471052,50266914.67
41326095000115,Moat Capital Equity Hedge Advisory FIC FIM,fundos,Multimercado,Multimercados Long and Short Direcional,Long Short Neutro,13,0,,Moat Capital,Investidores em geral,"Renda Variável_x000D_
",1000,FECHADO,31,0.018500000000000003,0.2,CDI,https://www.xpi.com.br/investimentos/fundos-de-investimento/lista/#/detalhes/7c09394d-336c-431f-b245-7159cf8930b5,0.0827190577932917,41073344.01
24140256000162,Moat Capital Equity Hedge FIF CIC Multimercado RL CI RF - Subclasse I,fundos,Multimercado,Multimercados Long and Short Direcional,Long Short Neutro,13,0,4,Moat Capital,Investidores em geral,Renda Variável - Alíquota de IR de 15% incidida sobre o lucro obtido no momento do resgate.,1000,FECHADO,31,0.018500000000000003,0.2,CDI,https://www.xpi.com.br/investimentos/fundos-de-investimento/lista/#/detalhes/49cdafe3-6ec3-458f-b65a-8ee56204e21c,,
31392336000170,Moat Capital Total Return Advisory FIF CIC Multimercado RL,fundos,Multimercado,Multimercados Livre,Renda Variável Long Biased,20,0,5,Moat Capital,Investidores em geral,Renda Variável - Alíquota de IR de 15% incidida sobre o lucro obtido no momento do resgate.,1000,FECHADO,32,0.018500000000000003,0.2,CDI,https://www.xpi.com.br/investimentos/fundos-de-investimento/lista/#/detalhes/b5e7c743-c596-419e-a8d5-b95090b91699,0.1593638227911746,18179389.24
39774403000123,Monashees Expansion Venture Capital Advisory FIM CP IE,fundos,Participações - Multiestratégia,Multimercados Investimento no Exterior,Alternativo Ilíquido,50,0,,XP Allocation Asset Management LTDA.,Investidores profissionais,FIP,500000,FECHADO,,0.005,,-,https://www.xpi.com.br/investimentos/fundos-de-investimento/lista/#/detalhes/0305883e-6e1a-4a4c-8887-ea54a02807ae,,
57922672000171,Morada FIF em Ações RL,fundos,Ações,Ações Livre,Renda Variável Long Biased,26,0,,Morada Capital LTDA,Investidores qualificados,Ações,5000,ABERTO,32,0.02,0.2,IPCA + Yield IMA-B,https://www.xpi.com.br/investimentos/fundos-de-investimento/lista/#/detalhes/6417c91a-bf74-4afb-8e2a-4c079ee7dc1f,0.1173418292941526,47528922.47
19186860000190,Módulo I FIC de FIF em Ações RL,fundos,Ações,Ações Valor/Crescimento,Renda Variável Long Only,29,0,3,Módulo Capital,Investidores qualificados,Renda Variável - Alíquota de IR de 15% incidida sobre o lucro obtido no momento do resgate.,5000,FECHADO,32,0.02,0.1,-,https://www.xpi.com.br/investimentos/fundos-de-investimento/lista/#/detalhes/429b1c84-76a5-4fc5-90f2-8c0b11a6683f,0.0455037187710078,89197715.15
56958829000156,NFIP11 - Navi Infra FIP-IE (RL),fundos,Participações - Infraestrutura,-,Fundo Listado,50,0,,NAVI YIELD - ADMINISTRADORA E GESTORA DE RECURSOS FINANCEIROS LTDA (*),Não definido,FIP IE,10,FECHADO,0,0.015,0.2,IMA-B,https://www.xpi.com.br/investimentos/fundos-de-investimento/lista/#/detalhes/6be4027d-7bf5-45ea-a281-2146a834a89c,-0.0085891101064737,72031748.3
36017965000134,NU Performance FIF RF Referenciado DI RL,fundos,Renda Fixa,Renda Fixa Duração Baixa Grau de Investimento,Crédito Liquidez,10,0,,Nu Asset Management,Investidores em geral,Longo Prazo,500,ABERTO,1,0.003,,CDI,https://www.xpi.com.br/investimentos/fundos-de-investimento/lista/#/detalhes/2e7ce0a9-6677-4e4e-abfb-ef18d4d5a238,0.1454292203526557,16583046.15
34793078000122,Navi Cruise Advisory FIC FIA,fundos,Ações,Ações Livre,Renda Variável Long Only,26,0,,Navi Capital,Investidores em geral,Renda Variável - Alíquota de IR de 15% incidida sobre o lucro obtido no momento do resgate.,5000,ABERTO,32,0.02,0.2,Ibovespa,https://www.xpi.com.br/investimentos/fundos-de-investimento/lista/#/detalhes/a5ea3114-6d17-4131-8a04-d977faf0d8f5,0.1190036161738865,5392706.47
34633411000136,Navi Fender FIC FIA,fundos,Ações,Ações Livre,Renda Variável Long Biased,26,0,,Navi Capital,Investidores qualificados,Ações,5000,ABERTO,62,0.0195,0.2,IMA-B,https://www.xpi.com.br/investimentos/fundos-de-investimento/lista/#/detalhes/3ca5b021-75bb-4599-9f43-998a40fdca1d,0.1247863841494938,16704163.75
14113340000133,Navi Institucional FIC FIA,fundos,Ações,Ações Livre,Renda Variável Long Only,26,0,5,Navi Capital,Investidores em geral,Renda Variável - Alíquota de IR de 15% incidida sobre o lucro obtido no momento do resgate.,10000,FECHADO,32,0.015,0.2,Ibovespa,https://www.xpi.com.br/investimentos/fundos-de-investimento/lista/#/detalhes/6478ef32-3c08-4c07-87ae-e0f5cfc22976,0.1999326750527137,347874331.33
12430199000177,Navi LS FIC FIM,fundos,Multimercado,Multimercados Long and Short Direcional,Long Short Direcional,13,0,4,Navi Capital,Investidores em geral,Ações,5000,ABERTO,32,0.02,0.2,CDI,https://www.xpi.com.br/investimentos/fundos-de-investimento/lista/#/detalhes/018e8fdf-869f-4ae9-a9e5-0711652623f6,0.1008613565189107,24663388
26680221000141,Navi Long Biased FIC FIM,fundos,Multimercado,Multimercados Livre,Renda Variável Long Biased,14,0,5,Navi Capital,Investidores qualificados,Renda Variavel,5000,ABERTO,62,0.02,0.2,IMA-B,https://www.xpi.com.br/investimentos/fundos-de-investimento/lista/#/detalhes/f5718ec3-8fdb-45cf-9e4b-0a7a6acfee21,0.1277373539908421,26827457.41
53251006000106,Navi Residencial Prime Opportunities - Classe A - FII Resp L,fundos,Investimento Imobiliário,-,Alternativo Ilíquido,50,0,,Navi Real Estate Ventures,Não definido,FII,3000000,FECHADO,0,0.015,0.2,-,https://www.xpi.com.br/investimentos/fundos-de-investimento/lista/#/detalhes/4e3ea7ee-b4a6-468e-b704-1161bfc6253d,,
53251006000106,Navi Residencial Prime Opportunities - Classe B - FII Resp L,fundos,Investimento Imobiliário,-,Alternativo Ilíquido,50,0,,Navi Real Estate Ventures,Não definido,FII,1000000,FECHADO,0,0.015,0.2,-,https://www.xpi.com.br/investimentos/fundos-de-investimento/lista/#/detalhes/e162d9cb-5827-4015-96d9-2c9e7aa0915b,,
08771538000101,Neo Multi Estratégia 30 Feeder FIC FIM,fundos,Multimercado,Multimercados Macro,Multiestratégia,13,0,5,NEO Investimentos,Investidores em geral,"Longo Prazo - Alíquota regressiva de IR de 22,5% a 15,0% incidida sobre o lucro obtido no momento do resgate.",1000,ABERTO,31,0.02,0.2,CDI,https://www.xpi.com.br/investimentos/fundos-de-investimento/lista/#/detalhes/6d2550a0-c681-4c19-b3a5-1c8c826c4e0d,0.067729741052527,37922706.61
26218614000138,Neo Navitas B FIC FIA,fundos,Ações,Ações Valor/Crescimento,Renda Variável Long Only,32,0,2,NEO Investimentos,Investidores em geral,Renda Variável - Alíquota de IR de 15% incidida sobre o lucro obtido no momento do resgate.,1000,ABERTO,32,0.02,0.2,Ibovespa,https://www.xpi.com.br/investimentos/fundos-de-investimento/lista/#/detalhes/f9894aad-d208-4ed8-93eb-ea8ad43bd87d,0.0606801205654217,7780984.84
26324209000102,Neo Provectus I FIC FIM,fundos,Multimercado,Multimercados Macro,Multiestratégia,13,0,5,NEO Investimentos,Investidores qualificados,"Longo Prazo_x000D_
",10000,ABERTO,31,0.02,0.2,CDI,https://www.xpi.com.br/investimentos/fundos-de-investimento/lista/#/detalhes/2699e46b-2e9a-4978-9644-ccd5b228b55c,0.0409785993211402,169682085.29
64006995000180,Nest Falcon FIF MM RL,fundos,Multimercado,Multimercados Livre,Long Short Direcional,13,0,,Nest Asset Management,Investidores em geral,Longo Prazo,1000,FECHADO,17,0.02,0.2,CDI,https://www.xpi.com.br/investimentos/fundos-de-investimento/lista/#/detalhes/b0008fec-b6ba-4b4d-90d6-8485226ba4a4,,2079780.67
20485402000130,Neuberger Berman US MultiCap Opportunities Dolar Advisory FIC FIA IE RL,fundos,Ações,Ações Investimento no Exterior,Internacional Ações Não Hedgeado,26,0,3,XP Allocation Asset Management LTDA.,Investidores em geral,Renda Variável.,500,ABERTO,6,0.01,,-,https://www.xpi.com.br/investimentos/fundos-de-investimento/lista/#/detalhes/fb296773-60cf-438d-946c-2770d3434b4e,0.0634714793980302,125164212.54
62604345000101,Newave Crédito Infra30 FIF em Infra RF CP RL - Subclasse I,fundos,Renda Fixa,-,Debêntures Incentivadas Não Hedgeado,11,0,,Newave Investimentos,Não definido,Debêntures Incentivadas,500,ABERTO,30,0.01,,IMA-B,https://www.xpi.com.br/investimentos/fundos-de-investimento/lista/#/detalhes/6190a2fc-fd07-4f2b-9573-599e5f5c80a1,,12786606.2
46153220000156,Newave Energia FIP - Classe D (com DI),fundos,Participações - Multiestratégia,Fundos de Participações,Alternativo Ilíquido,50,0,,Newave Investimentos,Investidores qualificados,FIP,10900,FECHADO,,0.0212,0.2,-,https://www.xpi.com.br/investimentos/fundos-de-investimento/lista/#/detalhes/d2449231-3fbe-4a94-a6c9-a4b97d6a508f,,453453416.45
46153220000156,Newave Energia FIP - Classe E (sem DI),fundos,Participações - Multiestratégia,Fundos de Participações,Alternativo Ilíquido,50,0,,Newave Investimentos,Investidores qualificados,FIP,500310,FECHADO,,0.0212,0.2,-,https://www.xpi.com.br/investimentos/fundos-de-investimento/lista/#/detalhes/fd40e39a-db19-4640-91ef-591b6e6f6cf9,,453453416.45
57341740000109,Newave Energia I Advisory Classe D Trend PE XXVII FIC RF Simples,fundos,Renda Fixa,Renda Fixa Simples,Alternativo Ilíquido,50,0,,XP Allocation Asset Management LTDA.,Investidores qualificados,Longo Prazo,500,FECHADO,1998,0.0005,,CDI,https://www.xpi.com.br/investimentos/fundos-de-investimento/lista/#/detalhes/26a4b77a-b5cf-4417-b79e-ceec10bb0117,0.1462302079490773,76060389.40999998
46153220000156,Newave Energia I Advisory – Classe A - FIP Multiestratégia,fundos,Participações - Multiestratégia,Fundos de Participações,Alternativo Ilíquido,50,0,,Newave Investimentos,Investidores qualificados,FIP,10000,FECHADO,,0.0212,0.2,-,https://www.xpi.com.br/investimentos/fundos-de-investimento/lista/#/detalhes/790d03f7-b21b-46dd-9b27-9927a4a17a9d,,453453416.45
46153220000156,Newave Energia I Advisory – Classe B - FIP Multiestratégia,fundos,Participações - Multiestratégia,Fundos de Participações,Alternativo Ilíquido,50,0,,Newave Investimentos,Investidores qualificados,FIP,1000000,FECHADO,,0.0212,0.2,-,https://www.xpi.com.br/investimentos/fundos-de-investimento/lista/#/detalhes/ae55e374-3a5a-41f4-9bb8-6fadadf24f17,,453453416.45
39602877000198,Nordea Alfa 10 Dolar Advisory FIC FIM IE,fundos,Multimercado,Multimercados Investimento no Exterior,Internacional Multimercado Não Hedgeado,26,0,,XP Allocation Asset Management LTDA.,Investidores qualificados,"Longo Prazo - Alíquota regressiva de IR de 22,5% a 15,0% incidida sobre o lucro obtido no momento do resgate._x000D_
",500,ABERTO,6,0.0055000000000000005,,-,https://www.xpi.com.br/investimentos/fundos-de-investimento/lista/#/detalhes/a8646f4b-ff82-4a00-8a2d-a74e38823983,0.0530551990959422,5684864.72
57660583000102,Norte Equity Hedge FIF em Cotas de FIM RL,fundos,Multimercado,Multimercados Livre,Long Short Neutro,13,0,,Norte Asset Management,Investidores qualificados,Ações,1000,ABERTO,31,0.0197,0.2,CDI,https://www.xpi.com.br/investimentos/fundos-de-investimento/lista/#/detalhes/57d8cc4a-a5a3-4e32-89dd-b5804552d524,0.2191879294369476,229996382.88
37467515000106,Norte LB CIC de CIM RL,fundos,Multimercado,Multimercados Livre,Renda Variável Long Biased,19,0,,Norte Asset Management,Investidores qualificados,Renda Variavel,1000,ABERTO,32,0.018000000000000002,0.2,-,https://www.xpi.com.br/investimentos/fundos-de-investimento/lista/#/detalhes/ef763eab-8112-4619-885f-e6b70e3012f7,0.2311324451447616,89682234.95
45443993000104,Novus Credito High Grade FIM LP,fundos,Multimercado,Multimercados Livre,Crédito High Grade,13,0,,Novus Crédito Gestão de Recursos Ltda.,Investidores em geral,Longo Prazo,1000,FECHADO,31,0.006999999999999999,0.2,CDI,https://www.xpi.com.br/investimentos/fundos-de-investimento/lista/#/detalhes/a539cf9d-4a2b-4e7f-ba12-71cba6827e5b,0.1472886407020051,114113220.56
51102761000195,Novus Plus FIF em Cotas de FIM,fundos,Multimercado,Multimercados Macro,Multiestratégia,14,0,,Novus Capital,Investidores qualificados,Ações,50000,ABERTO,32,0.019,0.2,CDI,https://www.xpi.com.br/investimentos/fundos-de-investimento/lista/#/detalhes/447a644b-5825-449a-855f-a4bbd178d62d,0.1617005227543568,6039916.34
54484843000130,Novus RF Isento FIC FI Infraestrutura CP RL,fundos,Renda Fixa,Renda Fixa Duração Livre Crédito Livre,Outros -> Código Recebido: 54,11,0,,Novus Capital,Investidores em geral,Debêntures Incentivadas,500,FECHADO,31,0.0098,0.25,CDI,https://www.xpi.com.br/investimentos/fundos-de-investimento/lista/#/detalhes/416f3e43-3945-4323-8ff5-53a823d2f2ee,0.1017022497364847,143507297.58
27749572000124,OWN Participações FIF em Ações - Sub A,fundos,Ações,Ações Livre,Renda Variável Long Only,34,0,3,OWN PARTNERS GESTÃO DE RECURSOS LTDA,Investidores em geral,Renda Variavel,1000,ABERTO,10,0.02,0.2,IBX,https://www.xpi.com.br/investimentos/fundos-de-investimento/lista/#/detalhes/94d0e73d-d71b-44ce-ad7f-d216064e4dc0,,
29853005000149,Oaktree Global Credit BRL FIC FIM,fundos,Multimercado,Multimercados Investimento no Exterior,Internacional Renda Fixa Hedgeado,26,1,,Gama Investimentos,Investidores qualificados,"Longo Prazo - Alíquota regressiva de IR de 22,5% a 15,0% incidida sobre o lucro obtido no momento do resgate.",500,ABERTO,12,0.0085,,CDI,https://www.xpi.com.br/investimentos/fundos-de-investimento/lista/#/detalhes/e7332635-dbf9-4b43-9704-34cd4f0e3487,0.1302340927009226,619971431.81
38281467000120,Oaktree Global Credit USD Advisory FIC FIM,fundos,Multimercado,Multimercados Investimento no Exterior,Internacional Renda Fixa Não Hedgeado,26,0,,Gama Investimentos,Investidores qualificados,"Longo Prazo - Alíquota regressiva de IR de 22,5% a 15,0% incidida sobre o lucro obtido no momento do resgate._x000D_
",500,ABERTO,12,0.0085,,-,https://www.xpi.com.br/investimentos/fundos-de-investimento/lista/#/detalhes/d1c0ff39-b726-4933-9d0d-43768fda67c7,-0.0128270451798012,118309343.49
66592089000130,Oby Terras 1 Fiagro RL - Subclasse A,fundos,Investimento Imobiliário,-,Crédito Estruturado,26,0,,Oby Capital,Não definido,Fiagro,500,FECHADO,0,0.015,0.2,CDI,https://www.xpi.com.br/investimentos/fundos-de-investimento/lista/#/detalhes/22821e1e-e924-46dd-9070-2e6870b4d631,,
43104966000181,Oby Ágil FIRF RL,fundos,Renda Fixa,Renda Fixa Duração Livre Crédito Livre,Crédito Liquidez,11,0,,Oby Capital,Investidores em geral,Longo Prazo,100,ABERTO,0,0.004,,CDI,https://www.xpi.com.br/investimentos/fundos-de-investimento/lista/#/detalhes/b8149f19-4e7f-4988-9819-a70bab39f53d,0.1443753214372325,546111266.36
60594084000160,Occam Baixa Volatilidade FIC FIF RF CP RL,fundos,Renda Fixa,Renda Fixa Duração Livre Crédito Livre,Crédito Liquidez,12,0,,Occam Investimentos,Investidores em geral,Longo Prazo,1000,ABERTO,2,0.0045000000000000005,,CDI,https://www.xpi.com.br/investimentos/fundos-de-investimento/lista/#/detalhes/ec2427aa-a83d-4b53-8247-b3efe031ed15,0.1502490861130661,88431575.31999998
47586648000155,Occam Crédito Corporativo 30 FIC FIF RF CP LP RL,fundos,Renda Fixa,Renda Fixa Duração Livre Crédito Livre,Crédito High Grade,12,0,,Occam Investimentos,Investidores em geral,Longo Prazo,500,ABERTO,31,0.006,0.2,CDI,https://www.xpi.com.br/investimentos/fundos-de-investimento/lista/#/detalhes/ae021c2a-c6bc-477a-b0b6-345ab15ac09c,0.1488898017800981,456479746.29
38267707000131,Occam Equity Hedge Advisory FIC FIF Multi RL,fundos,Multimercado,Multimercados Livre,Long Short Direcional,14,0,,Occam Investimentos,Investidores em geral,Longo Prazo,1000,ABERTO,15,0.02,0.2,CDI,https://www.xpi.com.br/investimentos/fundos-de-investimento/lista/#/detalhes/c1c6c1a3-bb26-46a0-9d54-008d177660de,0.0852021122994528,53755121.23
11628883000103,Occam FIC FIA,fundos,Ações,Ações Valor/Crescimento,Renda Variável Long Only,27,0,4,Occam Investimentos,Investidores em geral,Renda Variável - Alíquota de IR de 15% incidida sobre o lucro obtido no momento do resgate.,5000,ABERTO,17,0.02,0.2,Ibovespa,https://www.xpi.com.br/investimentos/fundos-de-investimento/lista/#/detalhes/f6703e5b-5baa-4def-aaf9-69dc7e13d994,0.2012137153478304,437556642.19
54344616000109,Occam Infra Ativo 30 FIC FIF RF Investimento Infra CP RL,fundos,Renda Fixa,Renda Fixa Duração Livre Crédito Livre,Outros -> Código Recebido: 54,12,1,,Occam Investimentos,Investidores em geral,Debêntures Incentivadas,500,ABERTO,31,0.013000000000000001,,CDI,https://www.xpi.com.br/investimentos/fundos-de-investimento/lista/#/detalhes/2633fb99-0b4a-4cc3-81d6-7bf4fa58770d,0.0804676535192905,128746881.25
62298816000109,Occam Infra Sênior I RF FIC FI-Infra,fundos,Renda Fixa,Renda Fixa Duração Livre Crédito Livre,Debêntures Incentivadas Hedgeado,12,0,,Occam Investimentos,Investidores em geral,FI-Infra,500,FECHADO,15,0.008199999999999999,,CDI,https://www.xpi.com.br/investimentos/fundos-de-investimento/lista/#/detalhes/1a73a14b-9aee-4a6a-84ea-0bc50b138587,0.1416599274555803,398534079.57
15578417000103,Occam Institucional FIC FIF Multi II RL,fundos,Multimercado,Multimercados Livre,Macro Baixa Vol,14,0,3,Occam Investimentos,Investidores em geral,"Longo Prazo - Alíquota regressiva de IR de 22,5% a 15,0% incidida sobre o lucro obtido no momento do resgate.",1000,ABERTO,1,0.01,0.2,CDI,https://www.xpi.com.br/investimentos/fundos-de-investimento/lista/#/detalhes/5a0b8b21-313a-4ebd-901f-978f17bd063b,0.1096027774820618,63460621.03
46098897000139,Occam Liquidez FIC FIF RF CP RL,fundos,Renda Fixa,Renda Fixa Duração Livre Crédito Livre,Crédito Liquidez,12,0,,Occam Investimentos,Investidores em geral,Longo Prazo,1000,ABERTO,1,0.004,,CDI,https://www.xpi.com.br/investimentos/fundos-de-investimento/lista/#/detalhes/97f81c3f-700d-4e08-8db8-425c5e4eb3ad,0.1499115334336298,4097056116.6
17164789000119,Occam Long & Short Plus FIC FIF Multi RL,fundos,Multimercado,Multimercados Long and Short Direcional,Long Short Direcional,14,0,4,Occam Investimentos,Investidores em geral,Renda Variável - Alíquota de IR de 15% incidida sobre o lucro obtido no momento do resgate.,5000,ABERTO,32,0.02,0.2,CDI,https://www.xpi.com.br/investimentos/fundos-de-investimento/lista/#/detalhes/de4fc670-4739-4a5e-8be6-18b9c5a488fa,0.0552444770915825,22639404.95
35714550000157,Occam Long Biased Advisory FIC FIF Multi RL,fundos,Multimercado,Multimercados Long and Short Direcional,Renda Variável Long Biased,26,0,2,Occam Investimentos,Investidores em geral,Renda Variável - Alíquota de IR de 15% incidida sobre o lucro obtido no momento do resgate.,500,ABERTO,32,0.02,0.2,-,https://www.xpi.com.br/investimentos/fundos-de-investimento/lista/#/detalhes/065947b7-df5a-4213-b94e-7fe433433ec1,0.0007966560678724,2157769.27
59560195000177,Occam Portfolio Crédito FIDC RL,fundos,Direito Creditório,-,Fundo Listado,40,0,,Occam Investimentos,Não definido,FIDC,100,FECHADO,0,0.008,0.2,CDI,https://www.xpi.com.br/investimentos/fundos-de-investimento/lista/#/detalhes/d1841fe1-48b2-4bc3-95e0-2f859eac0511,0.15249842807702,126509639.72
34475592000110,Occam Retorno Absoluto Advisory FIC FIF Multi - RL,fundos,Multimercado,Multimercados Livre,Multiestratégia,14,0,3,Occam Investimentos,Investidores em geral,"Longo Prazo - Alíquota regressiva de IR de 22,5% a 15,0% incidida sobre o lucro obtido no momento do resgate.",1000,ABERTO,32,0.02,0.2,CDI,https://www.xpi.com.br/investimentos/fundos-de-investimento/lista/#/detalhes/6a794ab8-cdf3-4b90-8dc3-30575f26b2dd,0.0532200668760312,146042950.43
15656344000120,Oceana Equity Hedge FIC FIM RL,fundos,Multimercado,Multimercados Long and Short Neutro,Renda Variável Long Short Direcional,12,1,,Oceana Investimentos,Investidores em geral,Ações,5000,ABERTO,32,0.02,0.2,CDI,https://www.xpi.com.br/investimentos/fundos-de-investimento/lista/#/detalhes/cf02ed6c-d134-4375-93f2-6b287a079665,0.0435103237876732,186822013.01
33401080000146,Oceana Long Biased Advisory FIC FIM,fundos,Multimercado,Multimercados Livre,Renda Variável Long Biased,14,1,,Oceana Investimentos,Investidores em geral,Renda Variável - Alíquota de IR de 15% incidida sobre o lucro obtido no momento do resgate.,5000,ABERTO,62,0.02,0.15,-,https://www.xpi.com.br/investimentos/fundos-de-investimento/lista/#/detalhes/68031d8f-cb18-43d2-80ed-fcb4842aac63,0.1074687927776416,111571704.96
26956042000194,Oceana Valor 30 FIF em Cotas de FIA,fundos,Ações,Ações Índice Ativo,Renda Variável Long Only,26,0,4,Oceana Investimentos,Investidores em geral,Renda Variável ,50000,ABERTO,32,0.02,0.2,Ibovespa,https://www.xpi.com.br/investimentos/fundos-de-investimento/lista/#/detalhes/0744b99f-da93-4c27-abc7-94c3d1976292,0.1927072378559096,481970675.49
46352768000125,Opportunity Global Equity em Dólar Institucional FIC de FIF Ações IE RL,fundos,Ações,Ações Investimento no Exterior,Internacional Ações Não Hedgeado,26,0,,Opportunity Asset Management,Investidores qualificados,Ações,5000,ABERTO,5,0.013999999999999999,0.2,S&P 500,https://www.xpi.com.br/investimentos/fundos-de-investimento/lista/#/detalhes/5a2f1800-369f-439a-a5be-e5914074c0d0,0.1262509472874748,196312862.68
46351969000108,Opportunity Global Equity em Real Institucional FIC de FIF de Açoes IE RL,fundos,Ações,Ações Investimento no Exterior,Internacional Ações Hedgeado,26,0,,Opportunity Asset Management,Investidores qualificados,Renda Variavel,5000,ABERTO,5,0.013999999999999999,0.2,S&P 500,https://www.xpi.com.br/investimentos/fundos-de-investimento/lista/#/detalhes/c4ca7232-b812-46f6-87bf-7c3ab9c594da,0.2631684586142102,293219807.33
54307808000145,Opportunity Income FIC FIF RF LP RL,fundos,Renda Fixa,Renda Fixa Duração Livre Crédito Livre,Renda Fixa Inflação,12,0,,Opportunity Asset Management,Investidores em geral,Longo Prazo,5000,ABERTO,5,0.01,0.2,CDI,https://www.xpi.com.br/investimentos/fundos-de-investimento/lista/#/detalhes/8be36a08-53a5-4600-8461-0fbed5495078,0.1056160929072524,336296508.14
00947958000194,Opportunity Market FIC de FIF Multimercado RL,fundos,Multimercado,Multimercados Macro,Macro Média Vol,14,0,4,Opportunity Asset Management,Investidores em geral,Renda Variável - Alíquota de IR de 15% incidida sobre o lucro obtido no momento do resgate.,5000,ABERTO,1,0.013999999999999999,0.2,CDI,https://www.xpi.com.br/investimentos/fundos-de-investimento/lista/#/detalhes/abc2f018-1638-49df-896f-b4230de4b09b,0.1285353670500937,14297505.06
13106983000197,Opportunity Selection FIC FIF Ações - Resp Limitada,fundos,Ações,Ações Livre,Renda Variável Long Only,34,0,3,Opportunity Asset Management,Investidores em geral,Renda Variável - Alíquota de IR de 15% incidida sobre o lucro obtido no momento do resgate.,5000,FECHADO,3,0.0199,0.2,Ibovespa,https://www.xpi.com.br/investimentos/fundos-de-investimento/lista/#/detalhes/b8242894-e780-4b74-9c05-5d093d7ddc3b,0.3833536395337089,100799280.98
05448587000110,Opportunity Total FIC de FIF Multimercado,fundos,Multimercado,Multimercados Macro,Macro Alta Vol,14,0,4,Opportunity Asset Management,Investidores em geral,Renda Variável - Alíquota de IR de 15% incidida sobre o lucro obtido no momento do resgate.,5000,ABERTO,3,0.019,0.2,CDI,https://www.xpi.com.br/investimentos/fundos-de-investimento/lista/#/detalhes/41c49480-276a-448d-9783-fd1d947e6314,0.1248654006929386,155275225.22
52242659000158,Organon 60 FIF em Cotas de FIA RL,fundos,Ações,Ações Livre,Renda Variável Small/Mid Caps,26,0,,Organon Capital,Investidores qualificados,Ações,10000,ABERTO,62,0.018000000000000002,0.15,IPCA + Yield IMA-B,https://www.xpi.com.br/investimentos/fundos-de-investimento/lista/#/detalhes/20649537-ce8c-41de-bb2c-73283cc68224,0.1081074627998153,123523902.46
14171578000115,Ouro Preto FIC de FIDC,fundos,Direito Creditório,Multimercados Livre,Crédito High Yield,13,0,,Ouro Preto Investimentos,Investidores qualificados,FIDC,1003.8,FECHADO,71,0.01,0.2,CDI,https://www.xpi.com.br/investimentos/fundos-de-investimento/lista/#/detalhes/f32c8b39-655b-41b1-b877-c038974d5388,0.1713976413032869,1659823004.85
51575078000175,PAAG11 - Pátria Crédito Agrícola FiAgro,fundos,Investimento Imobiliário,FII Renda Gestão Ativa,Fundo Listado,16,0,,Pátria Investimentos,Investidores em geral,FIAgro,10,FECHADO,0,0.0115,0.2,CDI,https://www.xpi.com.br/investimentos/fundos-de-investimento/lista/#/detalhes/401f3b97-c989-413f-9552-966c7078c1bd,,
61516572000112,PDIVER - Gama Pearl Diver Crédito Estruturado Global FIM RL,fundos,Multimercado,Multimercados Investimento no Exterior,Internacional Renda Fixa Hedgeado,26,0,,Gama Investimentos,Investidores qualificados,Longo Prazo,5000,FECHADO,1005,0.006999999999999999,,-,https://www.xpi.com.br/investimentos/fundos-de-investimento/lista/#/detalhes/af7eeacd-d9eb-4ce7-b2c3-31afcc63714c,0.1254985883752128,274472561.51
61794417000168,PDIVER II - Gama Pearl Diver Crédito Estruturado Global II F,fundos,Multimercado,Multimercados Investimento no Exterior,Internacional Renda Fixa Hedgeado,26,0,,Gama Investimentos,Investidores qualificados,Longo Prazo,5000,FECHADO,1005,0.006999999999999999,,-,https://www.xpi.com.br/investimentos/fundos-de-investimento/lista/#/detalhes/aea799ac-0bc3-48d8-8e44-af0aff5070de,,79033105.64
45829737000150,PIER11 - Pátria Infra Energia Core Renda FIP INFRA,fundos,Participações - Infraestrutura,-,Fundo Listado,40,0,,Pátria Investimentos,Não definido,FIP,100,FECHADO,0,0.015,,-,https://www.xpi.com.br/investimentos/fundos-de-investimento/lista/#/detalhes/e223c62e-8a0c-421c-a86f-44ba9ba52859,,
10608762000129,Perfin Foresight Institucional FIC FIA,fundos,Ações,Ações Livre,Renda Variável Long Only,34,0,3,Perfin Investimentos,Investidores em geral,Renda Variável - Alíquota de IR de 15% incidida sobre o lucro obtido no momento do resgate.,5000,ABERTO,32,0.018500000000000003,0.2,Ibovespa,https://www.xpi.com.br/investimentos/fundos-de-investimento/lista/#/detalhes/8af1fc49-27f1-4831-a383-0ad2e09fc21a,0.1968249726000877,143846728.36
40226121000170,Perfin Infra Equity Alocadores FIF em Cotas FIA,fundos,Ações,Ações Livre,Cambial,26,0,,Perfin Investimentos,Investidores em geral,Longo Prazo,5000,ABERTO,32,0.0134,0.2,-,https://www.xpi.com.br/investimentos/fundos-de-investimento/lista/#/detalhes/8edb5e77-7902-4e3b-b337-c0ad52cd3d09,0.2871910288535133,215915984.04
47562149000128,Persevera Trinity FIRF REF DI RL,fundos,Renda Fixa,Renda Fixa Duração Baixa Grau de Investimento,Referenciado DI Soberano,2,0,,Persevera Asset Management,Investidores em geral,Longo Prazo,500,ABERTO,0,0.004,,CDI,https://www.xpi.com.br/investimentos/fundos-de-investimento/lista/#/detalhes/3308cf91-076a-44c2-9e67-e37091db9ddc,0.1470087882498714,2448671049.09
51693641000100,Persevera Yield FIRF LP,fundos,Renda Fixa,Renda Fixa Duração Livre Grau de Investimento,Crédito High Grade,10,0,,Persevera Asset Management,Investidores em geral,Longo Prazo,500,ABERTO,15,0.006999999999999999,0.2,CDI,https://www.xpi.com.br/investimentos/fundos-de-investimento/lista/#/detalhes/8afdaeb3-6e81-4a2c-88fd-33dbe67b17f6,0.1557865046575477,461196642.78
29066331000106,Pimco Global Financials Credit FIC de FIF Multimercado IE LP RL,fundos,Multimercado,Multimercados Investimento no Exterior,Internacional Renda Fixa Hedgeado,26,0,,PIMCO Investimentos,Investidores qualificados,"Longo Prazo - Alíquota regressiva de IR de 22,5% a 15,0% incidida sobre o lucro obtido no momento do resgate._x000D_
",5000,ABERTO,6,0.009300000000000001,,-,https://www.xpi.com.br/investimentos/fundos-de-investimento/lista/#/detalhes/cdfad471-ad99-4cf7-8c46-c8acb451693a,0.136496049586885,66133442.66
32225478000106,Pimco Income Dólar FIC de FIF Multimercado IE RL,fundos,Multimercado,Multimercados Investimento no Exterior,Internacional Renda Fixa Não Hedgeado,26,0,2,PIMCO Investimentos,Investidores qualificados,"Longo Prazo - Alíquota regressiva de IR de 22,5% a 15,0% incidida sobre o lucro obtido no momento do resgate.",5000,ABERTO,6,0.009300000000000001,,-,https://www.xpi.com.br/investimentos/fundos-de-investimento/lista/#/detalhes/1f4de618-3513-4fcc-88f6-5aa4114661be,-0.0169049167137441,272306078.86
23729512000199,Pimco Income FIC de FIF Multimercado IE RL,fundos,Multimercado,Multimercados Investimento no Exterior,Internacional Renda Fixa Hedgeado,26,1,,PIMCO Investimentos,Investidores qualificados,"Longo Prazo - Alíquota regressiva de IR de 22,5% a 15,0% incidida sobre o lucro obtido no momento do resgate.",5000,ABERTO,6,0.009300000000000001,,-,https://www.xpi.com.br/investimentos/fundos-de-investimento/lista/#/detalhes/44a0a15b-dfe6-47ae-a463-33ebceaf19e8,0.1187752252537521,435520334.24
18316558000146,Plural Crédito Corporativo II FIC de FIF RF CP LP RL,fundos,Renda Fixa,Renda Fixa Duração Livre Crédito Livre,Crédito High Grade,11,0,2,Plural Investimentos,Investidores em geral,"Longo Prazo - Alíquota regressiva de IR de 22,5% a 15,0% incidida sobre o lucro obtido no momento do resgate.",3000,ABERTO,16,0.005,0.2,CDI,https://www.xpi.com.br/investimentos/fundos-de-investimento/lista/#/detalhes/997ebc53-b5bd-4aa0-b428-92b62b2d62e1,0.1441640831941963,123785579.7
30178843000143,Plural Debentures Incentivadas Hedge 30 FIC FIF RF CP RL,fundos,Renda Fixa,Renda Fixa Duração Livre Crédito Livre,Debêntures Incentivadas Hedgeado,11,0,,Plural Investimentos,Investidores em geral,Debêntures Incentivadas,1000,ABERTO,31,0.01,0.2,CDI,https://www.xpi.com.br/investimentos/fundos-de-investimento/lista/#/detalhes/016cd5ff-5976-4c9a-8b3c-ccdc366aaae6,0.1298267571773239,507361263.84
15350679000116,Plural High Grade FIF RF CP RL,fundos,Renda Fixa,Renda Fixa Duração Livre Grau de Investimento,Crédito Liquidez,10,0,4,Plural Investimentos,Investidores em geral,"Longo Prazo - Alíquota regressiva de IR de 22,5% a 15,0% incidida sobre o lucro obtido no momento do resgate.",100,ABERTO,1,0.0025,,CDI,https://www.xpi.com.br/investimentos/fundos-de-investimento/lista/#/detalhes/26d9b1ee-daf1-49bb-85ce-8040366490dc,0.1452022419665359,309289486.83
11616354000181,Plural Yield FIF RF Referenciado DI RL,fundos,Renda Fixa,Renda Fixa Duração Baixa Grau de Investimento,Crédito Liquidez,2,0,3,Plural Investimentos,Investidores em geral,"Longo Prazo - Alíquota regressiva de IR de 22,5% a 15,0% incidida sobre o lucro obtido no momento do resgate.",100,ABERTO,0,0.0015,,CDI,https://www.xpi.com.br/investimentos/fundos-de-investimento/lista/#/detalhes/5d0be11e-7d2d-4630-9efe-270f38d2af83,0.1445796014190969,199829984.35
31455879000190,Polo Crédito Corporativo Advisory FIC FIF RF CP LP RL,fundos,Renda Fixa,Renda Fixa Duração Livre Crédito Livre,Crédito High Grade,11,0,4,Polo Capital,Investidores em geral,"Longo Prazo - Alíquota regressiva de IR de 22,5% a 15,0% incidida sobre o lucro obtido no momento do resgate.",500,ABERTO,31,0.005,0.2,CDI,https://www.xpi.com.br/investimentos/fundos-de-investimento/lista/#/detalhes/42c5d1ff-6fb5-46fe-9c05-8ee164a1ebfd,0.1469650221935976,1071277350.13
43164438000118,Polo Crédito Corporativo Plus FIF RL,fundos,Multimercado,Multimercados Livre,Crédito High Yield,13,0,,Polo Capital,Investidores qualificados,Longo Prazo,1000,ABERTO,61,0.011000000000000001,0.2,CDI,https://www.xpi.com.br/investimentos/fundos-de-investimento/lista/#/detalhes/92139505-1a28-4121-80a5-d7242f4082e9,0.1396681597793052,122633526.92
63953556000112,Polo FIF RL Investimento em Infra - RL,fundos,Renda Fixa,Renda Fixa Duração Livre Crédito Livre,Debêntures Incentivadas Hedgeado,11,0,,Polo Capital,Não definido,Debêntures Incentivadas,1000,ABERTO,31,0.0085,0.2,CDI,https://www.xpi.com.br/investimentos/fundos-de-investimento/lista/#/detalhes/90cc323e-462d-4d87-93fa-cac19c0ec50e,,123825808.58
27347332000101,Polo Long Bias I FIC de FIF Multimercado RL,fundos,Multimercado,Multimercados Livre,Renda Variável Long Biased,31,0,2,Polo Capital,Investidores em geral,Renda Variável - Alíquota de IR de 15% incidida sobre o lucro obtido no momento do resgate.,1000,ABERTO,32,0.018000000000000002,0.2,-,https://www.xpi.com.br/investimentos/fundos-de-investimento/lista/#/detalhes/abfaa0f8-c1ba-4431-9c37-010f82075877,-0.0117055150540849,16647951.36
07013315000112,Polo Norte I LS FIC FIF Multimercado RL,fundos,Multimercado,Multimercados Long and Short Direcional,Long Short Direcional,14,0,2,Polo Capital,Investidores em geral,Renda Variável - Alíquota de IR de 15% incidida sobre o lucro obtido no momento do resgate.,500,ABERTO,32,0.018000000000000002,0.2,CDI,https://www.xpi.com.br/investimentos/fundos-de-investimento/lista/#/detalhes/8fbca359-04bc-4178-959f-2ab25ce5c1d9,0.0883426307277301,90428580.32
23601467000192,Polo Total Credit FIF Multimercado CP RL,fundos,Multimercado,Multimercados Livre,Crédito Híbrido,13,0,,Polo Capital,Investidores qualificados,"Longo Prazo - Alíquota regressiva de IR de 22,5% a 15,0% incidida sobre o lucro obtido no momento do resgate.",500,ABERTO,33,0.01,0.2,CDI,https://www.xpi.com.br/investimentos/fundos-de-investimento/lista/#/detalhes/6c844f91-7bb0-42be-e152-08d5173a4f4b,0.1554656927383915,79097163.20999998
02603461000184,Porto Seguro Clássico RF FIC FI LP,fundos,Renda Fixa,Renda Fixa Duração Livre Grau de Investimento,Renda Fixa Ativo,10,0,3,Porto Investimentos,Investidores em geral,"Longo Prazo - Alíquota regressiva de IR de 22,5% a 15,0% incidida sobre o lucro obtido no momento do resgate.",3000,ABERTO,1,0.005,0.2,CDI,https://www.xpi.com.br/investimentos/fundos-de-investimento/lista/#/detalhes/ddf2fff8-5416-4040-ab95-bc1817489808,0.1273256449288342,162919204.15
18719154000101,Porto Seguro FIRF Referenciado DI CP,fundos,Renda Fixa,Renda Fixa Duração Baixa Grau de Investimento,Crédito Liquidez,2,0,3,Porto Investimentos,Investidores em geral,"Longo Prazo - Alíquota regressiva de IR de 22,5% a 15,0% incidida sobre o lucro obtido no momento do resgate.",1000,FECHADO,0,0.004,,CDI,https://www.xpi.com.br/investimentos/fundos-de-investimento/lista/#/detalhes/39a46231-159f-4a82-90a8-33b4536f3577,0.1463172891661679,6370133319.89
24011864000177,Porto Seguro IMA-B5 FIC FIRF LP,fundos,Renda Fixa,Renda Fixa Duração Livre Grau de Investimento,Renda Fixa Inflação,10,0,5,Porto Investimentos,Investidores em geral,"Longo Prazo - Alíquota regressiva de IR de 22,5% a 15,0% incidida sobre o lucro obtido no momento do resgate.",20000,FECHADO,1,0.004,0.2,IMA-B 5,https://www.xpi.com.br/investimentos/fundos-de-investimento/lista/#/detalhes/c63c6c42-e8f3-4e34-af0f-ef89c408a33e,0.1242611329964478,463847003.54
35378376000119,Porto Seguro Ipê RF FIC FI CP LP,fundos,Renda Fixa,Renda Fixa Duração Baixa Grau de Investimento,Crédito High Grade,2,0,5,Porto Investimentos,Investidores em geral,"Longo Prazo - Alíquota regressiva de IR de 22,5% a 15,0% incidida sobre o lucro obtido no momento do resgate._x000D_
",3000,ABERTO,30,0.005,0.2,CDI,https://www.xpi.com.br/investimentos/fundos-de-investimento/lista/#/detalhes/a047e2b9-a449-4686-afb0-b9b3fcbadbbe,0.1463819394572501,543610682.94
11447136000160,Principal Claritas FIF RF,fundos,Renda Fixa,Renda Fixa Duração Livre Crédito Livre,Crédito High Grade,11,0,5,Principal Asset Management LTDA,Investidores em geral,"Longo Prazo_x000D_
",1000,ABERTO,31,0.005,0.15,-,https://www.xpi.com.br/investimentos/fundos-de-investimento/lista/#/detalhes/7d65fe01-f0f2-4513-8a07-34f8456f2852,0.1492110738175933,190909850.05
43761750000199,Principal Claritas Institucional Feeder II FIF em Cotas de FIM RL,fundos,Multimercado,Multimercados Macro,Macro Baixa Vol,13,0,,Principal Asset Management LTDA,Investidores em geral,Longo Prazo,1000,FECHADO,1,0.004,0.2,CDI,https://www.xpi.com.br/investimentos/fundos-de-investimento/lista/#/detalhes/b9f4425b-5955-46d0-b3ae-eb03945d1a1b,0.1387615755532221,70840360.55
27944406000189,Principal Claritas LS Advisory FIF em Cotas de FI Multimercado,fundos,Multimercado,Multimercados Long and Short Direcional,Long Short Direcional,13,0,4,Principal Asset Management LTDA,Investidores em geral,Renda Variável - Alíquota de IR de 15% incidida sobre o lucro obtido no momento do resgate.,1000,ABERTO,33,0.0192,0.2,CDI,https://www.xpi.com.br/investimentos/fundos-de-investimento/lista/#/detalhes/21fa4f10-a0a7-4e26-9372-3bda2c214067,0.112759711584901,35821329.45
39959828000107,Principal Claritas Liquidez Advisory FIF em Cotas de FIM,fundos,Multimercado,Multimercados Macro,Macro Alta Vol,13,0,,Principal Asset Management LTDA,Investidores em geral,"Longo Prazo - Alíquota regressiva de IR de 22,5% a 15,0% incidida sobre o lucro obtido no momento do resgate._x000D_
",1000,FECHADO,1,0.004,0.2,CDI,https://www.xpi.com.br/investimentos/fundos-de-investimento/lista/#/detalhes/bda897a0-2fe0-479b-9e08-9e019d637d5a,0.1357421118075057,14781633.48
05109839000186,Principal Claritas Long Short FIC FIM,fundos,Multimercado,Multimercados Long and Short Direcional,Long Short Direcional,13,0,4,Principal Asset Management LTDA,Investidores em geral,Renda Variável - Alíquota de IR de 15% incidida sobre o lucro obtido no momento do resgate.,500,ABERTO,33,0.0192,0.2,CDI,https://www.xpi.com.br/investimentos/fundos-de-investimento/lista/#/detalhes/3c6c8159-f735-4c55-babb-125888ac3333,0.1124904489772524,33588232.53
31416575000113,Principal Claritas Quant FIC FIM,fundos,Multimercado,Multimercados Livre,Long Short Neutro,13,0,4,Principal Asset Management LTDA,Investidores em geral,Longo Prazo,1000,ABERTO,17,0.015,0.2,CDI,https://www.xpi.com.br/investimentos/fundos-de-investimento/lista/#/detalhes/d89c3475-497b-4edb-960b-377dbf1cbb54,0.1435496806917022,25218779.15
11357735000193,Principal Claritas Valor FIF em Ações - Subclasse B,fundos,Ações,Ações Livre,Renda Variável Long Only,26,0,,Principal Asset Management LTDA,Investidores em geral,Ações,1000,ABERTO,33,0.02,0.2,IBX,https://www.xpi.com.br/investimentos/fundos-de-investimento/lista/#/detalhes/3be4753a-3b4b-4231-b73c-82461835155d,,
17302010000184,Principal Global High Yield FIF Multimercado,fundos,Multimercado,Multimercados Investimento no Exterior,Internacional Renda Fixa Hedgeado,26,0,,Principal Asset Management LTDA,Investidores qualificados,"Longo Prazo - Alíquota regressiva de IR de 22,5% a 15,0% incidida sobre o lucro obtido no momento do resgate.",5000,ABERTO,5,0.0087,0.1,CDI,https://www.xpi.com.br/investimentos/fundos-de-investimento/lista/#/detalhes/0cc22fa8-2e11-4cde-aee0-0a87ac4fbd17,0.1107053635340757,34101642.37
59376795000180,Prinz Liquidez FIRF CP,fundos,Renda Fixa,Renda Fixa Duração Baixa Crédito Livre,Crédito Liquidez,4,0,,Prinz Investimentos,Investidores em geral,Longo Prazo,100,ABERTO,1,0.0034999999999999996,,-,https://www.xpi.com.br/investimentos/fundos-de-investimento/lista/#/detalhes/a0e30b73-8e0a-46a7-8f19-d0555495ac61,0.1480057661716507,501915157.74
49983891000132,Pátria Crédito Estruturado 365 FIDC,fundos,Direito Creditório,Multimercados Juros e Moedas,Crédito High Yield,13,0,,Pátria Investimentos,Investidores qualificados,FIDC,501.9,ABERTO,366,0.0154,0.1,CDI,https://www.xpi.com.br/investimentos/fundos-de-investimento/lista/#/detalhes/1ff003bd-f458-49ad-924c-875877b55afd,0.1806262345401303,406478161.62
57286949000117,Pátria Igah Blend Advisory FIP RL - Subclasse A,fundos,Participações,-,Alternativo Ilíquido,50,0,,Pátria Investimentos,Não definido,FIP,10000,FECHADO,0,0.02,0.2,-,https://www.xpi.com.br/investimentos/fundos-de-investimento/lista/#/detalhes/098ca09e-e0fe-40ad-bd2e-b1195fbb6210,,
57286949000117,Pátria Igah Blend Advisory FIP RL - Subclasse B,fundos,Participações,-,Alternativo Ilíquido,50,0,,Pátria Investimentos,Não definido,FIP,500000,FECHADO,0,0.02,0.2,-,https://www.xpi.com.br/investimentos/fundos-de-investimento/lista/#/detalhes/73f3f869-d17d-4da2-b3c0-d137b0a2f85a,,
38954217000103,Pátria LB FIF em Cotas de FIM,fundos,Multimercado,Multimercados Livre,Renda Variável Long Biased,23,0,,Pátria Investimentos,Investidores em geral,"Renda Variável - Alíquota de IR de 15% incidida sobre o lucro obtido no momento do resgate._x000D_
",1000,ABERTO,32,0.018500000000000003,0.2,-,https://www.xpi.com.br/investimentos/fundos-de-investimento/lista/#/detalhes/11afbb6a-9448-4c53-9af6-b65a50c0d218,0.0935204450228495,130544836.24
36046327000141,Pátria Moneda Latam Corporate Credit FIC FIM CP Resp Limitada,fundos,Multimercado,Multimercados Investimento no Exterior,Internacional Renda Fixa Hedgeado,26,0,,Pátria Investimentos,Investidores qualificados,"Longo Prazo: Haverá cobrança de IR no último dia útil dos meses de maio e novembro de cada ano sob a alíquota de 15% (“come-cotas”), ou no resgate, se ocorrido em data anterior, seguindo tabela regressiva partindo de 22,5% para intervalo entre aplicação e resgate menor do que 6 meses à 15% se o intervalo entre aplicação e resgate for maior do que 2 anos._x000D_
",500,ABERTO,6,0.006999999999999999,,-,https://www.xpi.com.br/investimentos/fundos-de-investimento/lista/#/detalhes/6bf4472a-1c15-4c6d-ad4b-b8ea00051149,0.1435997156689421,16156233.41
43120902000174,Pátria PE VII Advisory FIP Multi - Classe A,fundos,Participações - Multiestratégia,Fundos de Participações,Alternativo Ilíquido,50,0,,Pátria Investimentos,Investidores qualificados,FIP,10000,FECHADO,0,0.02,0.2,-,https://www.xpi.com.br/investimentos/fundos-de-investimento/lista/#/detalhes/44274d41-4b25-4a3b-bf24-916a3c8a4e53,,187984726.6
43120902000174,Pátria PE VII Advisory FIP Multi - Classe B,fundos,Participações - Multiestratégia,Fundos de Participações,Alternativo Ilíquido,50,0,,Pátria Investimentos,Investidores qualificados,FIP,10000,FECHADO,0,0.02,0.2,-,https://www.xpi.com.br/investimentos/fundos-de-investimento/lista/#/detalhes/f61d7cbc-fedd-4f5f-ab09-f85db96efd6a,,187984726.6
37567365000102,Pátria Pioneiro Long Only I Advisory II FIF em Cotas de FIA,fundos,Ações,Ações Livre,Renda Variável Long Only,52,0,,Pátria Investimentos,Investidores qualificados,"Renda Variável: Haverá cobrança de IR no momento do resgate sob a alíquota de 15% sobre o rendimento bruto obtido._x000D_
",1000,ABERTO,30,0.02,0.2,-,https://www.xpi.com.br/investimentos/fundos-de-investimento/lista/#/detalhes/9c4c6de8-5247-4e83-9d38-22992fcfa900,0.1216733294314089,20293014.35
34508815000106,QR Blockchain Assets I FIC FIM IE,fundos,Multimercado,Multimercados Livre,Alternativo Líquido,67,0,,QR Capital,Investidores em geral,Longo Prazo,500,ABERTO,10,0.018600000000000002,0.2,CDI,https://www.xpi.com.br/investimentos/fundos-de-investimento/lista/#/detalhes/8ff1220f-170e-4e06-ae94-a11e787d4121,-0.2249360834742055,7138314.35
11451917000129,Quantitas FIA Montecristo BDR Nível I,fundos,Ações,Ações Livre,Renda Variável Long Only,37,0,3,Quantitas Asset Management,Investidores em geral,Renda Variavel,1000,ABERTO,15,0.02,0.2,Ibovespa,https://www.xpi.com.br/investimentos/fundos-de-investimento/lista/#/detalhes/5655fc29-866b-4f05-90b9-48b34912dd76,-0.0282510255222446,124667512.64
22918359000185,Quantitas FIC FIM Mallorca,fundos,Multimercado,Multimercados Macro,Macro Média Vol,13,0,5,Quantitas Asset Management,Investidores em geral,"Longo Prazo - Alíquota regressiva de IR de 22,5% a 15,0% incidida sobre o lucro obtido no momento do resgate.",1000,ABERTO,15,0.018000000000000002,0.2,CDI,https://www.xpi.com.br/investimentos/fundos-de-investimento/lista/#/detalhes/3d54dcab-2d05-4221-a4cd-0208089cb6ef,0.0887749516245575,562203847.54
27928186000108,Quantitas FIM Galápagos,fundos,Multimercado,Multimercados Estratégia Específica,Macro Média Vol,13,0,5,Quantitas Asset Management,Investidores em geral,Longo Prazo,1000,ABERTO,15,0.018000000000000002,0.2,CDI,https://www.xpi.com.br/investimentos/fundos-de-investimento/lista/#/detalhes/35256a76-d3b2-49ae-9c11-68e1c491374d,0.1216789703217968,174618628.25
44951827000156,RBR Club III Advisory FIM CP IE RL,fundos,Multimercado,Multimercados Investimento no Exterior,Alternativo Ilíquido,50,0,,RBR GESTÃO DE RECURSOS LTDA ,Investidores profissionais,Longo Prazo,300000,FECHADO,2,0.0086,,-,https://www.xpi.com.br/investimentos/fundos-de-investimento/lista/#/detalhes/8c5e7ab3-7215-42a2-a503-96a554617dd4,,16903268.8
58429506000109,RBR Club IV FIP RL,fundos,Participações - Multiestratégia,-,Alternativo Ilíquido,50,0,,RBR Asset Management,Não definido,FIP,300000,FECHADO,0,0.0085,,-,https://www.xpi.com.br/investimentos/fundos-de-investimento/lista/#/detalhes/ba97d4c1-8712-4f74-8432-81b6e49af7b8,,4933943.52
60022798000102,RBR Infra DI Renda Mais FI Infra RF RL,fundos,Renda Fixa,Renda Fixa Duração Baixa Crédito Livre,Fundo Listado,11,0,,RBR INFRA GESTORA DE RECURSOS LTDA. ,Investidores em geral,Debêntures Incentivadas,100,FECHADO,0,0.0125,0.2,CDI,https://www.xpi.com.br/investimentos/fundos-de-investimento/lista/#/detalhes/f8a0a01c-4c4a-42c3-86dd-a383b56fe5aa,0.0510989572996134,158036447.2
44982118000138,RBRJ11 - RBR Infra Crédito FIC INFRA RF,fundos,Renda Fixa,Renda Fixa Duração Livre Crédito Livre,Fundo Listado,11,0,,RBR INFRA GESTORA DE RECURSOS LTDA. ,Investidores em geral,Debêntures Incentivadas,100,FECHADO,0,0.008,0.2,-,https://www.xpi.com.br/investimentos/fundos-de-investimento/lista/#/detalhes/f00be93d-3590-4e98-a0ae-64e3a3894cd2,-0.0038823474915472,157272387.17
27783868000161,RPS FIF em Cotas de FIA Selection,fundos,Ações,Ações Índice Ativo,Renda Variável Long Only,26,0,4,RPS Capital,Investidores em geral,Renda Variável - Alíquota de IR de 15% incidida sobre o lucro obtido no momento do resgate.,500,ABERTO,32,0.017,0.2,IBX,https://www.xpi.com.br/investimentos/fundos-de-investimento/lista/#/detalhes/856dd003-4d84-445a-9938-44765b09a68c,0.2233963117658453,13300842.54
59225536000158,RPS LB Argentina FIF em Cotas de FIA RL,fundos,Ações,Ações Investimento no Exterior,Internacional Ações Hedgeado,26,0,,RPS Capital,Investidores qualificados,Ações,50000,ABERTO,92,0.018500000000000003,0.2,IPCA + Yield IMA-B,https://www.xpi.com.br/investimentos/fundos-de-investimento/lista/#/detalhes/eace8d2d-5c71-4f15-a371-db47bbd81337,0.2106510618239159,84969792.25
34706586000126,RPS Long Bias Advisory D30 FIF em Cotas de FIA,fundos,Ações,Ações Livre,Renda Variável Long Biased,26,0,5,RPS Capital,Investidores qualificados,Renda Variável - Alíquota de IR de 15% incidida sobre o lucro obtido no momento do resgate.,500,ABERTO,32,0.017,0.2,-,https://www.xpi.com.br/investimentos/fundos-de-investimento/lista/#/detalhes/81a1acb3-e9ec-49cd-9b60-b40ad89416cf,0.390862218561772,6088016.48
41153236000145,RPS Total Return Advisory D30 FIF em Cotas de FIM,fundos,Multimercado,Multimercados Livre,Long Short Direcional,14,0,,RPS Capital,Investidores qualificados,Renda Variável: Haverá cobrança de IR no momento do resgate sob a alíquota de 15% sobre o rendimento bruto obtido.,500,ABERTO,32,0.017,0.2,CDI,https://www.xpi.com.br/investimentos/fundos-de-investimento/lista/#/detalhes/0ea2f1c7-5451-4abd-b3dc-eb5974ea81ff,0.2421407664587624,15677801.45
50750438000165,RZDS11 - Riza Domus FII,fundos,Investimento Imobiliário,FII Híbrido Gestão Ativa,Fundo Listado,16,0,,Riza Asset Management,Investidores em geral,FII,10,FECHADO,0,0.0125,0.2,CDI,https://www.xpi.com.br/investimentos/fundos-de-investimento/lista/#/detalhes/1bd172ad-7f7c-4601-b47c-8fe13dae2655,,
20468028000165,Reach FIA,fundos,Ações,Ações Livre,Renda Variável Long Only,26,0,,Reach Capital,Investidores em geral,"Renda Variável: Haverá cobrança de IR no momento do resgate sob a alíquota de 15% sobre o rendimento bruto obtido._x000D_
",1000,ABERTO,16,0.0166,0.2,Ibovespa,https://www.xpi.com.br/investimentos/fundos-de-investimento/lista/#/detalhes/3dc66b1c-0a6f-47af-954c-2fceac30fff3,0.0260842957051632,156351407.33
26362460000153,Reach Total Return FIC FIA,fundos,Ações,Ações Livre,Renda Variável Long Biased,26,0,5,Reach Capital,Investidores qualificados,"Renda Variável: Haverá cobrança de IR no momento do resgate sob a alíquota de 15% sobre o rendimento bruto obtido._x000D_
",100,ABERTO,16,0.019,0.2,-,https://www.xpi.com.br/investimentos/fundos-de-investimento/lista/#/detalhes/7ca67ab1-1223-45df-9318-0790a6f806b4,0.0226678565860176,253156852.45
28911549000157,Real Investor FIC de FIF Multimercado RL,fundos,Multimercado,Multimercados Livre,Long Short Neutro,13,1,5,Real Investor Investimentos,Investidores em geral,"Longo Prazo - Alíquota regressiva de IR de 22,5% a 15,0% incidida sobre o lucro obtido no momento do resgate._x000D_
",5000,ABERTO,30,0.0155,0.15,CDI,https://www.xpi.com.br/investimentos/fundos-de-investimento/lista/#/detalhes/a4d4a2a9-5e3f-498f-aa4a-58a75beff48b,0.0147429956538653,1051705683.6
10500884000105,Real Investor FIC de FIF em Ações RL,fundos,Ações,Ações Livre,Renda Variável Long Only,26,1,5,Real Investor Investimentos,Investidores em geral,Renda Variável - Alíquota de IR de 15% incidida sobre o lucro obtido no momento do resgate.,5000,ABERTO,29,0.018500000000000003,0.15,Ibovespa,https://www.xpi.com.br/investimentos/fundos-de-investimento/lista/#/detalhes/f275a7d7-cbc1-455c-89d0-8d15ee350f21,0.0716361191319194,2344147408.22
67258159000181,Recovery GPA/CBD I FIM CP RL – Subclasse A,fundos,Multimercado,Multimercados Livre,Multiestratégia,26,0,,XP Allocation Asset Management LTDA.,Não definido,FIF 95%,500,FECHADO,2,0.0001,,-,https://www.xpi.com.br/investimentos/fundos-de-investimento/lista/#/detalhes/a83563e6-391a-4c5b-a604-76b3132d5325,,
67258159000181,Recovery GPA/CBD I FIM CP RL – Subclasse B,fundos,Multimercado,Multimercados Livre,Multiestratégia,26,0,,XP Allocation Asset Management LTDA.,Não definido,FIF 95%,500,FECHADO,2,0.0001,,-,https://www.xpi.com.br/investimentos/fundos-de-investimento/lista/#/detalhes/f703881d-88d9-4367-8dcf-e09f901c4478,,
09543255000175,Rio Bravo CP FIRF,fundos,Renda Fixa,Renda Fixa Duração Livre Grau de Investimento,Crédito Liquidez,10,0,3,Rio Bravo Investimentos,Investidores em geral,"Longo Prazo - Alíquota regressiva de IR de 22,5% a 15,0% incidida sobre o lucro obtido no momento do resgate.",1000,FECHADO,1,0.0039000000000000003,,CDI,https://www.xpi.com.br/investimentos/fundos-de-investimento/lista/#/detalhes/a18594ef-d976-480c-b0b2-085eea8fdb9a,0.1475878763671425,105676478.02
36436794000188,Riza Daikon Advisory FIF em Cotas de FIM,fundos,Multimercado,Multimercados Macro,Crédito Híbrido,13,0,,Riza Líquidos Gestora de Recursos,Investidores em geral,"Longo Prazo - Alíquota regressiva de IR de 22,5% a 15,0% incidida sobre o lucro obtido no momento do resgate.",500,ABERTO,61,0.008,0.2,CDI,https://www.xpi.com.br/investimentos/fundos-de-investimento/lista/#/detalhes/6e48f2b0-acc0-41a8-98e8-c1cc2691760d,0.1053803346605355,70490119.95
36498670000127,Riza Lotus FIF RF - Referenciada DI CP RL,fundos,Renda Fixa,Renda Fixa Duração Baixa Grau de Investimento,Crédito Liquidez,2,0,3,Riza Líquidos Gestora de Recursos,Investidores em geral,"Longo Prazo: Haverá cobrança de IR no último dia útil dos meses de maio e novembro de cada ano sob a alíquota de 15% (“come-cotas”), ou no resgate, se ocorrido em data anterior, seguindo tabela regressiva partindo de 22,5% para intervalo entre aplicação e resgate menor do que 6 meses à 15% se o intervalo entre aplicação e resgate for maior do que 2 anos._x000D_
",1000,ABERTO,1,0.0025,,CDI,https://www.xpi.com.br/investimentos/fundos-de-investimento/lista/#/detalhes/78530223-88f2-46e7-8b5f-e3346ce7a50b,0.1482991539072142,3679258740.91
43917493000131,Riza Lotus Plus Advisory FIF RF,fundos,Renda Fixa,Renda Fixa Duração Livre Grau de Investimento,Crédito High Grade,10,0,,Riza Líquidos Gestora de Recursos,Investidores em geral,Longo Prazo,500,ABERTO,11,0.005,,CDI,https://www.xpi.com.br/investimentos/fundos-de-investimento/lista/#/detalhes/03be5909-f776-4df6-bbf8-c79f570b10b1,0.1409147940557671,457242095.1
36498149000190,Riza Meyenii 180 Advisory FIF de Cotas de FIM,fundos,Multimercado,Multimercados Dinâmico,Crédito High Yield,20,0,5,Riza Allocation Gestora de Recursos,Investidores qualificados,"Longo Prazo - Alíquota regressiva de IR de 22,5% a 15,0% incidida sobre o lucro obtido no momento do resgate.",5000,ABERTO,181,0.0118,0.1,CDI,https://www.xpi.com.br/investimentos/fundos-de-investimento/lista/#/detalhes/1d2d35e0-188e-44e6-b8ee-2c1a9cb9c452,0.089552321003649,113553004.5
43508091000183,Riza Meyenii 360 Advisory FIF de Cotas de FIM,fundos,Multimercado,Multimercados Dinâmico,Crédito High Yield,20,0,,Riza Allocation Gestora de Recursos,Investidores qualificados,Longo Prazo,10000,ABERTO,361,0.0118,0.1,CDI,https://www.xpi.com.br/investimentos/fundos-de-investimento/lista/#/detalhes/e752ff40-1d8d-4200-8cb1-632daf1155f8,0.0896831358097762,89889932.56999998
42260903000151,Riza Statheros FIC de FIDC,fundos,Direito Creditório,Multimercados Dinâmico,Crédito High Yield,14,0,,Riza Securitização e Carteiras Gestora de Recursos Ltda,Investidores qualificados,FIDC,501.9,ABERTO,86,0.008,,CDI,https://www.xpi.com.br/investimentos/fundos-de-investimento/lista/#/detalhes/c7cf23aa-39f6-4e40-a504-bf1c8413476b,0.1644808237350283,784458611.6699998
46962243000101,Riza Tavros LB FIF em Cotas de FIM,fundos,Multimercado,Multimercados Livre,Renda Variável Long Only,19,0,,Riza Líquidos Gestora de Recursos,Investidores em geral,Ações,500,ABERTO,32,0.0195,0.2,CDI,https://www.xpi.com.br/investimentos/fundos-de-investimento/lista/#/detalhes/1eeb24e8-338f-48fa-af12-a8d75fee4ee8,0.0795494835356125,93999206.2
62590175000153,Riza Terrax Vintage FIAgro RL,fundos,Investimento Imobiliário,-,Fundo Listado,10,0,,Riza Asset Management,Não definido,Fiagro,1000,FECHADO,0,0.013999999999999999,0.1,-,https://www.xpi.com.br/investimentos/fundos-de-investimento/lista/#/detalhes/9437b32f-4d54-4263-981f-d8829280968f,,400108888.45
59987139000113,Riza Viseu FII RL - Subclasse A,fundos,Investimento Imobiliário,-,Fundo Listado,33,0,,Riza Asset Management,Não definido,FII,1000,FECHADO,0,0.015,0.2,CDI,https://www.xpi.com.br/investimentos/fundos-de-investimento/lista/#/detalhes/6396b0a4-7ab1-4aba-ae69-cd922aa340b7,,
59987139000113,Riza Viseu FII RL - Subclasse B,fundos,Investimento Imobiliário,-,Fundo Listado,33,0,,Riza Asset Management,Não definido,FII,1000,FECHADO,0,0.015,0.2,CDI,https://www.xpi.com.br/investimentos/fundos-de-investimento/lista/#/detalhes/3dae2886-b681-4686-8f3c-f682d2fbb81f,,
48969198000142,Riza Évora Debêntures Incentivadas Juros Ativos FIF em Cotas de FIRF,fundos,Renda Fixa,Renda Fixa Duração Livre Crédito Livre,Debêntures Incentivadas Não Hedgeado,11,0,,Riza Líquidos Gestora de Recursos,Investidores em geral,Debêntures Incentivadas,500,ABERTO,31,0.006999999999999999,0.1,CDI,https://www.xpi.com.br/investimentos/fundos-de-investimento/lista/#/detalhes/b4c3df41-e64f-4a30-a896-e2a08cb75554,0.0760749867595476,86607836.04
62280626000156,Riza Évora Hedge Deb Incentivadas FIF-Infra RF RL,fundos,Renda Fixa,Renda Fixa Duração Livre Crédito Livre,Debêntures Incentivadas Hedgeado,11,0,,Riza Líquidos Gestora de Recursos,Não definido,Debêntures Incentivadas,500,ABERTO,31,0.01,,-,https://www.xpi.com.br/investimentos/fundos-de-investimento/lista/#/detalhes/771ff8f9-32aa-46b6-8906-52d6413b6cbb,0.1418589557493383,21847197.39
42405028000159,Root Capital Crédito HG Plus FIC de FIF Multimercado CP RL,fundos,Multimercado,Multimercados Dinâmico,Crédito High Grade,13,1,,Root Capital,Investidores qualificados,Longo Prazo,5000,ABERTO,60,0.0104,0.2,CDI,https://www.xpi.com.br/investimentos/fundos-de-investimento/lista/#/detalhes/1f7881c3-e701-46ce-a54d-633ca136f43f,0.1500798394414044,1184327967.19
57271402000148,Root Capital Figueira FIDC de Responsab Limit,fundos,Direito Creditório,-,Fundo Listado,25,0,,Root Capital,Não definido,FIDC,100,FECHADO,0,0.013600000000000001,0.2,CDI,https://www.xpi.com.br/investimentos/fundos-de-investimento/lista/#/detalhes/b58d265a-6e54-46ae-be99-caac10d12a4b,0.1861204130291551,182868102.25
34431610000161,Root Capital High Yield Advisory FIC de FIF Multimercado CP RL,fundos,Multimercado,Multimercados Macro,Crédito High Yield,13,0,,Root Capital,Investidores qualificados,Longo Prazo.,500,ABERTO,180,0.014499999999999999,0.2,CDI,https://www.xpi.com.br/investimentos/fundos-de-investimento/lista/#/detalhes/8a4966c8-4194-4094-95f7-ed824696f64a,0.1627367365025471,629520128.23
60345013000124,Régia Equities ESG Institucional FIC DE FIF em Ações IS RL,fundos,Ações,Ações Livre,Renda Variável Long Only,26,0,,Régia Capital,Investidores em geral,Ações,1000,ABERTO,32,0.018500000000000003,0.2,CDI,https://www.xpi.com.br/investimentos/fundos-de-investimento/lista/#/detalhes/4319b33f-0ef9-411a-b307-8d5a6eecbc93,,1387117.76
28206220000195,SOMMA Torino FI RF CP LP RL,fundos,Renda Fixa,Renda Fixa Duração Livre Grau de Investimento,Crédito Liquidez,10,0,3,Somma Investimentos,Investidores em geral,"Longo Prazo: Haverá cobrança de IR no último dia útil dos meses de maio e novembro de cada ano sob a alíquota de 15% (“come-cotas”), ou no resgate, se ocorrido em data anterior, seguindo tabela regressiva partindo de 22,5% para intervalo entre aplicação e resgate menor do que 6 meses à 15% se o intervalo entre aplicação e resgate for maior do que 2 anos._x000D_
",1000,ABERTO,1,0.005,,CDI,https://www.xpi.com.br/investimentos/fundos-de-investimento/lista/#/detalhes/4f8bba14-d0de-4587-925a-f0f2c54a9cad,0.1520431735123955,597743356.07
52019407000164,SPORTS MEDIA FUTEBOL,fundos,Participações - Multiestratégia,Fundos de Participações,Alternativo Ilíquido,50,0,,LCP Gestora de Recursos,Investidores qualificados,FoF Direto,1,FECHADO,0,0.0001,0.1,Ibovespa,https://www.xpi.com.br/investimentos/fundos-de-investimento/lista/#/detalhes/97aab207-228f-4779-b9b2-21cc3752e2bf,,
58290688000171,SPX CRI Portfolio Renda Mais,fundos,Investimento Imobiliário,-,Alternativo Ilíquido,50,0,,SPX REAL ESTATE GESTÃO DE RECURSOS LTDA.,Investidores em geral,FII,100,FECHADO,0,0.009000000000000001,0.2,CDI,https://www.xpi.com.br/investimentos/fundos-de-investimento/lista/#/detalhes/f6fed3e7-8ec5-449e-a1af-b8309eba0811,,
42902399000146,SPX Falcon 2 FIC FIA,fundos,Ações,Ações Livre,Renda Variável Long Biased,26,0,,SPX Capital,Investidores qualificados,Ações,5000,FECHADO,32,0.006999999999999999,0.2,-,https://www.xpi.com.br/investimentos/fundos-de-investimento/lista/#/detalhes/b28efbf1-eaf4-4bd3-81a5-fbcc23912c0f,0.232539015776177,720113509.8
24215286000190,SPX Falcon Armata Advisory FIC FIA,fundos,Ações,Ações Livre,Renda Variável Long Biased,26,0,4,SPX Capital,Investidores qualificados,Renda Variável - Alíquota de IR de 15% incidida sobre o lucro obtido no momento do resgate.,50000,FECHADO,32,0.006999999999999999,0.2,-,https://www.xpi.com.br/investimentos/fundos-de-investimento/lista/#/detalhes/62408ad5-8603-49f4-b5a4-09c2fd121586,0.2282304201700011,189275416.84
16617768000149,SPX Falcon FIC FIA,fundos,Ações,Ações Livre,Renda Variável Long Biased,26,0,4,SPX Capital,Investidores qualificados,Renda Variável - Alíquota de IR de 15% incidida sobre o lucro obtido no momento do resgate.,50000,FECHADO,32,0.006999999999999999,0.2,-,https://www.xpi.com.br/investimentos/fundos-de-investimento/lista/#/detalhes/e15d97b3-9111-4664-930d-4e5ca1d5bd3b,0.2280913864098723,215279931.46
24193691000155,SPX Nimitz Gripen Advisory FIC FIM,fundos,Multimercado,Multimercados Macro,Macro Alta Vol,13,1,,SPX Capital,Investidores qualificados,"Longo Prazo - Alíquota regressiva de IR de 22,5% a 15,0% incidida sobre o lucro obtido no momento do resgate.",5000,ABERTO,31,0.006999999999999999,0.2,CDI,https://www.xpi.com.br/investimentos/fundos-de-investimento/lista/#/detalhes/5db0c671-c9a3-46c7-b306-427e1febdf33,0.0958703265788287,452122964.71
15334585000153,SPX Patriot FIC FIA,fundos,Ações,Ações Livre,Renda Variável Long Only,26,1,5,SPX Capital,Investidores em geral,Renda Variável - Alíquota de IR de 15% incidida sobre o lucro obtido no momento do resgate.,5000,ABERTO,32,0.006999999999999999,0.2,IBX,https://www.xpi.com.br/investimentos/fundos-de-investimento/lista/#/detalhes/f1bde067-3c38-4b1a-8b06-10ee8d59ec12,0.2304191320475059,332052469.16
46300253000181,SPX Private Equity I Advisory FIP Multi - Classe A,fundos,Participações - Multiestratégia,Fundos de Participações,Alternativo Ilíquido,50,0,,SPX Capital,Investidores qualificados,FIP Entidade Investimento,25000,FECHADO,0,0.02,0.2,-,https://www.xpi.com.br/investimentos/fundos-de-investimento/lista/#/detalhes/c5caa56f-5860-474f-b109-272ff82a208a,,89849929.79999998
46300253000181,SPX Private Equity I Advisory FIP Multi - Classe C,fundos,Participações - Multiestratégia,Fundos de Participações,Alternativo Ilíquido,50,0,,SPX Capital,Investidores qualificados,FIP,25000,FECHADO,0,0.02,0.2,IPCA,https://www.xpi.com.br/investimentos/fundos-de-investimento/lista/#/detalhes/29860b00-b52d-4084-89cb-0488fd62df08,,89849929.79999998
41342497000103,SPX Raptor 180 Advisory FIC FIM CP,fundos,Multimercado,Multimercados Investimento no Exterior,Macro Alta Vol,26,0,,SPX Capital,Investidores profissionais,"Longo Prazo_x000D_
",200000,ABERTO,181,0.006999999999999999,0.2,CDI,https://www.xpi.com.br/investimentos/fundos-de-investimento/lista/#/detalhes/3c860731-7634-4a4b-8476-6d278279f264,0.0644741966107238,34150072.24
12809201000113,SPX Raptor Feeder FIF CIC Multimercado CP RL,fundos,Multimercado,Multimercados Investimento no Exterior,Macro Alta Vol,26,0,,SPX Capital,Investidores profissionais,Longo Prazo,100000,ABERTO,91,0.006999999999999999,0.2,CDI,https://www.xpi.com.br/investimentos/fundos-de-investimento/lista/#/detalhes/43523a95-f110-444e-9e7c-0c722a9e307e,0.0646611352930934,968979437.2
35648999000164,SPX Seahawk Advisory FIC FIRF CP LP,fundos,Renda Fixa,Renda Fixa Duração Livre Crédito Livre,Crédito High Grade,11,0,,SPX Capital,Investidores em geral,"Longo Prazo - Alíquota regressiva de IR de 22,5% a 15,0% incidida sobre o lucro obtido no momento do resgate.",1000,ABERTO,31,0.006,0.2,CDI,https://www.xpi.com.br/investimentos/fundos-de-investimento/lista/#/detalhes/f4a75056-ad5e-4433-a2a3-fcf26e3c7587,0.133231802886212,1334476915.94
53110230000170,SPX Seahawk Deb Incentivadas Advisory FIF CIC Incentivado RL,fundos,Renda Fixa,Renda Fixa Duração Livre Crédito Livre,Debêntures Incentivadas Hedgeado,11,0,,SPX Capital,Investidores em geral,Debêntures Incentivadas - Isento de IR para pessoa física.,1000,ABERTO,31,0.003,,CDI,https://www.xpi.com.br/investimentos/fundos-de-investimento/lista/#/detalhes/fb3d5034-d026-4ea2-9315-56e19b293201,0.0997701477041574,145356753.55
57660316000127,SPX Seahawk Debêntures Incentivadas D45 FIF CIC Infra RF CP LP RL,fundos,Renda Fixa,Renda Fixa Duração Livre Crédito Livre,Debêntures Incentivadas Hedgeado,11,0,,SPX Capital,Investidores em geral,Debêntures Incentivadas,1000,FECHADO,46,0.003,,CDI,https://www.xpi.com.br/investimentos/fundos-de-investimento/lista/#/detalhes/10ec8e90-70b5-4421-8d20-0422846d4001,0.1059409517378904,332150083.49
63945358000107,SPX Seahawk Debêntures Incentivadas IPCA FIF CIC Invest Infr RL,fundos,Renda Fixa,Renda Fixa Duração Livre Crédito Livre,Debêntures Incentivadas Não Hedgeado,11,0,,SPX Capital,Não definido,Debêntures Incentivadas,1000,ABERTO,31,0.003,,IMA-B 5,https://www.xpi.com.br/investimentos/fundos-de-investimento/lista/#/detalhes/4ee9cf28-1f90-4da8-b238-d554f2e694d4,,18244835.54
37069872000116,SPX Seahawk Plus Advisory FIF CIC Multimercado CP RL,fundos,Multimercado,Multimercados Estratégia Específica,Crédito Híbrido,13,0,,SPX Capital,Investidores qualificados,Longo Prazo,1000,ABERTO,31,0.0028000000000000004,0.2,CDI,https://www.xpi.com.br/investimentos/fundos-de-investimento/lista/#/detalhes/b23ce8f3-8888-4556-89c5-d285f6a1b742,0.1375595182199427,56411220.72
62353018000124,SPX Summit Macro LS Feeder FIF CIC Multimercado CP RL,fundos,Multimercado,Multimercados Investimento no Exterior,Macro Alta Vol,26,0,,SPX Capital,Investidores qualificados,Ações,100000,ABERTO,91,0.006999999999999999,0.2,CDI,https://www.xpi.com.br/investimentos/fundos-de-investimento/lista/#/detalhes/b68a50ed-4b91-4f77-8cd6-b91f38ddff84,,103543807.59
12282747000169,STK Long Biased FIC FIF Ações - Resp Limitada,fundos,Ações,Ações Investimento no Exterior,Renda Variável Long Biased,29,0,4,STK Capital,Investidores qualificados,"Renda Variável - Alíquota de IR de 15% incidida sobre o lucro obtido no momento do resgate._x000D_
",1000,ABERTO,32,0.02,0.2,-,https://www.xpi.com.br/investimentos/fundos-de-investimento/lista/#/detalhes/7092eebb-a577-4911-a35d-331dd95ae27f,0.1653883162476179,199206377.39
17164804000129,STK Long Only FIF Ações - Resp Limitada,fundos,Ações,Ações Investimento no Exterior,Renda Variável Long Only,32,0,3,STK Capital,Investidores em geral,Renda Variável - Alíquota de IR de 15% incidida sobre o lucro obtido no momento do resgate.,10000,ABERTO,32,0.02,0.2,Ibovespa,https://www.xpi.com.br/investimentos/fundos-de-investimento/lista/#/detalhes/00e2df2f-a0d2-45c5-bab9-9d8a17d9f992,0.1567553281390157,88677765.84999998
23960625000109,Safari 30 FIF em Cotas de FIM II,fundos,Multimercado,Multimercados Livre,Renda Variável Long Biased,48,0,1,Safari Capital,Investidores em geral,Renda Variável - Alíquota de IR de 15% incidida sobre o lucro obtido no momento do resgate.,5000,ABERTO,29,0.018000000000000002,0.2,CDI,https://www.xpi.com.br/investimentos/fundos-de-investimento/lista/#/detalhes/caabc8c2-db1d-427c-bd52-ea9e2a482f67,0.0202367678296389,83769326.54
33796084000170,Safari LB Strategy FIC FIM,fundos,Multimercado,Multimercados Investimento no Exterior,Renda Variável Long Biased,60,0,1,Safari Capital,Investidores qualificados,Renda Variável - Alíquota de IR de 15% incidida sobre o lucro obtido no momento do resgate.,5000,FECHADO,29,0.018000000000000002,0.2,-,https://www.xpi.com.br/investimentos/fundos-de-investimento/lista/#/detalhes/6fa14deb-7048-40f5-b233-3b70350efc1d,-0.1510517955233605,4541190.36
12796232000187,Safra Agilité FIRF CP RL,fundos,Renda Fixa,Renda Fixa Duração Baixa Grau de Investimento,Crédito Liquidez,2,0,4,Safra Asset Management,Investidores em geral,"Longo Prazo - Alíquota regressiva de IR de 22,5% a 15,0% incidida sobre o lucro obtido no momento do resgate.",1000,ABERTO,5,0.005,,CDI,https://www.xpi.com.br/investimentos/fundos-de-investimento/lista/#/detalhes/e6646a0b-6f88-450a-b225-c06b2f8437de,0.1454777143459873,10242664434.37
02536364000116,Safra DI Master FIRF Referenciado DI LP,fundos,Renda Fixa,Renda Fixa Duração Baixa Grau de Investimento,Crédito Liquidez,2,0,4,Safra Asset Management,Investidores em geral,"Longo Prazo - Alíquota regressiva de IR de 22,5% a 15,0% incidida sobre o lucro obtido no momento do resgate.",1000,ABERTO,0,0.003,,CDI,https://www.xpi.com.br/investimentos/fundos-de-investimento/lista/#/detalhes/b6109af2-a14f-4aac-9a57-224eb029547f,0.1446693364110207,7125009561.43
18623722000168,Safra Debêntures Incentivadas CP FIC FIM,fundos,Renda Fixa,Renda Fixa Duração Livre Crédito Livre,Debêntures Incentivadas Não Hedgeado,11,0,4,Safra Asset Management,Investidores em geral,Debêntures Incentivadas - Isento de IR para pessoa física.,25000,ABERTO,31,0.008,0.2,IMA-B 5,https://www.xpi.com.br/investimentos/fundos-de-investimento/lista/#/detalhes/b6d74a69-b1ae-4ae1-9bae-53f30913dab4,0.0906054846780075,633204586.18
52242738000169,Safra Extra Bancos Special FIC FIRF CP,fundos,Renda Fixa,Renda Fixa Duração Baixa Grau de Investimento,Crédito Liquidez,2,0,,SAFRA ASSET CTVM S.A.,Investidores em geral,Longo Prazo,5000,ABERTO,0,0.006500000000000001,,CDI,https://www.xpi.com.br/investimentos/fundos-de-investimento/lista/#/detalhes/d922340d-d429-405d-987f-6084a2c0d72f,0.1411319610938526,865486817.23
23714047000112,Safra Grand Vitesse FIRF CP,fundos,Renda Fixa,Renda Fixa Duração Livre Grau de Investimento,Crédito High Grade,10,0,5,SAFRA ASSET CTVM S.A.,Investidores qualificados,"Longo Prazo - Alíquota regressiva de IR de 22,5% a 15,0% incidida sobre o lucro obtido no momento do resgate.",1000,ABERTO,31,0.0025,0.2,CDI,https://www.xpi.com.br/investimentos/fundos-de-investimento/lista/#/detalhes/0d194a45-9b1b-4758-bdd7-fbdbfce7ef91,0.1491333935825978,2157303090.7
30056825000199,Safra Polaris Classe de Investimento RF CP RL,fundos,Renda Fixa,Renda Fixa Duração Média Grau de Investimento,Crédito High Grade,6,0,4,Safra DTVM (*),Investidores em geral,Longo Prazo,1000,ABERTO,16,0.006,,CDI,https://www.xpi.com.br/investimentos/fundos-de-investimento/lista/#/detalhes/5f6619ed-d678-4f92-9498-8185ca0e07f7,0.1465572917705278,2009216238.43
11447124000136,Safra Vitesse Classe de Investimento RF CP RL,fundos,Renda Fixa,Renda Fixa Duração Baixa Grau de Investimento,Crédito High Grade,3,0,3,Safra Asset Management,Investidores em geral,"Longo Prazo - Alíquota regressiva de IR de 22,5% a 15,0% incidida sobre o lucro obtido no momento do resgate.",1000,ABERTO,31,0.005,,CDI,https://www.xpi.com.br/investimentos/fundos-de-investimento/lista/#/detalhes/04573c8a-aa8c-4346-a565-c5a0dbf0ff70,0.1463619630462131,5512400191.04
04621018000161,Santa Fé Aquarius CI Multimercado RL - Subclasse A,fundos,Multimercado,Multimercados Livre,Multiestratégia,13,0,4,Santa Fé Investimentos,Investidores em geral,"Longo Prazo: Haverá cobrança de IR no último dia útil dos meses de maio e novembro de cada ano sob a alíquota de 15% (“come-cotas”), ou no resgate, se ocorrido em data anterior, seguindo tabela regressiva partindo de 22,5% para intervalo entre aplicação e resgate menor do que 6 meses à 15% se o intervalo entre aplicação e resgate for maior do que 2 anos._x000D_
",500,ABERTO,9,0.0144,0.2,CDI,https://www.xpi.com.br/investimentos/fundos-de-investimento/lista/#/detalhes/3a47a699-e57e-4fdc-8322-ebdb26336765,0.1012320121175902,141361677.36
31403572000145,Selection Ações FIC FIA,fundos,Ações,Ações Índice Ativo,Renda Variável Long Only,28,0,3,XP Advisory,Investidores em geral,Renda Variável - Alíquota de IR de 15% incidida sobre o lucro obtido no momento do resgate.,100,ABERTO,13,0.01,0.2,Ibovespa,https://www.xpi.com.br/investimentos/fundos-de-investimento/lista/#/detalhes/cfc34b83-6bc3-439f-a0f2-a0b4507e11ea,0.0887683677173414,42193038.85
32889197000158,Selection Debêntures Incentivadas FIC FIM CP,fundos,Renda Fixa,Multimercados Livre,Debêntures Incentivadas Hedgeado,13,0,2,XP Advisory,Investidores em geral,Debêntures Incentivadas - Isento de IR para pessoa física.,100,ABERTO,32,0.004,0.2,CDI,https://www.xpi.com.br/investimentos/fundos-de-investimento/lista/#/detalhes/aed8f578-9dec-48e8-b241-5d0567d1ddbb,0.1101701028480754,98594194.48
24582449000173,Selection Multimercado FIC FIM,fundos,Multimercado,Multimercados Livre,Multiestratégia,13,0,3,XP Advisory,Investidores em geral,"Longo Prazo - Alíquota regressiva de IR de 22,5% a 15,0% incidida sobre o lucro obtido no momento do resgate.",100,ABERTO,12,0.0070999999999999995,0.2,CDI,https://www.xpi.com.br/investimentos/fundos-de-investimento/lista/#/detalhes/94bae494-a7b7-4cfa-b9cd-a9a3de969ec0,0.0880130986006848,44065636.35
35939801000100,Selection Multimercado Internacional FIC FIM,fundos,Multimercado,Multimercados Investimento no Exterior,Internacional Multimercado Hedgeado,26,0,,XP Advisory,Investidores qualificados,"Longo Prazo: Haverá cobrança de IR no último dia útil dos meses de maio e novembro de cada ano sob a alíquota de 15% (“come-cotas”), ou no resgate, se ocorrido em data anterior, seguindo tabela regressiva partindo de 22,5% para intervalo entre aplicação e resgate menor do que 6 meses à 15% se o intervalo entre aplicação e resgate for maior do que 2 anos._x000D_
",100,ABERTO,15,0.0073,,CDI,https://www.xpi.com.br/investimentos/fundos-de-investimento/lista/#/detalhes/6780f63d-659a-42b0-bc43-453ae7c9c5d4,0.1304450289488985,39118702.02
30518346000147,Selection Multimercado Plus FIC FIM,fundos,Multimercado,Multimercados Livre,Multiestratégia,13,1,4,XP Advisory,Investidores qualificados,"Longo Prazo - Alíquota regressiva de IR de 22,5% a 15,0% incidida sobre o lucro obtido no momento do resgate.",100,ABERTO,32,0.0085,0.2,CDI,https://www.xpi.com.br/investimentos/fundos-de-investimento/lista/#/detalhes/d20dd513-f2b7-48cc-aeef-a3a9581ac457,0.1051328166325731,22872079.62
34957512000162,Selection RF High Yield FIC FIM CP LP,fundos,Multimercado,Multimercados Dinâmico,Crédito High Yield,13,1,3,XP Advisory,Investidores qualificados,"Longo Prazo - Alíquota regressiva de IR de 22,5% a 15,0% incidida sobre o lucro obtido no momento do resgate.",100,ABERTO,93,0.0048,0.2,CDI,https://www.xpi.com.br/investimentos/fundos-de-investimento/lista/#/detalhes/50071c51-d744-4244-8a04-58061ea74a75,0.1493125173552651,174703161.87
24572219000123,Selection RF Light FIC FIRF CP LP,fundos,Renda Fixa,Renda Fixa Duração Livre Crédito Livre,Crédito High Grade,11,1,3,XP Advisory,Investidores em geral,"Longo Prazo - Alíquota regressiva de IR de 22,5% a 15,0% incidida sobre o lucro obtido no momento do resgate.",100,ABERTO,12,0.0031,0.2,CDI,https://www.xpi.com.br/investimentos/fundos-de-investimento/lista/#/detalhes/35e67802-e664-4c3f-b523-9671f3577f8a,0.1455568765732759,321730343.43
37887412000103,Sharp Equity Value Advisory FIF em Cotas de FIF em Ações,fundos,Ações,Ações Livre,Renda Variável Long Only,26,0,,Sharp Investimentos,Investidores qualificados,"Renda Variável - Alíquota de IR de 15% incidida sobre o lucro obtido no momento do resgate._x000D_
",20000,ABERTO,32,0.0195,0.2,-,https://www.xpi.com.br/investimentos/fundos-de-investimento/lista/#/detalhes/f135e900-0188-4f58-82a6-f7d720237730,0.0085353395478868,20039350.23
08912569000135,Sharp Ibovespa Ativo Feeder FIC de FIA em Ações RL,fundos,Ações,Ações Índice Ativo,Renda Variável Long Only,26,0,4,Sharp Investimentos,Investidores em geral,Renda Variável - Alíquota de IR de 15% incidida sobre o lucro obtido no momento do resgate.,20000,FECHADO,3,0.0194,0.2,Ibovespa,https://www.xpi.com.br/investimentos/fundos-de-investimento/lista/#/detalhes/91ff4b23-4cda-49df-ad8a-99573d615081,0.1275136751108105,24832113.59
33497084000170,Sharp Long Biased Advisory FIF em Cotas de FIF em Ações,fundos,Ações,Ações Livre,Renda Variável Long Biased,26,1,5,Sharp Investimentos,Investidores qualificados,Renda Variável - Alíquota de IR de 15% incidida sobre o lucro obtido no momento do resgate.,5000,ABERTO,92,0.0195,0.2,CDI,https://www.xpi.com.br/investimentos/fundos-de-investimento/lista/#/detalhes/cf106c68-1a2f-4f40-be5c-bdeaa9beec8a,-0.0392082663881908,132668452.84
36326889000149,Sharp Long Short 2X Advisory FIF em Cotas de FIF Multimercado,fundos,Multimercado,Multimercados Livre,Long Short Neutro,13,0,,Sharp Investimentos,Investidores em geral,"Longo Prazo - Alíquota regressiva de IR de 22,5% a 15,0% incidida sobre o lucro obtido no momento do resgate._x000D_
",50000,FECHADO,91,0.0195,0.2,CDI,https://www.xpi.com.br/investimentos/fundos-de-investimento/lista/#/detalhes/03bb9fff-bdec-4d00-9250-c34cb8b1fe20,0.0265383590281769,15230224.24
07279819000189,Sharp Long Short 3A FIF Multimercado,fundos,Multimercado,Multimercados Livre,Long Short Neutro,13,0,5,Sharp Investimentos,Investidores em geral,Renda Varíavel,50000,FECHADO,16,0.02,0.2,CDI,https://www.xpi.com.br/investimentos/fundos-de-investimento/lista/#/detalhes/804b9576-a5ac-4264-9416-7de3c589d733,0.0251370602711804,23725695.45
34583819000140,Solis Capital Antares Advisory FIC de FIDC,fundos,Direito Creditório,Multimercados Estratégia Específica,Crédito High Yield,13,0,3,Solis Investimentos,Investidores qualificados,FIDC,501.9,FECHADO,60,0.0040999999999999995,0.2,CDI,https://www.xpi.com.br/investimentos/fundos-de-investimento/lista/#/detalhes/54242f73-aea9-4069-9cd3-4d0f122e9e91,0.1701649760635271,2016622398.17
34780531000166,Solis Capital Antares Light FIC de FIDC,fundos,Direito Creditório,Multimercados Estratégia Específica,Crédito High Yield,13,0,4,Solis Investimentos,Investidores qualificados,FIDC,10038,FECHADO,45,0.01,0.2,CDI,https://www.xpi.com.br/investimentos/fundos-de-investimento/lista/#/detalhes/a63e3e47-496d-4289-92df-5fddac2be122,0.1604670650472934,1136295934.59
55318040000178,Solis Capital Antares Pioneiro FIC FIDC,fundos,Direito Creditório,FIDC Outros,Crédito High Yield,13,0,,Solis Investimentos,Não definido,FIDC,501.9,ABERTO,60,0.0131,0.2,CDI,https://www.xpi.com.br/investimentos/fundos-de-investimento/lista/#/detalhes/fd4c43ce-f2ca-4ef0-b27f-47d13be8ac0a,0.1604742060806823,1382151464.31
58525584000107,Solis Portfolio Crédito CDI+ FIC FIDC RL,fundos,Direito Creditório,-,Fundo Listado,15,0,,Solis Investimentos,Não definido,FIDC,100,FECHADO,0,0.0131,,-,https://www.xpi.com.br/investimentos/fundos-de-investimento/lista/#/detalhes/f8cd4917-e047-4be8-9997-309cbc144c56,-0.0337524177039751,109922551.23
36352361000144,Sparta Debêntures Incentivadas 45 FIC de FIF Infra RF RL,fundos,Renda Fixa,Renda Fixa Duração Livre Crédito Livre,Debêntures Incentivadas Hedgeado,11,0,,Sparta Investimentos,Investidores em geral,Tributação para Debêntures Incentivadas (Isento),1000,FECHADO,46,0.008,,CDI,https://www.xpi.com.br/investimentos/fundos-de-investimento/lista/#/detalhes/8633600b-79ac-41f4-8c50-6cf6ae97f428,0.1160404777017092,633233674.75
50038992000114,Sparta Debêntures Incentivadas Estratégico FIC FI Infra RL,fundos,Renda Fixa,Renda Fixa Duração Livre Crédito Livre,Renda Fixa Pré,11,0,,Sparta Investimentos,Investidores em geral,Debêntures Incentivadas,1000,ABERTO,31,0.008,,CDI,https://www.xpi.com.br/investimentos/fundos-de-investimento/lista/#/detalhes/c049333f-c8a8-42b1-a2d4-a014ac2a24ff,0.0970944204556567,419619029.37
26759909000111,Sparta Debêntures Incentivadas FIC FIF-Infra RF RL,fundos,Renda Fixa,Renda Fixa Duração Livre Crédito Livre,Debêntures Incentivadas Hedgeado,11,0,2,Sparta Investimentos,Investidores em geral,Debêntures Incentivadas - Isento de IR para pessoa física.,1000,FECHADO,31,0.008,,CDI,https://www.xpi.com.br/investimentos/fundos-de-investimento/lista/#/detalhes/af686d0f-2289-4d1f-b1fb-75c79145d542,0.1162558423405442,998274862.83
39959025000152,Sparta Debêntures Incentivadas Inflação FIC de Fundos Incentivados de Investimento Financeiro,fundos,Renda Fixa,Renda Fixa Duração Livre Crédito Livre,Debêntures Incentivadas Não Hedgeado,11,0,,Sparta Investimentos,Investidores em geral,Debentures Incentivadas,1000,ABERTO,32,0.008,,IMA-B 5,https://www.xpi.com.br/investimentos/fundos-de-investimento/lista/#/detalhes/a6bd771a-c61f-44ce-beb1-ba2e5522c9d9,0.0992833759590792,1537639523.07
36352376000102,Sparta Max A60 FIC FIF RF CP LP RL,fundos,Renda Fixa,Renda Fixa Duração Média Crédito Livre,Crédito High Grade,10,0,,Sparta Investimentos,Investidores qualificados,Longo Prazo,500,ABERTO,61,0.0034999999999999996,0.2,CDI,https://www.xpi.com.br/investimentos/fundos-de-investimento/lista/#/detalhes/f9888288-0f68-4d05-b9cc-55d906710b6c,0.1422697479181467,199670984.2
32757330000112,Sparta Max Advisory FIC de FIF RF CP LP RL,fundos,Renda Fixa,Renda Fixa Duração Média Crédito Livre,Crédito High Grade,10,0,3,Sparta Investimentos,Investidores qualificados,"Longo Prazo - Alíquota regressiva de IR de 22,5% a 15,0% incidida sobre o lucro obtido no momento do resgate.",500,FECHADO,31,0.0034999999999999996,0.2,CDI,https://www.xpi.com.br/investimentos/fundos-de-investimento/lista/#/detalhes/64686e0f-8779-471d-9050-9a4fd201f35a,0.142325703691154,131732120.31
12923387000137,Sparta Premium FIC de FIF RF RL,fundos,Renda Fixa,Renda Fixa Duração Baixa Grau de Investimento,Crédito Liquidez,2,0,3,Sparta Investimentos,Investidores em geral,"Longo Prazo - Alíquota regressiva de IR de 22,5% a 15,0% incidida sobre o lucro obtido no momento do resgate.",500,ABERTO,0,0.003,,CDI,https://www.xpi.com.br/investimentos/fundos-de-investimento/lista/#/detalhes/31bdcaad-716f-41d9-b22d-d2ae16e095a3,0.1411252779817182,110514866.5
56992930000123,Sparta Pré 2028 FI-Infra RF CP RL,fundos,Renda Fixa,Renda Fixa Duração Livre Crédito Livre,Fundo Listado,50,0,,Sparta Investimentos,Investidores qualificados,FI-Infra,1000,FECHADO,0,0.0078000000000000005,0.2,CDI,https://www.xpi.com.br/investimentos/fundos-de-investimento/lista/#/detalhes/702fbb0d-3878-44b5-8ea2-8c64cc496f01,-0.0298365534345509,185368780.36
54426679000104,Sparta Renda FIF Infra RF RL - Subclasse Condominal,fundos,Renda Fixa,Renda Fixa Duração Livre Crédito Livre,Debêntures Incentivadas Hedgeado,11,0,,Sparta Investimentos,Investidores em geral,Debêntures Incentivadas,1000,ABERTO,91,0.01,,CDI,https://www.xpi.com.br/investimentos/fundos-de-investimento/lista/#/detalhes/f5613582-c74a-4c4a-b148-2d95b729159c,,
32846811000102,Sparta Top Advisory FIC FIF RF CP LP RL,fundos,Renda Fixa,Renda Fixa Duração Média Grau de Investimento,Crédito High Grade,6,0,3,Sparta Investimentos,Investidores em geral,"Longo Prazo - Alíquota regressiva de IR de 22,5% a 15,0% incidida sobre o lucro obtido no momento do resgate.",500,ABERTO,31,0.003,0.2,CDI,https://www.xpi.com.br/investimentos/fundos-de-investimento/lista/#/detalhes/c15179dc-f5ec-46a1-9ecb-9df2693c8365,0.1430111717557427,530979154.45
14188162000100,Sparta Top FIC FIF RF CP LP - Resp Limitada,fundos,Renda Fixa,Renda Fixa Duração Média Grau de Investimento,Crédito High Grade,6,0,4,Sparta Investimentos,Investidores em geral,"Longo Prazo - Alíquota regressiva de IR de 22,5% a 15,0% incidida sobre o lucro obtido no momento do resgate.",1000,FECHADO,31,0.003,0.2,CDI,https://www.xpi.com.br/investimentos/fundos-de-investimento/lista/#/detalhes/c0f8b446-e52c-4e2e-b758-e738a59a4c6f,0.143160459003987,1785037747.6
38026926000129,Sparta Top Inflação FIC FIF RF CP LP - Resp Limitada,fundos,Renda Fixa,Renda Fixa Duração Livre Grau de Investimento,Renda Fixa Inflação,10,0,,Sparta Investimentos,Investidores em geral,"Longo Prazo - Alíquota regressiva de IR de 22,5% a 15,0% incidida sobre o lucro obtido no momento do resgate._x000D_
",1000,ABERTO,31,0.003,0.2,IMA-B 5,https://www.xpi.com.br/investimentos/fundos-de-investimento/lista/#/detalhes/06c9ce1b-4216-4382-b1ec-739a1144a926,0.129854681496883,480212054.37
51931205000121,Sports Media Futebol Brasileiro - Classe A - Advisory FIP,fundos,Participações - Multiestratégia,Fundos de Participações,Alternativo Ilíquido,50,0,,XP Asset Management,Investidores qualificados,FIP,10000,FECHADO,0,0.02,0.2,-,https://www.xpi.com.br/investimentos/fundos-de-investimento/lista/#/detalhes/19866f58-f2dd-4a62-af17-3f7e765f8029,,
51931205000121,Sports Media Futebol Brasileiro - Classe B - Advisory FIP,fundos,Participações - Multiestratégia,Fundos de Participações,Alternativo Ilíquido,50,0,,XP Asset Management,Investidores qualificados,FIP,1000000,FECHADO,0,0.02,0.2,-,https://www.xpi.com.br/investimentos/fundos-de-investimento/lista/#/detalhes/3ee6e485-0a5f-4b1b-b964-2439f0b31110,,
38377471000196,Squadra LB Advisory XP FIC de FIA,fundos,Ações,Ações Livre,Renda Variável Long Biased,26,0,,Squadra Investimentos,Investidores qualificados,"Renda Variável - Alíquota de IR de 15% incidida sobre o lucro obtido no momento do resgate._x000D_
",50000,FECHADO,62,0.018000000000000002,0.2,-,https://www.xpi.com.br/investimentos/fundos-de-investimento/lista/#/detalhes/373bb17d-8c16-4f6e-a7c7-537a8c0815d5,-0.0669749940921231,89503212.06
30282418000108,Starboard Special Situations II Advisory FIC FIM CP,fundos,Multimercado,Multimercados Livre,Alternativo Ilíquido,50,0,, XP VISTA ASSET MANAGMENT LTDA,Investidores profissionais,"Longo Prazo - Alíquota regressiva de IR de 22,5% a 15,0% incidida sobre o lucro obtido no momento do resgate.",200000,FECHADO,999,,,IPCA,https://www.xpi.com.br/investimentos/fundos-de-investimento/lista/#/detalhes/748d30a0-c807-4677-98d7-e789f07bed22,,2487769.29
17301119000105,Studio 30 FIC de FIF em Ações RL,fundos,Ações,Ações Livre,Renda Variável Long Only,30,0,4,Studio Investimentos,Investidores qualificados,Renda Variável - Alíquota de IR de 15% incidida sobre o lucro obtido no momento do resgate.,5000,ABERTO,32,0.018500000000000003,0.2,IMA Geral,https://www.xpi.com.br/investimentos/fundos-de-investimento/lista/#/detalhes/7d9f3ccd-d1c7-47f5-8264-8915e89478db,0.0569154168563583,66970767.48
11225767000135,Studio Institucional FIC FIA,fundos,Ações,Ações Livre,Renda Variável Long Only,34,0,3,Studio Investimentos,Investidores em geral,Renda Variável - Alíquota de IR de 15% incidida sobre o lucro obtido no momento do resgate.,5000,ABERTO,16,0.018500000000000003,0.2,Ibovespa,https://www.xpi.com.br/investimentos/fundos-de-investimento/lista/#/detalhes/b2e3b086-7010-4c71-ad2d-b77f4b7d0880,0.0464391656155287,17038308.12
44157044000103,Studio Long Bias FIC FIF Multimercado RL,fundos,Multimercado,Multimercados Livre,Renda Variável Long Biased,30,0,,Studio Investimentos,Investidores em geral,Ações,1000,FECHADO,32,0.02,0.2,IPCA + Yield IMA-B,https://www.xpi.com.br/investimentos/fundos-de-investimento/lista/#/detalhes/945018aa-a11e-429d-bfe8-208cf1666c77,0.0552744047107482,15698993.49
17797493000135,SulAmérica Apollo FIM,fundos,Multimercado,Multimercados Livre,Macro Baixa Vol,13,0,2,SulAmérica Investimentos,Investidores em geral,"Longo Prazo - Alíquota regressiva de IR de 22,5% a 15,0% incidida sobre o lucro obtido no momento do resgate.",1000,ABERTO,10,0.02,0.2,CDI,https://www.xpi.com.br/investimentos/fundos-de-investimento/lista/#/detalhes/29e10ae2-f032-4be6-9546-0ce05e0844bc,0.1561987562188924,143217744.83
07381653000107,SulAmérica Ativo FIF CIRF LP RL,fundos,Renda Fixa,Renda Fixa Duração Livre Grau de Investimento,Renda Fixa Ativo,10,0,3,SulAmérica Investimentos,Investidores em geral,"Longo Prazo - Alíquota regressiva de IR de 22,5% a 15,0% incidida sobre o lucro obtido no momento do resgate.",1000,ABERTO,1,0.005,0.2,CDI,https://www.xpi.com.br/investimentos/fundos-de-investimento/lista/#/detalhes/aafc52f5-25b8-4360-ab41-70a7ad9e9bda,0.1392270238654489,62204976.65
13823084000105,SulAmérica Crédito Ativo FIRF CP LP,fundos,Renda Fixa,Renda Fixa Duração Livre Crédito Livre,Crédito High Grade,12,1,4,SUL AMÉRICA GESTÃO DE INVESTIMENTOS S.A,Investidores em geral,"Longo Prazo - Alíquota regressiva de IR de 22,5% a 15,0% incidida sobre o lucro obtido no momento do resgate.",1000,ABERTO,30,0.006,0.2,CDI,https://www.xpi.com.br/investimentos/fundos-de-investimento/lista/#/detalhes/0a8f98fc-e921-439c-833c-3a1e9064aedc,0.1462950886727432,2761430164.35
33701828000126,SulAmérica Crédito ESG FIRF CP LP IS,fundos,Renda Fixa,Renda Fixa Duração Livre Crédito Livre,Crédito High Grade,12,0,,SUL AMÉRICA GESTÃO DE INVESTIMENTOS S.A,Investidores qualificados,"Longo Prazo_x000D_
",1000,ABERTO,46,0.006,0.2,CDI,https://www.xpi.com.br/investimentos/fundos-de-investimento/lista/#/detalhes/e4c08791-d5b8-42e3-84bd-9b79404e6418,0.1475183857873618,968248397.24
11458144000102,SulAmérica Equities FIA,fundos,Ações,Ações Valor/Crescimento,Renda Variável Long Only,28,0,1,SulAmérica Investimentos,Investidores em geral,Renda Variável - Alíquota de IR de 15% incidida sobre o lucro obtido no momento do resgate.,2500,ABERTO,3,0.015,0.2,Ibovespa,https://www.xpi.com.br/investimentos/fundos-de-investimento/lista/#/detalhes/eb3409a5-e13e-4cbb-ba5e-6b313ee42fc8,0.2037518542107292,18224119.21
12839769000187,SulAmérica Evolution FI Multimercado,fundos,Multimercado,Multimercados Macro,Macro Baixa Vol,13,0,2,SulAmérica Investimentos,Investidores em geral,"Longo Prazo - Alíquota regressiva de IR de 22,5% a 15,0% incidida sobre o lucro obtido no momento do resgate.",5000,ABERTO,1,0.01,0.2,CDI,https://www.xpi.com.br/investimentos/fundos-de-investimento/lista/#/detalhes/74997528-2f96-42e6-a1be-36c93d1d37de,0.1284086158358703,8548863.599999998
04899128000190,SulAmérica Excellence FIRF CP,fundos,Renda Fixa,Renda Fixa Duração Livre Grau de Investimento,Crédito Liquidez,10,0,3,SUL AMÉRICA GESTÃO DE INVESTIMENTOS S.A,Investidores em geral,"Longo Prazo - Alíquota regressiva de IR de 22,5% a 15,0% incidida sobre o lucro obtido no momento do resgate.",1000,ABERTO,1,0.003,,CDI,https://www.xpi.com.br/investimentos/fundos-de-investimento/lista/#/detalhes/08303aca-5df0-459b-b4ef-399ba74f2e96,0.146002551849433,3645681523.51
04839017000198,SulAmérica Exclusive FIRF REF DI,fundos,Renda Fixa,Renda Fixa Duração Baixa Soberano,Referenciado DI Soberano,2,0,3,SulAmérica Investimentos,Investidores em geral,"Longo Prazo - Alíquota regressiva de IR de 22,5% a 15,0% incidida sobre o lucro obtido no momento do resgate.",1000,ABERTO,0,0.0015,,CDI,https://www.xpi.com.br/investimentos/fundos-de-investimento/lista/#/detalhes/99020734-f5bb-4dc9-98d1-6fc1ef009aa1,0.1455806061713007,2232021414.92
22759995000101,SulAmérica INFRA FI INFRA RF,fundos,Renda Fixa,Renda Fixa Duração Livre Crédito Livre,Debêntures Incentivadas Não Hedgeado,11,0,3,SulAmérica Investimentos,Investidores em geral,Debêntures Incentivadas - Isento de IR para pessoa física.,1000,ABERTO,46,0.008,,IMA-B 5,https://www.xpi.com.br/investimentos/fundos-de-investimento/lista/#/detalhes/f91eae8c-4530-4e27-9b38-8e2901832cab,0.0892393541679317,53199399.27
09326708000101,SulAmérica Inflatie FIRF LP,fundos,Renda Fixa,Renda Fixa Duração Alta Soberano,Renda Fixa Inflação,10,0,4,SulAmérica Investimentos,Investidores em geral,"Longo Prazo - Alíquota regressiva de IR de 22,5% a 15,0% incidida sobre o lucro obtido no momento do resgate.",5000,FECHADO,2,0.004,0.2,IMA-B,https://www.xpi.com.br/investimentos/fundos-de-investimento/lista/#/detalhes/7314b5a0-f1a5-492f-8b0e-74b1b151eb96,0.1033767611986784,34789911.55
24325096000126,SulAmérica Premium FIRF Referenciado DI CP,fundos,Renda Fixa,Renda Fixa Duração Baixa Grau de Investimento,Crédito Liquidez,2,0,3,SUL AMÉRICA GESTÃO DE INVESTIMENTOS S.A,Investidores em geral,Longo Prazo,1000,FECHADO,1,0.002,,CDI,https://www.xpi.com.br/investimentos/fundos-de-investimento/lista/#/detalhes/21623b5c-e872-411f-9c40-751040779f31,0.1474606489008953,1466894144.56
47715703000160,SulAmérica Premium Plus FIRF Referenciado DI CP RL,fundos,Renda Fixa,Renda Fixa Duração Baixa Grau de Investimento,Crédito Liquidez,2,0,,SUL AMÉRICA GESTÃO DE INVESTIMENTOS S.A,Investidores em geral,Longo Prazo,1000,ABERTO,1,0.003,,CDI,https://www.xpi.com.br/investimentos/fundos-de-investimento/lista/#/detalhes/a10e0820-1a5b-4344-b97b-faee176ebdd3,0.1470400178531663,1982355717.42
34525068000106,SulAmérica Selection FIC FIA,fundos,Ações,Ações Livre,Renda Variável Long Only,40,0,3,SulAmérica Investimentos,Investidores em geral,Renda Variavel,1000,ABERTO,32,0.02,0.2,IVBX-2,https://www.xpi.com.br/investimentos/fundos-de-investimento/lista/#/detalhes/d84b3316-b108-4f2f-95b1-a3efb7fb1b2b,-0.0003847429759381,6325566.76
55763285000104,Sulamérica Excellence Plus FIF RF CP RL,fundos,Renda Fixa,Renda Fixa Duração Livre Crédito Livre,Crédito Liquidez,11,0,,SUL AMÉRICA GESTÃO DE INVESTIMENTOS S.A,Investidores em geral,Longo Prazo,1000,ABERTO,1,0.004,0.1,CDI,https://www.xpi.com.br/investimentos/fundos-de-investimento/lista/#/detalhes/3b83123d-f05f-4b84-9e6a-4e35282a4a32,0.1469649849366787,332259161.16
23502654000119,Sulamérica Retorno Total FI RF LP,fundos,Renda Fixa,Renda Fixa Duração Livre Soberano,Renda Fixa Ativo,10,0,,SulAmérica Investimentos,Investidores em geral,Longo Prazo,1000,ABERTO,5,0.012,0.2,CDI,https://www.xpi.com.br/investimentos/fundos-de-investimento/lista/#/detalhes/c8778594-909e-444d-8b5b-f52c2a446826,0.1321908621054919,371083028.28
46331231000189,Suno FIF em Cotas de FIA,fundos,Ações,Ações Livre,Renda Variável Long Only,26,0,,Suno Investimentos,Investidores em geral,Renda Variavel,500,ABERTO,32,0.019,0.2,Ibovespa,https://www.xpi.com.br/investimentos/fundos-de-investimento/lista/#/detalhes/f9b10bbd-8cd0-45c8-aa26-a5d05961e2e9,0.0107724545162541,23169595.25
39723347000106,Systematica Blue Trend Advisory FIC FIM IE,fundos,Multimercado,Multimercados Investimento no Exterior,Internacional Multimercado Hedgeado,26,0,,XP Allocation Asset Management LTDA.,Investidores em geral,"Longo Prazo - Alíquota regressiva de IR de 22,5% a 15,0% incidida sobre o lucro obtido no momento do resgate._x000D_
",500,ABERTO,8,0.008,,-,https://www.xpi.com.br/investimentos/fundos-de-investimento/lista/#/detalhes/2c618096-24f3-4753-a7f8-609acf2fc50d,0.3774776686219989,75900488.40999998
47511300000107,TB Advisory FIF em Cotas de FIA,fundos,Ações,Ações Livre,Renda Variável Long Only,26,0,,TB Capital,Investidores qualificados,Renda Variavel,5000,ABERTO,32,0.013000000000000001,0.2,-,https://www.xpi.com.br/investimentos/fundos-de-investimento/lista/#/detalhes/d7350af5-ae34-40fe-9027-4c929eb4b453,0.1544102294736939,137717734.48
52314487000180,TB Advisory II FIF em Cotas de FIA,fundos,Ações,Ações Livre,Renda Variável Long Only,26,0,,TB Capital,Exclusivo,Renda Variável,5000,FECHADO,32,0.013000000000000001,0.2,IPCA + Yield IMA-B,https://www.xpi.com.br/investimentos/fundos-de-investimento/lista/#/detalhes/da26390c-e924-40ad-bf3a-8e896da63fdc,0.1559948607429577,54838090.3
64099959000109,TG Renda Imobiliária Feeder Pré FII RL,fundos,Investimento Imobiliário,-,Crédito Estruturado,16,0,,TG Core Asset Management,Não definido,FII,1000,FECHADO,0,0.015,,-,https://www.xpi.com.br/investimentos/fundos-de-investimento/lista/#/detalhes/3e28c451-d17f-4002-ac98-9aee16c35595,,
60513922000124,TG Renda Urbana Feeder FII RL,fundos,Investimento Imobiliário,-,Fundo Listado,33,0,,TG CORE RENDA LTDA,Investidores em geral,FII,100,FECHADO,0,0.0085,,-,https://www.xpi.com.br/investimentos/fundos-de-investimento/lista/#/detalhes/b59ae70e-4b86-492a-8716-a48e5e013f19,,
60551924000108,TG Renda Urbana Máster FII – Subclasse B,fundos,Investimento Imobiliário,-,Alternativo Ilíquido,50,0,,TG CORE RENDA LTDA,Não definido,FII,1000,FECHADO,0,0.0085,,-,https://www.xpi.com.br/investimentos/fundos-de-investimento/lista/#/detalhes/c02638b0-9313-4e19-a76d-7dc7edca9c10,,
44625562000104,TGRE11 - TG Real Estate,fundos,Investimento Imobiliário,FII Híbrido Gestão Ativa,Fundo Listado,16,0,,TG Core Asset Management,Investidores em geral,Renda Variável,10,FECHADO,0,0.013000000000000001,0.3,CDI,https://www.xpi.com.br/investimentos/fundos-de-investimento/lista/#/detalhes/7e7bd778-f1f9-4cb5-a94e-c71b28234085,,
44625657000110,TGRI11 – TG Renda Imobiliária Sênior A,fundos,Investimento Imobiliário,-,Fundo Listado,50,0,,TG Core Asset Management,Não definido,FII,10,FECHADO,0,0.015,,CDI,https://www.xpi.com.br/investimentos/fundos-de-investimento/lista/#/detalhes/c59b245c-622a-4e67-bcfd-9b3d1ea60716,,
37108062000121,TREND Bolsas Globais II CIA RL,fundos,Multimercado,Multimercados Investimento no Exterior,Internacional Ações Hedgeado,26,0,,XP Allocation Asset Management LTDA.,Investidores em geral,Ações,100,ABERTO,6,0.005,,-,https://www.xpi.com.br/investimentos/fundos-de-investimento/lista/#/detalhes/6ec2f080-3123-47eb-942f-02c85a472177,0.28369983028049,120702466
40212883000118,TREND NASDAQ 100 FIA,fundos,Ações,Ações Indexados,Internacional Ações Hedgeado,26,0,,XP Allocation Asset Management LTDA.,Investidores em geral,"Renda Variável - Alíquota de IR de 15% incidida sobre o lucro obtido no momento do resgate._x000D_
",100,ABERTO,6,0.005,,-,https://www.xpi.com.br/investimentos/fundos-de-investimento/lista/#/detalhes/76c33457-4dde-408d-b736-5e38f60ff761,0.342967699736975,105057366.22
42922205000174,Tarpon GT 90 FIF FIA,fundos,Ações,Ações Livre,Renda Variável Small/Mid Caps,27,0,,Tarpon Capital,Investidores em geral,Renda Variavel,1000,FECHADO,92,0.02,0.2,Ibovespa,https://www.xpi.com.br/investimentos/fundos-de-investimento/lista/#/detalhes/1a496878-75d5-47a2-91cc-dd4256a57a4b,0.0530367545655336,795657706.33
34096201000156,Tavola Absoluto Advisory FIC de FIM,fundos,Multimercado,Multimercados Investimento no Exterior,Renda Variável Long Biased,27,0,,Távola Capital,Investidores em geral,Renda Variável - Alíquota de IR de 15% incidida sobre o lucro obtido no momento do resgate.,500,ABERTO,32,0.02,0.2,CDI,https://www.xpi.com.br/investimentos/fundos-de-investimento/lista/#/detalhes/c748d7b7-a28d-4c2c-9620-d15bd3780274,0.0388086501796824,9729705.43
00906044000185,Tempo Capital Manacá FIC de FIF em Ações RL,fundos,Ações,Ações Livre,Renda Variável Long Only,26,0,5,Tempo Capital,Investidores qualificados,"Renda Variável: Haverá cobrança de IR no momento do resgate sob a alíquota de 15% sobre o rendimento bruto obtido._x000D_
",300000,ABERTO,32,0.02,0.2,IBX,https://www.xpi.com.br/investimentos/fundos-de-investimento/lista/#/detalhes/d6426c92-6c03-4d56-a646-fa4f42b341c3,0.2588685644149151,765687183.35
45127383000100,Tenax Ações Master FIF em Ações - Subclasse Tenax Ações I FIA,fundos,Ações,Ações Livre,Renda Variável Long Only,26,0,,Tenax Capital,Exclusivo do administrador,Ações,1000,ABERTO,30,0.02,0.2,Ibovespa,https://www.xpi.com.br/investimentos/fundos-de-investimento/lista/#/detalhes/30495eba-3ff9-4d40-8897-0f82a9641148,,
53936458000113,Tenax RFA Incentivado FIF CIC Incentivado Investimento DEB I,fundos,Renda Fixa,Renda Fixa Duração Livre Crédito Livre,Outros -> Código Recebido: 54,11,0,,Tenax Capital,Investidores em geral,Debêntures incentivadas,1000,FECHADO,31,0.004,0.075,CDI,https://www.xpi.com.br/investimentos/fundos-de-investimento/lista/#/detalhes/4870f3ca-c33c-4ff8-a715-02a8b3c21c72,0.114036930494825,87614665.33
54564113000149,Tishman Speyer Jardins FII Oriz XP RL Classe C,fundos,Investimento Imobiliário,-,Multiestratégia,26,0,,XP Asset Management,Investidores profissionais,FII,1000,FECHADO,0,0.005600000000000001,0.2,-,https://www.xpi.com.br/investimentos/fundos-de-investimento/lista/#/detalhes/b33739c3-d709-4769-bf4f-96b60a6320b8,,
61020441000140,Tivio Alt 90 FIDC RL,fundos,Direito Creditório,-,Crédito High Yield,13,0,,Tivio Capital,Não definido,Longo Prazo,1003.8,FECHADO,92,0.006500000000000001,0.1,CDI,https://www.xpi.com.br/investimentos/fundos-de-investimento/lista/#/detalhes/fed3ea01-6ddd-4dd0-b883-7ffdfa7e3d5a,0.1656916157497374,19959710.82
58038938000180,Tivio Alt Credito High Yield 180 FIDC RL,fundos,Direito Creditório,-,Crédito High Yield,13,0,,Tivio Capital,Investidores qualificados,FIDC,1003.8,FECHADO,182,0.0115,0.2,CDI,https://www.xpi.com.br/investimentos/fundos-de-investimento/lista/#/detalhes/424a48e6-d126-4025-8046-b432d85a9cef,0.1818960296388865,151939343.55
10347493000194,Tivio Banks RF CP FIF RL,fundos,Renda Fixa,Renda Fixa Duração Livre Grau de Investimento,Crédito Liquidez,10,0,,Tivio Capital,Investidores em geral,Longo Prazo,1000,ABERTO,0,0.0025,,CDI,https://www.xpi.com.br/investimentos/fundos-de-investimento/lista/#/detalhes/61f14607-88c6-4536-b62e-ea9fca32f78e,0.1469739553780384,1793381077.96
03319016000150,Tivio Dólar Cambial FIF CIC Cambial RL,fundos,Cambial,Cambial,Cambial,16,0,3,Tivio Capital,Investidores em geral,"Longo Prazo - Alíquota regressiva de IR de 22,5% a 15,0% incidida sobre o lucro obtido no momento do resgate.",100,ABERTO,1,0.0085,,-,https://www.xpi.com.br/investimentos/fundos-de-investimento/lista/#/detalhes/dcd4717e-7f33-491c-9c89-79101548abb3,-0.0030138813054979,124350466.54
09344799000108,Tivio Inflation FIF CI em Cotas RF RL,fundos,Renda Fixa,Renda Fixa Duração Livre Grau de Investimento,Renda Fixa Inflação,10,0,5,Tivio Capital,Investidores em geral,"Longo Prazo - Alíquota regressiva de IR de 22,5% a 15,0% incidida sobre o lucro obtido no momento do resgate.",100,ABERTO,1,0.0034999999999999996,,IMA-B 5,https://www.xpi.com.br/investimentos/fundos-de-investimento/lista/#/detalhes/b4ecb997-f0aa-4861-bedf-9281274b05e7,0.1241537816344904,29061617.89
04240128000183,Tivio Institucional 15,fundos,Renda Fixa,Renda Fixa Duração Livre Crédito Livre,Crédito High Grade,11,0,4,Tivio Capital,Investidores em geral,"Longo Prazo - Alíquota regressiva de IR de 22,5% a 15,0% incidida sobre o lucro obtido no momento do resgate.",3000,FECHADO,16,0.005,0.2,CDI,https://www.xpi.com.br/investimentos/fundos-de-investimento/lista/#/detalhes/403f04c0-fc8f-4425-8143-4a908ba6dbc0,0.1500321993001949,156046891.63
06866051000187,Tivio Institucional RF CP FIF RL,fundos,Renda Fixa,Renda Fixa Duração Livre Grau de Investimento,Crédito Liquidez,10,0,3,Tivio Capital,Investidores em geral,Longo Prazo,1000,FECHADO,0,0.002,,CDI,https://www.xpi.com.br/investimentos/fundos-de-investimento/lista/#/detalhes/84e548e0-ad5e-4459-a98e-4e1379a3458f,0.1464330311928805,1815644128.24
00836263000135,Tivio RF Ativo LP FI,fundos,Renda Fixa,Renda Fixa Duração Livre Grau de Investimento,Renda Fixa Ativo,10,0,3,Tivio Capital,Investidores em geral,"Longo Prazo - Alíquota regressiva de IR de 22,5% a 15,0% incidida sobre o lucro obtido no momento do resgate.",1000,FECHADO,1,0.005,0.2,CDI,https://www.xpi.com.br/investimentos/fundos-de-investimento/lista/#/detalhes/aaecdfbd-6f85-4e8c-b135-86cc30cac1c5,0.118279412784414,39841255.67
32485590000186,Tivo Plus RF Fundo Incentivado de Investimento Financeiro em Infra RL,fundos,Renda Fixa,Renda Fixa Duração Livre Crédito Livre,Debêntures Incentivadas Não Hedgeado,11,0,,Tivio Capital,Investidores em geral,Debêntures Incentivadas,1000,ABERTO,31,0.0075,,IMA-B 5,https://www.xpi.com.br/investimentos/fundos-de-investimento/lista/#/detalhes/aaac99b7-fccf-4936-94ce-a8f61195c059,0.0978214729036177,42694019.75
53740335000102,Treecorp IV FIP Multiestratégia - Responsabilidade Limitada - Subclasse D,fundos,Participações - Multiestratégia,-,Alternativo Ilíquido,50,0,,Treecorp Investimentos,Não definido,FIP,100000,FECHADO,0,0.0192,0.2,-,https://www.xpi.com.br/investimentos/fundos-de-investimento/lista/#/detalhes/7344ecb0-af7b-455f-b10a-54689a94fb8c,,
58172632000112,Trend B3 BR+ FIA RL,fundos,Ações,Ações Indexados,Renda Variável Indexado,26,0,,XP Allocation Asset Management LTDA.,Investidores em geral,Ações,100,ABERTO,2,0.005,,-,https://www.xpi.com.br/investimentos/fundos-de-investimento/lista/#/detalhes/37cea3e0-1b58-47d3-b5ec-f3afb267a119,0.1412515127299991,3255032.35
36327455000163,Trend Bolsa Americana Alavancada FIF FIA RL,fundos,Ações,Ações Livre,Internacional Ações Hedgeado,31,0,,XP Allocation Asset Management LTDA.,Investidores qualificados,"Renda Variável: Haverá cobrança de IR no momento do resgate sob a alíquota de 15% sobre o rendimento bruto obtido._x000D_
",100,ABERTO,2,0.006999999999999999,,-,https://www.xpi.com.br/investimentos/fundos-de-investimento/lista/#/detalhes/2806c0a1-2fa5-41ff-8d14-3fbcb596584c,0.4226060340824382,91366724.02
35717740000128,Trend Bolsa Chinesa FIA RL,fundos,Ações,Ações Investimento no Exterior,Internacional Ações Hedgeado,41,0,,XP Allocation Asset Management LTDA.,Investidores em geral,Renda Variável.,100,ABERTO,6,0.005,,-,https://www.xpi.com.br/investimentos/fundos-de-investimento/lista/#/detalhes/b5300fa6-0ce2-4d27-9675-74a92e23d105,-0.0295000908952992,38201883.25
40212899000120,Trend Bolsas Emergentes FIM RL,fundos,Multimercado,Multimercados Investimento no Exterior,Internacional Ações Hedgeado,26,0,,XP Allocation Asset Management LTDA.,Investidores em geral,"Renda Variável_x000D_
",100,ABERTO,6,0.005,,-,https://www.xpi.com.br/investimentos/fundos-de-investimento/lista/#/detalhes/57451415-7b8c-412b-b3b1-9d68d6fa3d94,0.4424681892004578,56305254.93
39227204000103,Trend Bolsas Europeias FIA RL,fundos,Ações,Ações Investimento no Exterior,Internacional Ações Hedgeado,26,0,,XP Allocation Asset Management LTDA.,Investidores em geral,Ações,100,ABERTO,6,0.005,,-,https://www.xpi.com.br/investimentos/fundos-de-investimento/lista/#/detalhes/49d9047f-dfb5-4d46-905c-29ae8b180c2c,0.2694474048875428,37071255.66
37553464000135,Trend Bolsas Globais FIA RL,fundos,Ações,Ações Investimento no Exterior,Internacional Ações Hedgeado,19,0,,XP Allocation Asset Management LTDA.,Investidores em geral,Renda Variável - Alíquota de IR de 15% incidida sobre o lucro obtido no momento do resgate.,100,ABERTO,6,0.005,,-,https://www.xpi.com.br/investimentos/fundos-de-investimento/lista/#/detalhes/267587c6-af92-4e47-846b-eaaab34e897b,0.3003919839355158,122598647.66
45823918000179,Trend Cash CIC de Classes RF Simples RL,fundos,Renda Fixa,Renda Fixa Simples,Referenciado DI Soberano,1,0,,XP Allocation Asset Management LTDA.,Investidores em geral,Longo Prazo,100,ABERTO,0,0.002,,CDI,https://www.xpi.com.br/investimentos/fundos-de-investimento/lista/#/detalhes/a4659c93-b86e-4eed-8f63-2a188bc47311,0.1445049833807956,5362038238.41
40212817000148,Trend Commodities FIM RL,fundos,Multimercado,Multimercados Estratégia Específica,Alternativo Líquido,19,0,,XP Allocation Asset Management LTDA.,Investidores em geral,"Longo Prazo - Alíquota regressiva de IR de 22,5% a 15,0% incidida sobre o lucro obtido no momento do resgate._x000D_
",100,ABERTO,6,0.005,,-,https://www.xpi.com.br/investimentos/fundos-de-investimento/lista/#/detalhes/fef42435-9fda-4fb3-9ba2-36ddbbd33b6a,0.5314861338804187,44598590.86
43105341000134,Trend Cripto Dólar Classe de Investimento Multimercado - RL,fundos,Multimercado,Multimercados Estratégia Específica,Alternativo Líquido,67,0,,XP Allocation Asset Management LTDA.,Investidores em geral,FIF 95%,100,ABERTO,2,0.005,,CDI,https://www.xpi.com.br/investimentos/fundos-de-investimento/lista/#/detalhes/33339b3f-6f5d-4a67-a8fa-86ccc262c83f,-0.3759275149902401,34198554.83
59791603000100,Trend Crédito Brasil FIF RF CP RL,fundos,Renda Fixa,Renda Fixa Indexados,Crédito High Grade,11,0,,XP Allocation Asset Management LTDA.,Investidores qualificados,Longo Prazo,500,ABERTO,6,0.005,,-,https://www.xpi.com.br/investimentos/fundos-de-investimento/lista/#/detalhes/8685a89a-05c2-4af4-9747-3de73c026bcd,0.1068141576726453,1746312.99
45278833000157,Trend DI FIC RF Simples RL,fundos,Renda Fixa,Renda Fixa Simples,Referenciado DI Soberano,1,0,, XP VISTA ASSET MANAGMENT LTDA,Investidores em geral,Longo Prazo,100,ABERTO,0,,,CDI,https://www.xpi.com.br/investimentos/fundos-de-investimento/lista/#/detalhes/d930fe7d-8110-4cc3-8d06-5f77cc724bbf,0.1471556913608367,4430214607.3
64127321000134,Trend DI II FIC RF Simples RL,fundos,Renda Fixa,Renda Fixa Simples,Referenciado DI Soberano,1,0,, XP VISTA ASSET MANAGMENT LTDA,Investidores em geral,Longo Prazo,100,FECHADO,0,,,CDI,https://www.xpi.com.br/investimentos/fundos-de-investimento/lista/#/detalhes/c327d89f-a217-4b5e-a963-f90222ffc183,,91294699.79
55630600000125,Trend Dividendos Brasil FIA Resp Limitada,fundos,Ações,Ações Livre,Renda Variável Dividendos,26,0,,XP Allocation Asset Management LTDA.,Investidores em geral,Ações,100,ABERTO,2,0.005,,-,https://www.xpi.com.br/investimentos/fundos-de-investimento/lista/#/detalhes/78bca947-f0ec-49e5-91e8-5af90c920793,0.2108824856933762,13221933.98
31132386000119,Trend Dolar FIF Cambial RL,fundos,Cambial,Cambial,Cambial,16,0,,XP Allocation Asset Management LTDA.,Investidores em geral,FIF95%,100,ABERTO,2,0.005,,-,https://www.xpi.com.br/investimentos/fundos-de-investimento/lista/#/detalhes/fd31ba8a-5910-4f9f-9053-2b0eeb64535f,-0.0029134761038808,306949179.01
63950605000163,Trend Ethereum Dólar Classe de Investimento Multimercado RL,fundos,Multimercado,Multimercados Livre,Alternativo Líquido,43,0,,XP Allocation Asset Management LTDA.,Investidores em geral,FIF 95%,100,ABERTO,2,0.004,,-,https://www.xpi.com.br/investimentos/fundos-de-investimento/lista/#/detalhes/03be5c5e-6416-428b-a861-164b3901bebf,,1360398.13
38597202000135,Trend Euro FIM RL,fundos,Multimercado,Multimercados Livre,Cambial,22,0,,XP Allocation Asset Management LTDA.,Investidores em geral,"Longo Prazo: Haverá cobrança de IR no último dia útil dos meses de maio e novembro de cada ano sob a alíquota de 15% (“come-cotas”), ou no resgate, se ocorrido em data anterior, seguindo tabela regressiva partindo de 22,5% para intervalo entre aplicação e resgate menor do que 6 meses à 15% se o intervalo entre aplicação e resgate for maior do que 2 anos._x000D_
",100,ABERTO,1,0.003,,-,https://www.xpi.com.br/investimentos/fundos-de-investimento/lista/#/detalhes/f282b771-4d7d-40d4-8f04-28d23c46d87e,-0.04150429387778,12969048.29
54890958000124,Trend Fixed Income Us Target Duration FIFM IE,fundos,Multimercado,Multimercados Investimento no Exterior,Internacional Renda Fixa Não Hedgeado,26,0,,XP Allocation Asset Management LTDA.,Investidores em geral,Longo Prazo,100,ABERTO,6,0.005,,-,https://www.xpi.com.br/investimentos/fundos-de-investimento/lista/#/detalhes/2ca5c4d1-f1eb-4736-b369-5a3d0ba7f6ec,,10035278.51
63131420000127,Trend IFIX FIF Investimento,fundos,Multimercado,Multimercados Livre,Alternativo Líquido,24,0,,XP Allocation Asset Management LTDA.,Investidores em geral,FIF 95%,100,ABERTO,2,0.003,,-,https://www.xpi.com.br/investimentos/fundos-de-investimento/lista/#/detalhes/8a2cd3a9-35a4-4b88-a6c1-78718724008f,,2934579.08
31936857000141,Trend Ibovespa Alavancado FIF em Ações RL,fundos,Ações,Ações Índice Ativo,Renda Variável Indexado,43,0,1,XP Allocation Asset Management LTDA.,Investidores qualificados,Renda Variável - Alíquota de IR de 15% incidida sobre o lucro obtido no momento do resgate.,100,ABERTO,2,0.005,,Ibovespa,https://www.xpi.com.br/investimentos/fundos-de-investimento/lista/#/detalhes/71690c44-e7a5-4788-872a-32a77effc624,0.3514388639137451,41235324.53
31204199000101,Trend Ibovespa FIA RL,fundos,Ações,Ações Livre,Renda Variável Indexado,26,0,4,XP Allocation Asset Management LTDA.,Investidores em geral,Renda Variável - Alíquota de IR de 15% incidida sobre o lucro obtido no momento do resgate.,100,ABERTO,2,0.003,,-,https://www.xpi.com.br/investimentos/fundos-de-investimento/lista/#/detalhes/b2dd3eab-7612-495b-8d97-892f6f5254d2,0.2588962541843906,95300736
31145833000174,Trend Inflação Curta FIRF LP RL,fundos,Renda Fixa,Renda Fixa Duração Alta Soberano,Renda Fixa Inflação,10,0,5,XP Allocation Asset Management LTDA.,Investidores em geral,"Longo Prazo - Alíquota regressiva de IR de 22,5% a 15,0% incidida sobre o lucro obtido no momento do resgate.",100,ABERTO,1,0.003,,-,https://www.xpi.com.br/investimentos/fundos-de-investimento/lista/#/detalhes/9fd09731-56c8-4078-ac4c-3a930ef9c555,0.1297624052309742,228592548.85
34475424000124,Trend Inflação Geral FIRF LP RL,fundos,Renda Fixa,Renda Fixa Duração Livre Soberano,Renda Fixa Inflação,10,0,3,XP Allocation Asset Management LTDA.,Investidores em geral,"Longo Prazo - Alíquota regressiva de IR de 22,5% a 15,0% incidida sobre o lucro obtido no momento do resgate.",100,ABERTO,1,0.003,,IMA Geral,https://www.xpi.com.br/investimentos/fundos-de-investimento/lista/#/detalhes/97bdb2bd-339c-416d-8b47-b943354e5a6b,0.1062900348898394,329880081.88
38026814000178,Trend Inflação Longa FIF FIRF RL,fundos,Renda Fixa,Renda Fixa Duração Livre Crédito Livre,Renda Fixa Inflação,11,0,,XP Allocation Asset Management LTDA.,Investidores em geral,"Longo Prazo: Haverá cobrança de IR no último dia útil dos meses de maio e novembro de cada ano sob a alíquota de 15% (“come-cotas”), ou no resgate, se ocorrido em data anterior, seguindo tabela regressiva partindo de 22,5% para intervalo entre aplicação e resgate menor do que 6 meses à 15% se o intervalo entre aplicação e resgate for maior do que 2 anos._x000D_
",100,ABERTO,1,0.003,,IMA-B 5+,https://www.xpi.com.br/investimentos/fundos-de-investimento/lista/#/detalhes/9ea4aff4-af53-4d5b-93e3-f56293f05554,0.0873303746643083,140642688.16
44431925000162,Trend Inteligencia Artificial CIA RL,fundos,Ações,Ações Livre,Internacional Ações Hedgeado,26,0,,XP Allocation Asset Management LTDA.,Investidores em geral,Renda Variavel,100,ABERTO,3,0.0075,,-,https://www.xpi.com.br/investimentos/fundos-de-investimento/lista/#/detalhes/f1725bb3-0d1a-4d4c-97b5-ca4d57af6039,0.5378945756876956,83436476.48
47033461000124,Trend Momentum Brasil FIA RL,fundos,Ações,Ações Livre,Renda Variável Indexado,26,0,,XP Allocation Asset Management LTDA.,Investidores em geral,Renda Variavel,100,ABERTO,2,0.0075,,-,https://www.xpi.com.br/investimentos/fundos-de-investimento/lista/#/detalhes/6d31a462-b3ea-42cf-b29e-a25ebcc5b15a,-0.011603481639296,5681495.36
35609786000123,Trend Ouro Dólar FIF Multi RL,fundos,Multimercado,Multimercados Estratégia Específica,Alternativo Líquido,24,0,,XP Allocation Asset Management LTDA.,Investidores em geral,FIF 95%,100,ABERTO,6,0.005,,-,https://www.xpi.com.br/investimentos/fundos-de-investimento/lista/#/detalhes/a09f0724-347e-4d9f-a2dd-b99dd8f610ca,0.206921555982849,327270968.88
22963439000152,Trend Ouro FIF Multi RL,fundos,Multimercado,Multimercados Estratégia Específica,Alternativo Líquido,24,0,4,XP Allocation Asset Management LTDA.,Investidores em geral,FIF95%,100,ABERTO,6,0.005,,CDI,https://www.xpi.com.br/investimentos/fundos-de-investimento/lista/#/detalhes/2bcf4bdf-db25-4fab-a8ae-ae4fef63d4c8,0.3557895617058704,999386606.4
38027135000113,Trend Prata FIM RL,fundos,Multimercado,Multimercados Estratégia Específica,Alternativo Líquido,31,0,,XP Allocation Asset Management LTDA.,Investidores em geral,"Longo Prazo: Haverá cobrança de IR no último dia útil dos meses de maio e novembro de cada ano sob a alíquota de 15% (“come-cotas”), ou no resgate, se ocorrido em data anterior, seguindo tabela regressiva partindo de 22,5% para intervalo entre aplicação e resgate menor do que 6 meses à 15% se o intervalo entre aplicação e resgate for maior do que 2 anos._x000D_
",100,ABERTO,10,0.005,,CDI,https://www.xpi.com.br/investimentos/fundos-de-investimento/lista/#/detalhes/af112ee0-1139-450f-803e-71cdedfca02c,0.667263028309673,127617916.54
31145851000156,Trend Pré-Fixado FIRF LP RL,fundos,Renda Fixa,Renda Fixa Indexados,Renda Fixa Pré,11,0,2,XP Allocation Asset Management LTDA.,Investidores em geral,"Longo Prazo - Alíquota regressiva de IR de 22,5% a 15,0% incidida sobre o lucro obtido no momento do resgate.",100,ABERTO,1,0.003,,-,https://www.xpi.com.br/investimentos/fundos-de-investimento/lista/#/detalhes/46f3796a-74c8-4c7f-b9f0-bc93576c71c9,0.1155489899248378,217177207.63
26559284000144,Trend Pós-Fixado FIC FIRF Simples RL,fundos,Renda Fixa,Renda Fixa Simples,Referenciado DI Soberano,1,0,3, XP VISTA ASSET MANAGMENT LTDA,Investidores em geral,"Longo Prazo - Alíquota regressiva de IR de 22,5% a 15,0% incidida sobre o lucro obtido no momento do resgate.",100,ABERTO,0,0.0015,,CDI,https://www.xpi.com.br/investimentos/fundos-de-investimento/lista/#/detalhes/ef9dc928-99d9-4cac-98a5-d48f44ee1a1f,0.1454226046224056,15795759153.02
47033348000149,Trend Qualidade Brasil FIA RL,fundos,Ações,Ações Livre,Renda Variável Indexado,26,0,,XP Allocation Asset Management LTDA.,Investidores em geral,Renda Variavel,100,ABERTO,2,0.0075,,-,https://www.xpi.com.br/investimentos/fundos-de-investimento/lista/#/detalhes/9dfa27e4-66ed-43ee-8873-a6bccb764afe,0.0991400891572622,16700636.41
31145826000172,Trend S&P 500 BRL CIA RL,fundos,Ações,Ações Indexados,Internacional Ações Hedgeado,26,0,4,XP Allocation Asset Management LTDA.,Investidores em geral,Renda Variável,100,ABERTO,2,0.005,,-,https://www.xpi.com.br/investimentos/fundos-de-investimento/lista/#/detalhes/89f54a70-a2e4-4ce2-bff2-5d6a45290ae8,0.2741227131828412,504045142.53
31874833000105,Trend S&P 500 Dolar FIF em Ações RL,fundos,Ações,Ações Livre,Internacional Ações Não Hedgeado,26,0,3,XP Allocation Asset Management LTDA.,Investidores em geral,Renda Variável - Alíquota de IR de 15% incidida sobre o lucro obtido no momento do resgate.,100,ABERTO,2,0.005,,-,https://www.xpi.com.br/investimentos/fundos-de-investimento/lista/#/detalhes/8b8afe2b-20b1-43aa-afa6-9ea3653f6148,0.1347743485573822,247933671.21
32246789000151,Trend Short Dolar FIF Cambial RL,fundos,Cambial,Cambial,Cambial,16,0,,XP Allocation Asset Management LTDA.,Investidores em geral,"Longo Prazo - Alíquota regressiva de IR de 22,5% a 15,0% incidida sobre o lucro obtido no momento do resgate.",100,ABERTO,1,0.005,,-,https://www.xpi.com.br/investimentos/fundos-de-investimento/lista/#/detalhes/0566dea7-ded5-47e7-8162-f69b1044d625,0.2807032073850852,19671359.39
35956046000163,Trend Small Caps FIA RL,fundos,Ações,Ações Small Caps,Renda Variável Indexado,39,0,2,XP Allocation Asset Management LTDA.,Investidores em geral,Renda Variável - Alíquota de IR de 15% incidida sobre o lucro obtido no momento do resgate.,100,ABERTO,2,0.005,,-,https://www.xpi.com.br/investimentos/fundos-de-investimento/lista/#/detalhes/2dbe876f-d9b8-4096-bcbc-d0280df60571,-0.0102483845873921,7192444.13
32319351000156,Trend Tecnologia Americana CIA RL,fundos,Ações,Multimercados Investimento no Exterior,Internacional Ações Hedgeado,26,0,5,XP Allocation Asset Management LTDA.,Investidores em geral,Renda Variável ,100,ABERTO,6,0.005,,CDI,https://www.xpi.com.br/investimentos/fundos-de-investimento/lista/#/detalhes/a5ab6797-e145-40fa-b98c-bf9449e5c9a5,0.4546042726669719,376030042.82
47033388000190,Trend Valor Brasil FIA RL,fundos,Ações,Ações Livre,Renda Variável Indexado,26,0,,XP Allocation Asset Management LTDA.,Investidores em geral,Renda Variavel,100,ABERTO,2,0.0075,,-,https://www.xpi.com.br/investimentos/fundos-de-investimento/lista/#/detalhes/8a9385be-8c91-4c99-83f4-4cc2bec39f8f,0.1165468901414039,44577272.42
35650540000103,Trend XP Inc Dominus FIC FIF em Ações RL,fundos,Ações,Ações Investimento no Exterior,Renda Variável Indexado,64,0,,XP Allocation Asset Management LTDA.,Investidores em geral,Renda Variável - Alíquota de IR de 15% incidida sobre o lucro obtido no momento do resgate.,100,FECHADO,8,,,-,https://www.xpi.com.br/investimentos/fundos-de-investimento/lista/#/detalhes/c68967a1-dc91-4b6b-80bd-38cc1c824bde,0.0731935409495152,6986003.28
35625840000124,Trend XP Inc FIC FIF em Ações RL,fundos,Ações,Ações Investimento no Exterior,Renda Variável Indexado,64,0,,XP Allocation Asset Management LTDA.,Investidores em geral,Renda Variável - Alíquota de IR de 15% incidida sobre o lucro obtido no momento do resgate.,100,ABERTO,8,0.002,,-,https://www.xpi.com.br/investimentos/fundos-de-investimento/lista/#/detalhes/ffb66c6d-d0f9-4445-bbf9-bd4d0aabf012,0.0745721711890066,26399099.56
67100621000118,Trend XP SS 1 FIA RL,fundos,Ações,-,Internacional Ações Não Hedgeado,27,0,,XP Asset Management,Não definido,Ações,10000,ABERTO,2,0.005,,-,https://www.xpi.com.br/investimentos/fundos-de-investimento/lista/#/detalhes/9acb7757-8031-4504-ac6a-0bbb27416168,,571650.5
47409927000143,Tropico Cash Plus FIRF LP - Subclasse B,fundos,Renda Fixa,Renda Fixa Duração Livre Crédito Livre,Crédito High Grade,11,0,,Trópico Investimentos,Investidores em geral,Longo Prazo,1000,ABERTO,1,0.005,0.2,CDI,https://www.xpi.com.br/investimentos/fundos-de-investimento/lista/#/detalhes/5216caaf-5e33-4f0a-aca0-40eda6de52bf,,
26269603000187,Truxt I Valor FIF em Cotas de FIF em Ações RL,fundos,Ações,Ações Livre,Renda Variável Long Only,28,0,4,Truxt Investimentos,Investidores qualificados,"Renda Variável: Haverá cobrança de IR no momento do resgate sob a alíquota de 15% sobre o rendimento bruto obtido._x000D_
",1000,ABERTO,32,0.019,0.2,-,https://www.xpi.com.br/investimentos/fundos-de-investimento/lista/#/detalhes/b7985d0d-b4f2-47f3-af4e-e2ac5f827358,0.0805421762714466,48298425.31
26277595000110,Truxt I Valor Institucional FIC FIA,fundos,Ações,Ações Livre,Renda Variável Long Only,28,0,4,Truxt Investimentos,Investidores em geral,Renda Variável - Alíquota de IR de 15% incidida sobre o lucro obtido no momento do resgate.,1000,ABERTO,32,0.028999999999999998,,-,https://www.xpi.com.br/investimentos/fundos-de-investimento/lista/#/detalhes/797eda65-7933-44b1-b4f1-e88326b26bfa,0.0703096957719424,14419321.97
26262363000199,Truxt LS Advisory FIC FIM,fundos,Multimercado,Multimercados Long and Short Direcional,Long Short Neutro,13,1,3,Truxt Investimentos,Investidores em geral,"Longo Prazo - Alíquota regressiva de IR de 22,5% a 15,0% incidida sobre o lucro obtido no momento do resgate.",1000,ABERTO,32,0.019,0.2,CDI,https://www.xpi.com.br/investimentos/fundos-de-investimento/lista/#/detalhes/399f52f0-3cb8-4fbf-98af-fcee0d07f8b8,0.2235352736923184,166755784.89
30830162000118,Truxt Long Bias Advisory FIC FIM,fundos,Multimercado,Multimercados Livre,Renda Variável Long Biased,24,0,3,Truxt Investimentos,Investidores qualificados,Renda Variável - Alíquota de IR de 15% incidida sobre o lucro obtido no momento do resgate.,1000,ABERTO,32,0.019,0.2,-,https://www.xpi.com.br/investimentos/fundos-de-investimento/lista/#/detalhes/a4ba8227-d8d9-489b-9459-af3d32d99f4d,0.4336720341360296,104522904.92
26261488000102,Truxt Macro Advisory FIC FIM,fundos,Multimercado,Multimercados Macro,Macro Média Vol,13,0,4,Truxt Investimentos,Investidores em geral,"Longo Prazo - Alíquota regressiva de IR de 22,5% a 15,0% incidida sobre o lucro obtido no momento do resgate.",1000,FECHADO,31,0.019,0.2,CDI,https://www.xpi.com.br/investimentos/fundos-de-investimento/lista/#/detalhes/00ab7f91-a33d-48fe-8f9f-988f61a7385b,0.1640791160746455,18153897.8
58495741000170,Truxt Retorno Real I FIF CIC em Ações RL,fundos,Ações,Ações Livre,Renda Variável Long Only,26,0,,Truxt Investimentos,Investidores em geral,Ações,1000,ABERTO,12,0.019,0.2,Ibovespa,https://www.xpi.com.br/investimentos/fundos-de-investimento/lista/#/detalhes/9e27213d-fdbe-41e8-a215-aa3fc5a0dec0,0.1855147491039483,184797760.05
54026669000181,Tríade CIC CLasses FIM CP Resp Limitada,fundos,Multimercado,Multimercados Livre,Crédito High Grade,13,0,,Paramis Investimentos,Investidores em geral,Longo Prazo,500,ABERTO,30,0.0066,0.2,CDI,https://www.xpi.com.br/investimentos/fundos-de-investimento/lista/#/detalhes/1a9a847c-0a29-4dbc-98d7-68e0c82f1688,0.1471240460218457,135846314.04
35471498000155,Trígono Flagship 60 Small Caps FIF em Cotas de FIA,fundos,Ações,Ações Small Caps,Renda Variável Small/Mid Caps,28,0,5,Trígono Capital,Investidores em geral,"Renda Variável_x000D_
",500,ABERTO,62,0.02,0.2,SMLL,https://www.xpi.com.br/investimentos/fundos-de-investimento/lista/#/detalhes/266b517b-ffc5-480e-9d7f-9d6b26c49954,-0.0802039022717204,96102940.25
40575693000165,Távola Equity Hedge 15 FIF Multimercado,fundos,Multimercado,Multimercados Long and Short Direcional,Long Short Direcional,13,0,,Távola Capital,Investidores em geral,"Longo Prazo - Alíquota regressiva de IR de 22,5% a 15,0% incidida sobre o lucro obtido no momento do resgate._x000D_
",5000,ABERTO,16,0.02,0.2,CDI,https://www.xpi.com.br/investimentos/fundos-de-investimento/lista/#/detalhes/0f48dadf-1e18-47f4-93c3-44200f9b5ef7,0.0425330662517458,188079320.29
50955280000160,Távola Equity Hedge 5 FIF Multimercado,fundos,Multimercado,Multimercados Long and Short Direcional,Multiestratégia,13,0,,Távola Capital,Investidores em geral,Longo Prazo,5000,FECHADO,6,0.02,0.2,CDI,https://www.xpi.com.br/investimentos/fundos-de-investimento/lista/#/detalhes/0b42b1a9-0d49-4272-9c41-a57b88b1a9ca,0.0413548283899958,20264328.76
30509221000150,V8 Cash FIC FIRF,fundos,Renda Fixa,Renda Fixa Duração Média Grau de Investimento,Crédito Liquidez,6,0,4,V8 Capital,Investidores em geral,Longo Prazo,100,ABERTO,0,0.004,,CDI,https://www.xpi.com.br/investimentos/fundos-de-investimento/lista/#/detalhes/be8d5533-4730-4eca-af00-c2237a136190,0.1470754935052871,1141363261.91
42774627000140,V8 Cash Platinum FIF,fundos,Renda Fixa,Renda Fixa Duração Média Grau de Investimento,Crédito Liquidez,6,0,,V8 Capital,Investidores em geral,Longo Prazo,500,ABERTO,12,0.005,,CDI,https://www.xpi.com.br/investimentos/fundos-de-investimento/lista/#/detalhes/e9fabc47-0890-4802-95e2-4f9776fc395b,0.1494190095208092,1276969283.51
39354762000121,V8 Speedway Long Short FIF FIF Multimercado,fundos,Multimercado,Multimercados Livre,Long Short Neutro,13,0,,V8 Capital,Investidores em geral,Longo Prazo,500,ABERTO,17,0.0195,0.2,CDI,https://www.xpi.com.br/investimentos/fundos-de-investimento/lista/#/detalhes/4e4613fb-33d4-4715-8089-f58b4d91a5c1,0.0697363714119876,313410492.43
36017289000107,V8 Vanquish Termo FIF,fundos,Renda Fixa,Renda Fixa Duração Livre Grau de Investimento,Crédito Liquidez,10,0,,V8 Capital,Investidores em geral,"Longo Prazo: Haverá cobrança de IR no último dia útil dos meses de maio e novembro de cada ano sob a alíquota de 15% (“come-cotas”), ou no resgate, se ocorrido em data anterior, seguindo tabela regressiva partindo de 22,5% para intervalo entre aplicação e resgate menor do que 6 meses à 15% se o intervalo entre aplicação e resgate for maior do que 2 anos._x000D_
",100,ABERTO,7,0.004,,CDI,https://www.xpi.com.br/investimentos/fundos-de-investimento/lista/#/detalhes/f44cdf1a-d21b-4041-91a3-deb5905e4237,0.145007266432253,268268276.7
46405812000118,VGIE11 - Valora Infra Dívida FIP IE,fundos,Participações - Infraestrutura,Fundos de Participações,Fundo Listado,40,0,,Valora Investimentos,Investidores qualificados,FIP,10,FECHADO,0,0.015,0.2,-,https://www.xpi.com.br/investimentos/fundos-de-investimento/lista/#/detalhes/3cbfd480-0947-4561-8965-a72a39d8759e,-0.0061099268524014,508868217.33
50180894000117,VGPR11 - Valora Imobiliário Multiestratégia Premium,fundos,Investimento Imobiliário,FII TVM Gestão Ativa,Fundo Listado,16,0,,Valora Investimentos,Investidores em geral,FII,10,FECHADO,0,0.013000000000000001,0.2,-,https://www.xpi.com.br/investimentos/fundos-de-investimento/lista/#/detalhes/ce52be97-05e7-40d9-887a-215d7711bfc7,,
44614833000118,VICA11 - Vinci Crédito FIAgro,fundos,Investimento Imobiliário,FII TVM Gestão Ativa,Fundo Listado,16,0,,Vinci Asset Management,Investidores em geral,Fiagro,10,FECHADO,0,0.011000000000000001,0.1,CDI,https://www.xpi.com.br/investimentos/fundos-de-investimento/lista/#/detalhes/4a5e7ed9-e561-4b5f-88d2-66880e9855be,,
41681126000156,VRB FIC FIA,fundos,Ações,Ações Livre,Renda Variável Long Only,31,0,,Tera Capital,Investidores qualificados,"Renda Variavel_x000D_
",10000,ABERTO,47,0.01,0.1,Ibovespa,https://www.xpi.com.br/investimentos/fundos-de-investimento/lista/#/detalhes/464acec3-23bf-4f25-bf11-aa008250cdc6,0.1094211850449453,56496212.56
24140275000199,VRB FIM,fundos,Multimercado,Multimercados Livre,Multiestratégia,13,0,4,Tera Capital,Investidores qualificados,"Longo Prazo - Alíquota regressiva de IR de 22,5% a 15,0% incidida sobre o lucro obtido no momento do resgate.",10000,ABERTO,47,0.01,,CDI,https://www.xpi.com.br/investimentos/fundos-de-investimento/lista/#/detalhes/15e245ae-5f43-4174-ba05-35455f13d3ee,0.0844829717123067,297829055.39
57976525000184,VRB Liquidez FIC RF CP Referenciado DI,fundos,Renda Fixa,Renda Fixa Duração Baixa Grau de Investimento,Crédito Liquidez,2,0,,XP Advisory,Investidores em geral,Longo Prazo,500,ABERTO,0,0.0019,,-,https://www.xpi.com.br/investimentos/fundos-de-investimento/lista/#/detalhes/ff658ed0-16e4-4745-be34-35a519d1d19a,0.1456838213283702,89143925.59
39977091000155,Valor Opportunity Fund II FIP Multiestratégia IE,fundos,Participações - Multiestratégia,-,Alternativo Ilíquido,50,0,,Genial Investimentos,Não definido,FIP,100000,FECHADO,0,0.0014000000000000002,,-,https://www.xpi.com.br/investimentos/fundos-de-investimento/lista/#/detalhes/5213b974-daa5-4571-8172-31efba59b1a2,,16732704.75
10326625000100,Valora Absolute FIF RF CP LP RL,fundos,Renda Fixa,Renda Fixa Duração Livre Crédito Livre,Crédito High Grade,11,0,3,Valora Renda Fixa,Investidores em geral,"Longo Prazo - Alíquota regressiva de IR de 22,5% a 15,0% incidida sobre o lucro obtido no momento do resgate.",1000,ABERTO,15,0.005,0.2,CDI,https://www.xpi.com.br/investimentos/fundos-de-investimento/lista/#/detalhes/c69a10e3-a412-46f8-9c6e-df3269222558,0.127028437701052,696694434.64
60228650000110,Valora CDI FIF em Cotas de FIF RF Investimento em Infra RL,fundos,Renda Fixa,Renda Fixa Duração Livre Crédito Livre,Debêntures Incentivadas Hedgeado,11,0,,Valora Renda Fixa,Investidores em geral,Infra,100,ABERTO,32,0.005,,CDI,https://www.xpi.com.br/investimentos/fundos-de-investimento/lista/#/detalhes/700e96ee-43b6-4461-a21f-2e903d194ab0,0.0799653577959194,2340143.01
60535430000130,Valora CRI CDI Renda+ FII RL,fundos,Investimento Imobiliário,-,Fundo Listado,36,0,,Valora Investimentos,Investidores em geral,FII,100,FECHADO,0,0.012,0.2,CDI,https://www.xpi.com.br/investimentos/fundos-de-investimento/lista/#/detalhes/5075fbf6-87af-4024-9067-f73e011261d9,,
25213355000190,Valora Guardian Advisory FIDC RL,fundos,Direito Creditório,Multimercados Dinâmico,Crédito High Yield,13,1,4,Valora Renda Fixa,Investidores qualificados,FIDC,501.9,ABERTO,76,0.01,0.2,CDI,https://www.xpi.com.br/investimentos/fundos-de-investimento/lista/#/detalhes/952416e0-23b8-4af4-8848-6bf3ead1d308,0.1508393477529506,1203368724.94
17313316000136,Valora Horizon High Yield FIDC,fundos,Direito Creditório,Multimercados Livre,Crédito High Yield,13,0,5,Valora Renda Fixa,Investidores qualificados,FIDC,501.9,ABERTO,180,0.0115,0.2,CDI,https://www.xpi.com.br/investimentos/fundos-de-investimento/lista/#/detalhes/d494a5ef-48bc-4a17-ad6a-1c34d8f9fddb,0.148957142820757,556929742.55
59657690000107,Valora Vanguard FIC de FIDC RL,fundos,Direito Creditório,-,Crédito High Yield,13,0,,Valora Renda Fixa,Não definido,FIDC,501.9,FECHADO,45,0.01,0.2,CDI,https://www.xpi.com.br/investimentos/fundos-de-investimento/lista/#/detalhes/3b7947ed-acba-4c31-a4ff-76feb6671f35,0.1596372759657458,867952556.61
07088369000147,Ventor Hedge FIC FIM,fundos,Multimercado,Multimercados Macro,Macro Alta Vol,14,0,4,Ventor Investimentos,Investidores qualificados,"Longo Prazo: Haverá cobrança de IR no último dia útil dos meses de maio e novembro de cada ano sob a alíquota de 15% (“come-cotas”), ou no resgate, se ocorrido em data anterior, seguindo tabela regressiva partindo de 22,5% para intervalo entre aplicação e resgate menor do que 6 meses à 15% se o intervalo entre aplicação e resgate for maior do que 2 anos._x000D_
",10000,ABERTO,31,0.0195,0.2,CDI,https://www.xpi.com.br/investimentos/fundos-de-investimento/lista/#/detalhes/c12d2def-c46c-49ea-98de-14f963bce931,0.0478718033627278,29248560.53
60079651000140,Verde A&I Portfolio Renda Mais FII RL,fundos,Investimento Imobiliário,-,Fundo Listado,13,0,,Verde Asset Agro e Imobiliário Ltda,Investidores em geral,FII,100,FECHADO,0,0.0075,0.2,CDI,https://www.xpi.com.br/investimentos/fundos-de-investimento/lista/#/detalhes/7832897a-8a80-41d7-b4df-3688fd902cac,,
23243536000133,Verde AM Ações FIC de FIF em Açoes RL,fundos,Ações,Ações Livre,Renda Variável Long Biased,37,0,2,Verde Asset Management,Investidores em geral,Renda Variável - Alíquota de IR de 15% incidida sobre o lucro obtido no momento do resgate.,10000,ABERTO,31,0.02,0.2,Ibovespa,https://www.xpi.com.br/investimentos/fundos-de-investimento/lista/#/detalhes/c788ab50-f0fb-483a-4beb-08d53be40d6c,0.1531844903614811,38306303.97
54851094000131,Verde AM Ipê FIDC RL,fundos,Direito Creditório,FIDC Outros,Crédito High Yield,13,0,,Verde Asset Management,Não definido,FIDC,1003.8,ABERTO,360,0.015,0.2,CDI,https://www.xpi.com.br/investimentos/fundos-de-investimento/lista/#/detalhes/bc467534-d78c-47c5-aa5e-88140c81fa40,0.1277452523803983,308540673.69
37013129000144,Verde AM Mundi Ações Globais BRL FIC FIA RL,fundos,Ações,Ações Investimento no Exterior,Internacional Ações Hedgeado,26,0,,Verde Asset Management,Investidores qualificados,"Renda Variável_x000D_
",1000,ABERTO,10,0.015,0.1,CDI,https://www.xpi.com.br/investimentos/fundos-de-investimento/lista/#/detalhes/f116a0db-1d2c-45bf-b0c1-b21420ccd6eb,0.1143390957803143,77823575.7
34831155000191,Verde AM Mundi Ações Globais FIF CIC Ações RL,fundos,Ações,Ações Investimento no Exterior,Internacional Ações Não Hedgeado,26,0,2,Verde Asset Management,Investidores qualificados,"Renda Variável: Haverá cobrança de IR no momento do resgate sob a alíquota de 15% sobre o rendimento bruto obtido._x000D_
",1000,ABERTO,10,0.015,0.1,CDI,https://www.xpi.com.br/investimentos/fundos-de-investimento/lista/#/detalhes/dde538eb-5c79-4be0-8459-ed40a83a7402,-0.0194545958173091,60669177.1
24048538000134,Verde AM Scena Advisory FIC de FIF Multimercado RL,fundos,Multimercado,Multimercados Macro,Macro Alta Vol,13,0,,Verde Asset Management,Investidores em geral,"Longo Prazo - Alíquota regressiva de IR de 22,5% a 15,0% incidida sobre o lucro obtido no momento do resgate.",500,ABERTO,31,0.015,0.2,CDI,https://www.xpi.com.br/investimentos/fundos-de-investimento/lista/#/detalhes/360cee11-00d1-4864-bb5b-b48e48cd7308,0.1065640213800509,255713541.6
31403590000127,Verde AM X60 Advisory FIC de FIF Multimercado RL,fundos,Multimercado,Multimercados Macro,Macro Alta Vol,13,0,,Verde Asset Management,Investidores em geral,"Longo Prazo - Alíquota regressiva de IR de 22,5% a 15,0% incidida sobre o lucro obtido no momento do resgate.",5000,ABERTO,60,0.02,0.2,CDI,https://www.xpi.com.br/investimentos/fundos-de-investimento/lista/#/detalhes/e94e38dc-1ac8-41ff-bf15-e7f45f7115f4,0.1591182552807222,600458705.95
24572582000149,Vinci Atlas FIC FIM,fundos,Multimercado,Multimercados Livre,Macro Alta Vol,14,0,2,Vinci Asset Management,Investidores em geral,"Longo Prazo - Alíquota regressiva de IR de 22,5% a 15,0% incidida sobre o lucro obtido no momento do resgate.",1000,ABERTO,31,0.0192,0.2,CDI,https://www.xpi.com.br/investimentos/fundos-de-investimento/lista/#/detalhes/f9ed623e-d7ff-40d7-971a-06310b19965f,0.1045447622041697,67163236.49
50764538000140,Vinci Capital Partners IV - Classe A - Advisory FIP Multiest,fundos,Participações - Multiestratégia,Fundos de Participações,Alternativo Ilíquido,50,0,,Vinci Asset Management,Investidores qualificados,FIP,10000,FECHADO,0,0.02,0.2,-,https://www.xpi.com.br/investimentos/fundos-de-investimento/lista/#/detalhes/0f0bebd4-42dc-4328-b494-56e73a545e70,,169632372.95
50764538000140,Vinci Capital Partners IV - Classe B - Advisory FIP Multiest,fundos,Participações - Multiestratégia,Fundos de Participações,Alternativo Ilíquido,50,0,,Vinci Asset Management,Investidores qualificados,FIP,1000000,FECHADO,0,0.02,0.2,-,https://www.xpi.com.br/investimentos/fundos-de-investimento/lista/#/detalhes/16c4c5e6-c955-4b86-a3d5-c90dbb0cc7f0,,169632372.95
22150467000150,Vinci Crédito Estruturado Selection Advisory FIDC RL,fundos,Direito Creditório,Multimercados Dinâmico,Crédito High Yield,13,0,4,Vinci Asset Management,Investidores qualificados,FIDC,501.9,ABERTO,60,0.0116,0.2,CDI,https://www.xpi.com.br/investimentos/fundos-de-investimento/lista/#/detalhes/66f21486-3bf1-4e23-bbaf-4e1176f91ad4,0.1599161546774201,583170146.78
56992610000173,Vinci Crédito Portfólio CDI+ FIDC,fundos,Direito Creditório,-,Fundo Listado,13,0,,Vinci Asset Management,Não definido,FIDC,100,FECHADO,0,0.0128,0.2,CDI,https://www.xpi.com.br/investimentos/fundos-de-investimento/lista/#/detalhes/da5c302b-dd6b-4db1-9bf3-d8b50be5d4e4,,
38057650000146,Vinci Impacto e Retorno Advisory FIP Multiestratégia IS,fundos,Participações - Multiestratégia,Fundos de Participações,Alternativo Ilíquido,50,0,, XP VISTA ASSET MANAGMENT LTDA,Investidores qualificados,FIP,50000,FECHADO,,0.0017000000000000001,,IPCA,https://www.xpi.com.br/investimentos/fundos-de-investimento/lista/#/detalhes/a1b5d181-389e-47b7-88e7-29642eb0b370,,256221456.29
40226014000142,Vinci Mosaico Advisory FIF CIA RL,fundos,Ações,Ações Livre,Renda Variável Long Only,27,0,,Vinci Asset Management,Investidores em geral,"Renda Variável - Alíquota de IR de 15% incidida sobre o lucro obtido no momento do resgate._x000D_
",500,ABERTO,32,0.0197,0.2,Ibovespa,https://www.xpi.com.br/investimentos/fundos-de-investimento/lista/#/detalhes/520ae996-a9ed-43f8-a288-f0e7b55e6e44,0.1627270202222113,2251514.97
12440825000106,Vinci Multiestratégia FIM,fundos,Multimercado,Multimercados Juros e Moedas,Renda Fixa Ativo,13,0,3,Vinci Asset Management,Investidores em geral,"Longo Prazo - Alíquota regressiva de IR de 22,5% a 15,0% incidida sobre o lucro obtido no momento do resgate.",500,ABERTO,1,0.0096,0.2,CDI,https://www.xpi.com.br/investimentos/fundos-de-investimento/lista/#/detalhes/c14ddbd7-942c-4471-b155-f1e6538cbb7f,0.1298785397857831,36366359.86
60573726000145,Vinci Premium Liquidez FIF CRF RL,fundos,Renda Fixa,Renda Fixa Duração Baixa Crédito Livre,Crédito Liquidez,12,0,,Vinci Asset Management,Investidores em geral,Longo Prazo,500,ABERTO,3,0.006,,CDI,https://www.xpi.com.br/investimentos/fundos-de-investimento/lista/#/detalhes/616ac41f-9a85-4798-9bc1-558aa301816f,0.1493288973269659,105894356.39
12287682000144,Vinci Seleção FIA,fundos,Ações,Ações Livre,Renda Variável Dividendos,27,0,4,Vinci Asset Management,Investidores em geral,Renda Variável - Alíquota de IR de 15% incidida sobre o lucro obtido no momento do resgate.,500,ABERTO,14,0.0297,,Ibovespa,https://www.xpi.com.br/investimentos/fundos-de-investimento/lista/#/detalhes/61d8b30e-a6fe-40c1-8a63-0fff185bccf9,0.181744198297866,21871963.17
35636909000115,Vinci Total Return FIC FIM,fundos,Multimercado,Multimercados Livre,Renda Variável Long Biased,21,0,,Vinci Asset Management,Investidores em geral,Renda Variavel,500,ABERTO,32,0.0192,0.2,-,https://www.xpi.com.br/investimentos/fundos-de-investimento/lista/#/detalhes/75cfed28-c395-4d40-bd6d-a4f885d72908,0.0892135873957249,49475444.09
13396703000122,Vinci Valorem FIM,fundos,Multimercado,Multimercados Juros e Moedas,Renda Fixa Inflação,13,0,5,Vinci Asset Management,Investidores em geral,"Longo Prazo - Alíquota regressiva de IR de 22,5% a 15,0% incidida sobre o lucro obtido no momento do resgate.",500,ABERTO,2,0.0096,0.2,IMA-B 5,https://www.xpi.com.br/investimentos/fundos-de-investimento/lista/#/detalhes/46bc28c9-5a8e-4a38-8533-40036ddf3fc0,0.1391364932119501,547052056.46
61543507000186,Vinland 2 Ativo Debêntures de Infra FI RF - Subclasse I,fundos,Renda Fixa,Renda Fixa Duração Livre Crédito Livre,Outros -> Código Recebido: 54,11,0,,Vinland Capital Management,Investidores em geral,Debêntures Incentivadas,1000,ABERTO,31,0.01,0.25,CDI,https://www.xpi.com.br/investimentos/fundos-de-investimento/lista/#/detalhes/5f9eb8da-f59f-4111-9365-e7e872681d9e,0.0780700103383487,109227697.86
34687441000125,Vinland Ativo Advisory FIF CIC RF LP - Resp Limitada,fundos,Renda Fixa,Renda Fixa Duração Livre Grau de Investimento,Renda Fixa Ativo,10,0,,Vinland Capital Management,Investidores em geral,Longo Prazo,1000,ABERTO,1,0.003,0.2,CDI,https://www.xpi.com.br/investimentos/fundos-de-investimento/lista/#/detalhes/16526a1c-8d7f-450d-8c83-869645715872,0.1359954213986682,364139111.33
53678015000170,Vinland Crédito 10 FIC FIRF,fundos,Renda Fixa,Renda Fixa Duração Livre Grau de Investimento,Crédito High Grade,10,0,,Vinland Capital Management,Investidores em geral,Longo Prazo,1000,ABERTO,10,0.005,0.2,CDI,https://www.xpi.com.br/investimentos/fundos-de-investimento/lista/#/detalhes/97770ff9-154c-4984-89ec-11bdf5d7d2d8,0.1470841587081515,163181520.95
47640954000122,Vinland Crédito Estruturado FIDC RL,fundos,Direito Creditório,Multimercados Livre,Crédito High Yield,13,0,,Vinland Capital Management,Investidores qualificados,FIDC,1003.8,ABERTO,181,0.012,0.2,CDI,https://www.xpi.com.br/investimentos/fundos-de-investimento/lista/#/detalhes/981daf5a-30fe-4510-92be-d736ca82af00,0.168210300171274,129874765.65
47684408000193,Vinland Crédito Multimercado FIC FI CP,fundos,Multimercado,Multimercados Livre,Crédito High Grade,13,0,,Vinland Capital Management,Investidores em geral,Longo Prazo,1000,ABERTO,31,0.006999999999999999,0.2,CDI,https://www.xpi.com.br/investimentos/fundos-de-investimento/lista/#/detalhes/8108ecb0-cce6-47e3-acc1-647cbdd38f4e,0.1436237705157581,592009245.27
50862124000154,Vinland Incentivado Debêntures Infra Ativo FIF RF CP LP RL - Subclasse I,fundos,Renda Fixa,Renda Fixa Duração Livre Crédito Livre,Outros -> Código Recebido: 54,11,0,,Vinland Capital Management,Investidores em geral,Debêntures Incentivadas,1000,FECHADO,31,0.01,0.25,CDI,https://www.xpi.com.br/investimentos/fundos-de-investimento/lista/#/detalhes/4921953a-c091-4ae1-ab52-df6f14e5200a,,
63734091000109,Vinland Infra Sênior Advisory Feeder FI-Infra RL,fundos,Renda Fixa,Renda Fixa Duração Livre Crédito Livre,Debêntures Incentivadas Hedgeado,11,0,,Vinland Capital Management,Investidores em geral,Debêntures Incentivadas,500,FECHADO,31,0.0045000000000000005,,CDI,https://www.xpi.com.br/investimentos/fundos-de-investimento/lista/#/detalhes/37278d11-76ca-447c-ada1-10a9820915ed,,299962867.23
28581039000169,Vinland Long Bias Advisory FIC FIM,fundos,Multimercado,Multimercados Livre,Renda Variável Long Biased,16,0,,Vinland Capital,Investidores qualificados,Renda Variável - Alíquota de IR de 15% incidida sobre o lucro obtido no momento do resgate.,1000,ABERTO,32,0.001,0.2,-,https://www.xpi.com.br/investimentos/fundos-de-investimento/lista/#/detalhes/79dde96c-8ba2-4ef1-a76c-dda62fd05d9f,0.1639322324206742,5903880.78
30593403000152,Vinland Long Only FIF CIC em Ações RL,fundos,Ações,Ações Livre,Renda Variável Long Only,27,0,5,Vinland Capital Management II Gestora de Recursos Ltda,Investidores em geral,Renda Variável - Alíquota de IR de 15% incidida sobre o lucro obtido no momento do resgate.,1000,ABERTO,16,0.019,0.2,Ibovespa,https://www.xpi.com.br/investimentos/fundos-de-investimento/lista/#/detalhes/e2d127cf-9e8d-444e-9f37-2eea4307bf64,0.2212100379798729,9628819.58
58650505000181,Vinland Long Short FIF Multimercado RL - Subclasse I,fundos,Multimercado,Multimercados Livre,Long Short Direcional,14,0,,Vinland Capital Management II Gestora de Recursos Ltda,Investidores em geral,Ações,1000,ABERTO,16,0.02,0.2,CDI,https://www.xpi.com.br/investimentos/fundos-de-investimento/lista/#/detalhes/f5391492-bd7e-463b-8af7-8fe7471ab9c7,0.1562479614879726,47332620.46
28581109000189,Vinland Macro Advisory FIC FIM,fundos,Multimercado,Multimercados Macro,Macro Alta Vol,13,0,5,Vinland Capital,Investidores institucionais,"Longo Prazo - Alíquota regressiva de IR de 22,5% a 15,0% incidida sobre o lucro obtido no momento do resgate.",1000,ABERTO,31,0.0189,0.2,CDI,https://www.xpi.com.br/investimentos/fundos-de-investimento/lista/#/detalhes/fe9cc958-bae3-4555-9004-bfafad7a13ca,0.1073161030376605,191189418.49
41409831000107,Vinland Macro Plus Advisory FIC FIM,fundos,Multimercado,Multimercados Macro,Macro Alta Vol,13,0,,Vinland Capital,Investidores qualificados,"Longo Prazo - Alíquota regressiva de IR de 22,5% a 15,0% incidida sobre o lucro obtido no momento do resgate._x000D_
",20000,ABERTO,61,0.019,0.2,CDI,https://www.xpi.com.br/investimentos/fundos-de-investimento/lista/#/detalhes/c5642111-b73e-49ab-885a-518b3c7642a8,0.0781577654164127,53965572.83
54699701000190,Vinland PLUS III FIF Multimercado RL,fundos,Multimercado,Multimercados Livre,Macro Alta Vol,13,0,,Vinland Capital Management Gestora de Recursos LTDA.,Investidores qualificados,Ações,1000,ABERTO,62,0.0199,,-,https://www.xpi.com.br/investimentos/fundos-de-investimento/lista/#/detalhes/58caa848-2694-4c5b-9dd2-8c0f6961674a,0.1006424105121457,19294099.01
43985508000107,Vista Hedge Advisory FIC FIM,fundos,Multimercado,Multimercados Livre,Macro Alta Vol,20,0,,Vista Capital,Investidores em geral,Longo Prazo,5000,FECHADO,31,0.02,0.2,CDI,https://www.xpi.com.br/investimentos/fundos-de-investimento/lista/#/detalhes/530a56cf-e4cb-430b-b292-d4d345636ecd,-0.1198783708624441,21535632.9
30057258000195,Vista Hedge FIF em Cotas de FIM,fundos,Multimercado,Multimercados Livre,Macro Alta Vol,20,0,3,Vista Capital,Investidores em geral,"Longo Prazo - Alíquota regressiva de IR de 22,5% a 15,0% incidida sobre o lucro obtido no momento do resgate.",5000,ABERTO,16,0.02,0.2,CDI,https://www.xpi.com.br/investimentos/fundos-de-investimento/lista/#/detalhes/83de82b1-6118-46c3-af6c-0398d971d53a,-0.1200372578496631,72076867.34999998
57339074000174,Vista Macro Absoluto FI Financeiro em Cotas de FIM RL,fundos,Multimercado,Multimercados Investimento no Exterior,Macro Alta Vol,26,0,,Vista Capital,Investidores qualificados,Ações,5000,ABERTO,61,0.02,0.2,CDI,https://www.xpi.com.br/investimentos/fundos-de-investimento/lista/#/detalhes/e0d6088f-1073-4695-9515-50bc2dac883a,-0.2273073535599843,86070676.28
40920005000157,Vista Multiestratégia Advisory FIF em Cotas FIM RL,fundos,Multimercado,Multimercados Investimento no Exterior,Macro Alta Vol,35,0,,Vista Capital,Investidores qualificados,"Longo Prazo - Alíquota regressiva de IR de 22,5% a 15,0% incidida sobre o lucro obtido no momento do resgate._x000D_
",5000,ABERTO,61,0.02,0.2,CDI,https://www.xpi.com.br/investimentos/fundos-de-investimento/lista/#/detalhes/27610cb7-6d93-41d1-aed7-3fae7854a1ad,-0.3282377965847686,52159137.82
55035808000104,Vivace CIC CI RF Infraestrutura Resp Limitada,fundos,Renda Fixa,Renda Fixa Duração Livre Crédito Livre,Debêntures Incentivadas Não Hedgeado,11,0,,Paramis Investimentos,Investidores em geral,Debêntures Incentivadas,500,ABERTO,30,0.0095,0.2,IMA-B 5,https://www.xpi.com.br/investimentos/fundos-de-investimento/lista/#/detalhes/ae3dc938-b9ab-4681-8a5c-a3614d9eb6bc,0.0984072709219896,22380692.46
23176630000117,Vixrax FIM CP,fundos,Multimercado,Multimercados Investimento no Exterior,Multiestratégia,26,0,,Levante Investimentos,Exclusivo,Longo Prazo,1000,FECHADO,2,0.006999999999999999,0.2,CDI,https://www.xpi.com.br/investimentos/fundos-de-investimento/lista/#/detalhes/30b80e75-2861-4c83-9467-5b1e9fe1f010,0.1208708361239032,19021963.89
42847942000150,Vokin GBV Aconcágua 30 CIC de CIA - RL,fundos,Ações,Ações Livre,Renda Variável Long Only,26,0,,Vokin Investimentos,Investidores em geral,Ações,1000,ABERTO,31,0.018000000000000002,0.2,Ibovespa,https://www.xpi.com.br/investimentos/fundos-de-investimento/lista/#/detalhes/2053becf-8f6f-43dc-b7ae-15b2ebfc3aab,-0.0432834339505484,385238501.91
58211682000161,WHG Casa Hedge Institucional FIF da CIC Multimercado RL,fundos,Multimercado,Multimercados Livre,Internacional Ações Hedgeado,20,0,,WHG Asset Management,Investidores qualificados,Longo Prazo,5000,ABERTO,30,0.02,0.2,CDI,https://www.xpi.com.br/investimentos/fundos-de-investimento/lista/#/detalhes/2c4858ee-8e15-41b9-870f-00c61de5c31b,0.0880297431317551,162503934.32
41409761000189,WHG GLOBAL LB FIC FIA RL,fundos,Ações,Ações Investimento no Exterior,Internacional Ações Hedgeado,26,0,,WHG Asset Management,Investidores qualificados,"Renda Variável_x000D_
",5000,FECHADO,30,0.019,0.2,IPCA + Yield IMA-B,https://www.xpi.com.br/investimentos/fundos-de-investimento/lista/#/detalhes/bd1c6486-55fb-444d-b3b1-cc3e3ff7c63d,0.0286485718788376,189550772.83
41423887000108,WHG Global Long Biased USD FIC FIA IE,fundos,Ações,Ações Investimento no Exterior,Internacional Ações Não Hedgeado,26,0,,WHG Asset Management,Investidores qualificados,"Renda Variável_x000D_
",5000,FECHADO,30,0.019,0.2,LIBOR,https://www.xpi.com.br/investimentos/fundos-de-investimento/lista/#/detalhes/2fb9cb32-ffe3-4e18-beb7-d7f4798b6a1d,-0.1153425789903731,32384078.08
41978534000174,WHG RF Dinâmico FIC FIM,fundos,Multimercado,Multimercados Macro,Macro Baixa Vol,13,0,,WHG Asset Management,Investidores em geral,Longo Prazo,5000,FECHADO,6,0.009300000000000001,0.1,CDI,https://www.xpi.com.br/investimentos/fundos-de-investimento/lista/#/detalhes/9464565f-b0e5-4061-ac6e-d6f59a18302a,0.1189863285546986,28661276.95
45521716000172,WHG WM Global LB FIF CIC Ações RL,fundos,Ações,Ações Investimento no Exterior,Internacional Ações Hedgeado,26,0,,WHG Asset Management,Investidores qualificados,Ações,5000,FECHADO,30,0.02,0.2,IPCA + Yield IMA-B,https://www.xpi.com.br/investimentos/fundos-de-investimento/lista/#/detalhes/3c8a6210-79ea-4767-818b-d6dba175d1d8,0.0361586671173232,1960178095.26
52923285000136,Welfare AM 2 FIA,fundos,Ações,Ações Investimento no Exterior,Multiestratégia,26,0,,XP Advisory,Exclusivo,Ações,1000,FECHADO,33,0.0004,0.1,IPCA,https://www.xpi.com.br/investimentos/fundos-de-investimento/lista/#/detalhes/83b66145-1bde-4c33-80b3-26f285fcd5b7,0.0679687735265952,8293737.24
38443120000136,Wellington Asia Technology Advisory FIA RL,fundos,Ações,Ações Investimento no Exterior,Internacional Ações Hedgeado,29,0,,XP Allocation Asset Management LTDA.,Investidores em geral,"Renda Variável: Haverá cobrança de IR no momento do resgate sob a alíquota de 15% sobre o rendimento bruto obtido._x000D_
",500,ABERTO,7,0.008,,-,https://www.xpi.com.br/investimentos/fundos-de-investimento/lista/#/detalhes/71eb290c-3c98-434b-b512-1b9b5cb57ae0,0.6211175876898514,95448638.1
38077221000130,Wellington European Equity Advisory FIA RL,fundos,Ações,Ações Investimento no Exterior,Internacional Ações Hedgeado,26,0,,XP Allocation Asset Management LTDA.,Investidores em geral,"Renda Variável: Haverá cobrança de IR no momento do resgate sob a alíquota de 15% sobre o rendimento bruto obtido._x000D_
",500,ABERTO,6,0.01,,-,https://www.xpi.com.br/investimentos/fundos-de-investimento/lista/#/detalhes/dc78378c-be3b-4070-b32c-79586035cc33,0.1889341735577994,44305751.02
35556444000192,Wellington Ventura Advisory CI Ações IE RL,fundos,Ações,Ações Investimento no Exterior,Internacional Ações Hedgeado,26,1,,XP Allocation Asset Management LTDA.,Investidores qualificados,Renda Variável - Alíquota de IR de 15% incidida sobre o lucro obtido no momento do resgate.,500,ABERTO,6,0.008,,-,https://www.xpi.com.br/investimentos/fundos-de-investimento/lista/#/detalhes/9da950c1-f661-4b72-b518-ece0b1d959e1,0.2078635145254572,176297774.84
37331322000123,Wellington Ventura Dominus Dólar Advisory CIC Ações IE RL,fundos,Ações,Ações Investimento no Exterior,Internacional Ações Não Hedgeado,29,0,,XP Allocation Asset Management LTDA.,Investidores qualificados,"Renda Variável: Haverá cobrança de IR no momento do resgate sob a alíquota de 15% sobre o rendimento bruto obtido._x000D_
",500,FECHADO,35,,,-,https://www.xpi.com.br/investimentos/fundos-de-investimento/lista/#/detalhes/444701db-778d-4bc6-b14f-41b95486348d,0.0830150706578958,3310087.77
35578709000153,Wellington Ventura Dólar Advisory CI Ações IE RL,fundos,Ações,Ações Investimento no Exterior,Internacional Ações Não Hedgeado,30,0,,XP Allocation Asset Management LTDA.,Investidores em geral,Renda Variável - Alíquota de IR de 15% incidida sobre o lucro obtido no momento do resgate.,500,ABERTO,6,0.008,,-,https://www.xpi.com.br/investimentos/fundos-de-investimento/lista/#/detalhes/4ab2a4d6-02b0-4559-a03c-e1051960a9a7,0.0790976341630447,71671416.7
04192419000143,Western Asset Ativo Max FIF RF RL,fundos,Renda Fixa,Renda Fixa Duração Livre Soberano,Renda Fixa Ativo,10,0,2,FRANKLIN TEMPLETON BRASIL LTDA.,Investidores em geral,"Longo Prazo - Alíquota regressiva de IR de 22,5% a 15,0% incidida sobre o lucro obtido no momento do resgate._x000D_
",500,ABERTO,1,0.008,,CDI,https://www.xpi.com.br/investimentos/fundos-de-investimento/lista/#/detalhes/c53ada57-b034-43f4-bf6e-1d9bb38a17bc,0.1228550392459633,35067380.45
49983964000196,Western Asset Crédito Bancário Plus FIF RF CP RL,fundos,Renda Fixa,Renda Fixa Duração Baixa Grau de Investimento,Crédito Liquidez,2,0,,FRANKLIN TEMPLETON BRASIL LTDA.,Investidores em geral,Longo Prazo,500,ABERTO,0,0.0034999999999999996,,CDI,https://www.xpi.com.br/investimentos/fundos-de-investimento/lista/#/detalhes/902a268a-630f-40a4-b815-cc453b5d24dd,0.1475315228782181,2095816457.62
19831126000136,Western Asset FIF Ações BDR Nivel I - RL,fundos,Ações,Ações Livre,Internacional Ações Não Hedgeado,35,0,3,FRANKLIN TEMPLETON BRASIL LTDA.,Investidores em geral,Renda Variável - Alíquota de IR de 15% incidida sobre o lucro obtido no momento do resgate.,500,ABERTO,5,0.015,,-,https://www.xpi.com.br/investimentos/fundos-de-investimento/lista/#/detalhes/024f0717-bd0f-43ff-8d11-1d75cd54dfd7,0.043958366322591,1162213318.4
00819889000133,Western Asset Hedge Dólar FIF,fundos,Cambial,Cambial,Cambial,16,0,3,FRANKLIN TEMPLETON BRASIL LTDA.,Investidores em geral,"Longo Prazo - Alíquota regressiva de IR de 22,5% a 15,0% incidida sobre o lucro obtido no momento do resgate.",500,ABERTO,1,0.01,,-,https://www.xpi.com.br/investimentos/fundos-de-investimento/lista/#/detalhes/d8a32e9d-6607-4c15-b54f-4cbeb31cc3ea,0.0004033164919328,53381822.82
09087301000179,Western Asset IMA-B Ativo FIF RF,fundos,Renda Fixa,Renda Fixa Duração Livre Soberano,Renda Fixa Inflação,10,0,4,FRANKLIN TEMPLETON BRASIL LTDA.,Investidores em geral,"Longo Prazo: Haverá cobrança de IR no último dia útil dos meses de maio e novembro de cada ano sob a alíquota de 15% (“come-cotas”), ou no resgate, se ocorrido em data anterior, seguindo tabela regressiva partindo de 22,5% para intervalo entre aplicação e resgate menor do que 6 meses à 15% se o intervalo entre aplicação e resgate for maior do que 2 anos._x000D_
",500,ABERTO,1,0.005,,IMA-B,https://www.xpi.com.br/investimentos/fundos-de-investimento/lista/#/detalhes/af10c2d8-715c-48a6-baf6-2dadc9c69ff6,0.0969117752165145,98047651.36000001
17517577000178,Western Asset IMA-B5 FIF RF,fundos,Renda Fixa,Renda Fixa Duração Livre Soberano,Renda Fixa Inflação,10,0,4,FRANKLIN TEMPLETON BRASIL LTDA.,Investidores em geral,"Longo Prazo: Haverá cobrança de IR no último dia útil dos meses de maio e novembro de cada ano sob a alíquota de 15% (“come-cotas”), ou no resgate, se ocorrido em data anterior, seguindo tabela regressiva partindo de 22,5% para intervalo entre aplicação e resgate menor do que 6 meses à 15% se o intervalo entre aplicação e resgate for maior do que 2 anos._x000D_
",500,ABERTO,1,0.004,,IMA-B 5,https://www.xpi.com.br/investimentos/fundos-de-investimento/lista/#/detalhes/8b462e9f-76d5-4c4d-931f-7a9271ad754c,0.1238918870466954,75667686.97
07672392000184,Western Asset LS FIF,fundos,Multimercado,Multimercados Long and Short Neutro,Long Short Neutro,12,0,3,FRANKLIN TEMPLETON BRASIL LTDA.,Investidores em geral,"Longo Prazo - Alíquota regressiva de IR de 22,5% a 15,0% incidida sobre o lucro obtido no momento do resgate._x000D_
",500,ABERTO,5,0.02,,CDI,https://www.xpi.com.br/investimentos/fundos-de-investimento/lista/#/detalhes/d1d7f92b-43ed-4e6f-89db-f8d02f652b11,0.0869218744801447,9286976.49
05024659000100,Western Asset Multitrading H Multimercado FI,fundos,Multimercado,Multimercados Macro,Macro Baixa Vol,13,0,2,FRANKLIN TEMPLETON BRASIL LTDA.,Investidores em geral,"Longo Prazo - Alíquota regressiva de IR de 22,5% a 15,0% incidida sobre o lucro obtido no momento do resgate.",500,ABERTO,1,0.011000000000000001,,CDI,https://www.xpi.com.br/investimentos/fundos-de-investimento/lista/#/detalhes/cefdca46-d7d3-4a25-89cb-ebe17dbd2e22,0.1310724166915509,15107378.18
03499367000190,Western Asset RF Ativo FI,fundos,Renda Fixa,Renda Fixa Duração Livre Grau de Investimento,Renda Fixa Ativo,10,0,4,FRANKLIN TEMPLETON BRASIL LTDA.,Investidores em geral,"Longo Prazo - Alíquota regressiva de IR de 22,5% a 15,0% incidida sobre o lucro obtido no momento do resgate.",500,ABERTO,1,0.004,,CDI,https://www.xpi.com.br/investimentos/fundos-de-investimento/lista/#/detalhes/5f6cec3b-da4e-4b80-b1ab-23af79a95de1,0.1389621715369107,233100038.29
28320756000137,Western Asset Total Credit Advisory FIC de FIF RF CP RL,fundos,Renda Fixa,Renda Fixa Duração Baixa Grau de Investimento,Crédito Liquidez,2,0,2,FRANKLIN TEMPLETON BRASIL LTDA.,Investidores em geral,"Longo Prazo - Alíquota regressiva de IR de 22,5% a 15,0% incidida sobre o lucro obtido no momento do resgate.",500,ABERTO,1,0.005,,CDI,https://www.xpi.com.br/investimentos/fundos-de-investimento/lista/#/detalhes/61020ec1-db36-4452-a34a-400a16c47a72,0.1489024599917863,3249380305.1
49984055000172,Western Asset Total Credit Plus FIF,fundos,Renda Fixa,Renda Fixa Duração Livre Crédito Livre,Crédito High Grade,11,0,,FRANKLIN TEMPLETON BRASIL LTDA.,Investidores em geral,Longo Prazo,500,ABERTO,10,0.006500000000000001,,CDI,https://www.xpi.com.br/investimentos/fundos-de-investimento/lista/#/detalhes/5f585b96-cf1c-42d7-a371-e48f71bf9d9d,0.1456774387435115,163061385.94
17453850000148,Western Asset US Index 500 FIF Multimercado RL,fundos,Multimercado,Multimercados Estratégia Específica,Internacional Ações Hedgeado,14,0,3,FRANKLIN TEMPLETON BRASIL LTDA.,Investidores em geral,"Longo Prazo - Alíquota regressiva de IR de 22,5% a 15,0% incidida sobre o lucro obtido no momento do resgate.",500,ABERTO,1,0.01,,-,https://www.xpi.com.br/investimentos/fundos-de-investimento/lista/#/detalhes/7d002e8e-becf-47cc-9afb-aa8aa092b069,0.2946239732743465,1274882281.25
09087523000191,Western Asset Valuation FIF em Ações - RL,fundos,Ações,Ações Livre,Renda Variável Long Only,32,0,2,FRANKLIN TEMPLETON BRASIL LTDA.,Investidores em geral,"Renda Variável: Haverá cobrança de IR no momento do resgate sob a alíquota de 15% sobre o rendimento bruto obtido._x000D_
",500,ABERTO,3,0.025,,Ibovespa,https://www.xpi.com.br/investimentos/fundos-de-investimento/lista/#/detalhes/1bfa0c13-0ce8-4030-8c34-c276a6aa0d68,0.1286441290561331,41355225.37
34231962000173,XP Advisory Portfolio Private FIM CP,fundos,Multimercado,Multimercados Livre,Multiestratégia,13,0,,XP Advisory,Investidores qualificados,"Longo Prazo_x000D_
",5000,FECHADO,2,0.0021,,CDI,https://www.xpi.com.br/investimentos/fundos-de-investimento/lista/#/detalhes/8ccdb656-30aa-477b-af03-ea783045d2ed,0.1080289169280217,15984615.99
61768641000185,XP Alocação Conservadora FIM CP RL,fundos,Multimercado,Multimercados Dinâmico,Multiestratégia,13,0,,XP Advisory,Investidores em geral,Longo Prazo,100,ABERTO,8,0.005,,-,https://www.xpi.com.br/investimentos/fundos-de-investimento/lista/#/detalhes/895c14b7-004a-4184-8f2e-54caf7b511ec,,20153293.56
61769286000169,XP Alocação Moderada FIM CP RL,fundos,Multimercado,Multimercados Dinâmico,Multiestratégia,13,0,,XP Advisory,Investidores em geral,Longo Prazo,100,ABERTO,8,0.0075,,-,https://www.xpi.com.br/investimentos/fundos-de-investimento/lista/#/detalhes/34590fb8-e732-4de7-8fbb-052c1c4fdd2c,,23594142.65
61770321000160,XP Alocação Sofisticada FIM CP RL,fundos,Multimercado,Multimercados Dinâmico,Multiestratégia,13,0,,XP Advisory,Investidores em geral,Longo Prazo,100,ABERTO,8,0.01,,-,https://www.xpi.com.br/investimentos/fundos-de-investimento/lista/#/detalhes/e2a0aa56-df91-4e3f-bc2c-56dc76516832,,9642328.75
45756473000151,XP Balanceado Fundo Mútuo de Privatização - FGTS Carteira Livre RL,fundos,Privatização,Ações FMP - FGTS,Renda Variável Long Only,26,0,,XP Asset Management,Investidores em geral,Renda Variavel,500,FECHADO,5,0.015,,-,https://www.xpi.com.br/investimentos/fundos-de-investimento/lista/#/detalhes/f496e53f-3a40-41db-ba06-fe411e791643,0.1380990972431863,816388690.25
50088190000119,XP Bancos FIC de FIRF Referenciado DI CP - RL,fundos,Renda Fixa,Renda Fixa Duração Baixa Grau de Investimento,Crédito Liquidez,2,0,, XP VISTA ASSET MANAGMENT LTDA,Investidores em geral,Longo Prazo,100000,ABERTO,0,0.0019,,CDI,https://www.xpi.com.br/investimentos/fundos-de-investimento/lista/#/detalhes/a6de5945-cfde-489a-a215-0f88adf5d837,0.1460309133423034,1827752233.03
35377390000106,XP Bancos FIRF Referenciada DI CP RL,fundos,Renda Fixa,Renda Fixa Duração Baixa Grau de Investimento,Crédito Liquidez,2,0,, XP VISTA ASSET MANAGMENT LTDA,Investidores em geral,"Longo Prazo - Alíquota regressiva de IR de 22,5% a 15,0% incidida sobre o lucro obtido no momento do resgate.",500000,ABERTO,0,0.0011,,CDI,https://www.xpi.com.br/investimentos/fundos-de-investimento/lista/#/detalhes/d9eef460-0168-4e0d-bc82-b73eb0bd7e94,0.1484589567780352,8056423483.08
68066032000123,XP CDI 94 CRI Ago/27 FII RL,fundos,Investimento Imobiliário,-,Referenciado DI Soberano,2,0,,XP Asset Management,Não definido,FII,10000,FECHADO,0,,,-,https://www.xpi.com.br/investimentos/fundos-de-investimento/lista/#/detalhes/7a22ba45-7f99-4333-b19a-2997016d1d51,,
68066145000129,XP CDI 96 CRI Unique Ago/27 FII RL,fundos,Investimento Imobiliário,-,Referenciado DI Soberano,2,0,,XP Asset Management,Não definido,FII,100000,FECHADO,0,,,-,https://www.xpi.com.br/investimentos/fundos-de-investimento/lista/#/detalhes/793811e8-40cd-48b3-b212-d8df91aad99c,,
64030930000170,XP CDI 96 FOF Unique Dez/27 FII RL,fundos,Investimento Imobiliário,-,Referenciado DI Soberano,2,0,,XP Allocation Asset Management LTDA.,Não definido,FII,1000,FECHADO,0,,,CDI,https://www.xpi.com.br/investimentos/fundos-de-investimento/lista/#/detalhes/b19b3bc8-5e2f-4d09-a26b-c305a4f39a90,,
63638435000186,XP CDI 96 FOF Unique Nov/26 FII RL,fundos,Investimento Imobiliário,-,Referenciado DI Soberano,2,0,,XP Allocation Asset Management LTDA.,Não definido,FII,100000,FECHADO,0,,,CDI,https://www.xpi.com.br/investimentos/fundos-de-investimento/lista/#/detalhes/02904a24-549f-45e1-bfcc-cc3475a85016,,
68066205000103,XP CDI 97 CRI Private Ago/27 FII RL,fundos,Investimento Imobiliário,-,Referenciado DI Soberano,2,0,,XP Asset Management,Não definido,FII,250000,FECHADO,0,,,-,https://www.xpi.com.br/investimentos/fundos-de-investimento/lista/#/detalhes/a9227648-db4b-480f-a8d2-ad5e02b9238c,,
64030981000100,XP CDI 98 FOF Private Dez/27 FII RL,fundos,Investimento Imobiliário,-,Referenciado DI Soberano,2,0,,XP Allocation Asset Management LTDA.,Não definido,FII,1000,FECHADO,0,,,CDI,https://www.xpi.com.br/investimentos/fundos-de-investimento/lista/#/detalhes/49ce4eb7-4a8f-431c-9270-608275bfc7ad,,
61238364000107,XP CDI 98 FOF Private Jun/27 FII RL,fundos,Investimento Imobiliário,-,Referenciado DI Soberano,2,0,,XP Allocation Asset Management LTDA.,Não definido,FII,1000000,FECHADO,0,0.002,,CDI,https://www.xpi.com.br/investimentos/fundos-de-investimento/lista/#/detalhes/1f1dae9d-e55e-4a1c-8e7e-bc14fff44f6b,,
63638500000173,XP CDI 98 FOF Private Nov/26 FII RL,fundos,Investimento Imobiliário,-,Referenciado DI Soberano,2,0,,XP Allocation Asset Management LTDA.,Não definido,FII,500000,FECHADO,0,,,CDI,https://www.xpi.com.br/investimentos/fundos-de-investimento/lista/#/detalhes/6a496bec-8fdf-439e-9505-657d7f1bfb8c,,
61238364000107,XP CDI 99 FOF Private Jun/27 FII RL,fundos,Investimento Imobiliário,-,Referenciado DI Soberano,2,0,,XP Allocation Asset Management LTDA.,Não definido,FII,2500000,FECHADO,0,0.002,,CDI,https://www.xpi.com.br/investimentos/fundos-de-investimento/lista/#/detalhes/4d8d7806-8d55-48ee-9a1f-bd3d411b4394,,
61238364000107,XP CDI FOF I FII RL - Subordinada I,fundos,Investimento Imobiliário,-,Referenciado DI Soberano,2,0,,XP Allocation Asset Management LTDA.,Não definido,FII,1000,FECHADO,0,0.002,,CDI,https://www.xpi.com.br/investimentos/fundos-de-investimento/lista/#/detalhes/5fe58f65-f5b5-48dd-af83-fc9f1db1a509,,
51385048000104,XP Carnaúba FII - Classe A,fundos,Investimento Imobiliário,-,Alternativo Ilíquido,50,0,, XP VISTA ASSET MANAGMENT LTDA,Não definido,FII,10000000,FECHADO,0,0.015,0.2,IPCA,https://www.xpi.com.br/investimentos/fundos-de-investimento/lista/#/detalhes/0e87a43b-c491-4040-8687-8fff3e169ac7,,
51385048000104,XP Carnaúba FII - Classe B,fundos,Investimento Imobiliário,-,Alternativo Ilíquido,50,0,, XP VISTA ASSET MANAGMENT LTDA,Não definido,FII,10000000,FECHADO,0,0.015,0.2,IPCA,https://www.xpi.com.br/investimentos/fundos-de-investimento/lista/#/detalhes/5f7d84b6-7d07-4013-8644-49bb4cb354da,,
51385048000104,XP Carnaúba FII - Classe C,fundos,Investimento Imobiliário,-,Alternativo Ilíquido,50,0,, XP VISTA ASSET MANAGMENT LTDA,Não definido,FII,10000000,FECHADO,0,0.015,0.2,IPCA,https://www.xpi.com.br/investimentos/fundos-de-investimento/lista/#/detalhes/b9ebd765-fcbd-49d6-a254-58c9f550fd4f,,
11046179000134,XP Corporate Light FIRF CP LP,fundos,Renda Fixa,Renda Fixa Duração Baixa Grau de Investimento,Crédito High Grade,2,0,3, XP VISTA ASSET MANAGMENT LTDA,Investidores em geral,"Longo Prazo - Alíquota regressiva de IR de 22,5% a 15,0% incidida sobre o lucro obtido no momento do resgate.",100,ABERTO,7,0.005,,CDI,https://www.xpi.com.br/investimentos/fundos-de-investimento/lista/#/detalhes/7e3ba003-8b2e-48c0-bd96-b17e69499f3e,0.1461826736136773,1516589884.86
23999611000190,XP Corporate Plus FIC FIF Multi CP RL,fundos,Multimercado,Multimercados Livre,Crédito High Grade,13,0,4, XP VISTA ASSET MANAGMENT LTDA,Investidores qualificados,"Longo Prazo - Alíquota regressiva de IR de 22,5% a 15,0% incidida sobre o lucro obtido no momento do resgate.",5000,ABERTO,46,0.0075,0.2,CDI,https://www.xpi.com.br/investimentos/fundos-de-investimento/lista/#/detalhes/f5c7e8f7-90ec-45f2-b2f3-40de33c8e6e0,0.1460772603576856,386927627.56
04621721000170,XP Corporate Top CP FIF FIRF LP RL,fundos,Renda Fixa,Renda Fixa Duração Baixa Crédito Livre,Crédito High Grade,4,1,4, XP VISTA ASSET MANAGMENT LTDA,Investidores em geral,"Longo Prazo - Alíquota regressiva de IR de 22,5% a 15,0% incidida sobre o lucro obtido no momento do resgate.",1000,ABERTO,30,0.0075,0.2,CDI,https://www.xpi.com.br/investimentos/fundos-de-investimento/lista/#/detalhes/c3e416fc-fc5b-4fe4-a115-545c21b15cb2,0.1461468006298671,1266531110.18
53779703000126,XP Credit Opportunities FIDC - Modelo A,fundos,Direito Creditório,FIDC Outros,Alternativo Ilíquido,50,0,, XP VISTA ASSET MANAGMENT LTDA,Não definido,FIP,10038,FECHADO,0,0.0015,0.2,CDI,https://www.xpi.com.br/investimentos/fundos-de-investimento/lista/#/detalhes/be706cf6-2370-481d-9274-1050f60141bd,,825330970.8999999
53779703000126,XP Credit Opportunities FIDC - Modelo B,fundos,Direito Creditório,FIDC Outros,Alternativo Ilíquido,50,0,, XP VISTA ASSET MANAGMENT LTDA,Não definido,FIDC,250000,FECHADO,0,0.0015,0.2,CDI,https://www.xpi.com.br/investimentos/fundos-de-investimento/lista/#/detalhes/58e630ab-aed6-4752-987e-69d0c5cddb78,,825330970.8999999
22003930000131,XP Crédito Estruturado 120 FIC de FIF Multimercado CP RL,fundos,Multimercado,Multimercados Macro,Crédito High Yield,13,1,4, XP VISTA ASSET MANAGMENT LTDA,Investidores qualificados,"Longo Prazo - Alíquota regressiva de IR de 22,5% a 15,0% incidida sobre o lucro obtido no momento do resgate.",1000,ABERTO,122,0.015,0.2,CDI,https://www.xpi.com.br/investimentos/fundos-de-investimento/lista/#/detalhes/793e54e8-8b5b-4923-a58d-58520e30566b,0.1290873236964991,1725524561.3
29813596000120,XP Crédito Estruturado 15 FIRF CP LP RL,fundos,Renda Fixa,Renda Fixa Duração Livre Crédito Livre,Crédito High Yield,11,0,, XP VISTA ASSET MANAGMENT LTDA,Investidores em geral,"Longo Prazo - Alíquota regressiva de IR de 22,5% a 15,0% incidida sobre o lucro obtido no momento do resgate.",10000,ABERTO,17,0.005,0.1,CDI,https://www.xpi.com.br/investimentos/fundos-de-investimento/lista/#/detalhes/0cfae2b7-1b54-4aa2-ae97-12b60246d88d,0.1518259197246239,528298130.87
27227796000176,XP Crédito Estruturado 360 FIDC RL,fundos,Direito Creditório,Multimercados Macro,Crédito High Yield,13,0,5, XP VISTA ASSET MANAGMENT LTDA,Investidores qualificados,FIDC,5019,ABERTO,362,0.0175,0.2,CDI,https://www.xpi.com.br/investimentos/fundos-de-investimento/lista/#/detalhes/8a4a338f-5769-4c21-b58b-658f12f28390,0.1213612820513534,581137102.52
61802352000155,XP Crédito Estruturado 90 FIDC RL,fundos,Direito Creditório,-,Crédito High Yield,13,0,, XP VISTA ASSET MANAGMENT LTDA,Não definido,FIDC,501.9,ABERTO,93,0.0125,0.1,CDI,https://www.xpi.com.br/investimentos/fundos-de-investimento/lista/#/detalhes/d162e276-ee9c-43ab-8fae-9af3a1ad6a9a,0.1664967173258387,137483581.72
29078652000120,XP Crédito Estruturado Dominus FIDC RL,fundos,Direito Creditório,Multimercados Macro,Crédito High Yield,13,0,5, XP VISTA ASSET MANAGMENT LTDA,Investidores qualificados,FIDC,1003.8,FECHADO,362,0.005,0.1,CDI,https://www.xpi.com.br/investimentos/fundos-de-investimento/lista/#/detalhes/1e1ca6db-83a9-45be-8c2d-2308e48e2285,0.1340383391460471,63504163.92
26803233000116,XP Debêntures Incentivadas CDI CP FIF Incentivado de Investimento em Infra RF RL,fundos,Renda Fixa,Multimercados Estratégia Específica,Debêntures Incentivadas Hedgeado,13,0,2, XP VISTA ASSET MANAGMENT LTDA,Investidores em geral,Debêntures Incentivadas - Isento de IR para pessoa física.,1000,ABERTO,31,0.008,0.2,CDI,https://www.xpi.com.br/investimentos/fundos-de-investimento/lista/#/detalhes/8cfe7ba5-fbba-4ee2-ae51-f4af0c972ee8,0.1155131444205856,2696123784.16
19657463000159,XP Debêntures Incentivadas IMAB CP Incentivado Infra RF RL,fundos,Renda Fixa,Renda Fixa Duração Livre Crédito Livre,Debêntures Incentivadas Não Hedgeado,11,1,3, XP VISTA ASSET MANAGMENT LTDA,Investidores em geral,Debêntures Incentivadas - Isento de IR para pessoa física.,1000,ABERTO,31,0.01,0.2,IMA Geral,https://www.xpi.com.br/investimentos/fundos-de-investimento/lista/#/detalhes/3caf53f3-e61d-4586-b215-463d9e4c3304,0.0801945613185703,431312080.83
16575255000112,XP Dividendos FIA RL,fundos,Ações,Ações Dividendos,Renda Variável Dividendos,26,0,5,XP Asset Management,Investidores em geral,Renda Variável - Alíquota de IR de 15% incidida sobre o lucro obtido no momento do resgate.,100,ABERTO,3,0.03,,-,https://www.xpi.com.br/investimentos/fundos-de-investimento/lista/#/detalhes/6f7e965f-5550-4462-b7de-e8a9c1fc612b,0.1559009208272306,480243954.51
66984679000109,XP EXCLUSIVE DEBÊNTURES INCENTIVADAS CDI,fundos,Renda Fixa,Renda Fixa Duração Livre Crédito Livre,Debêntures Incentivadas Hedgeado,11,0,,XP Asset Management,Não definido,Debêntures Incentivadas,100,FECHADO,1,,,CDI,https://www.xpi.com.br/investimentos/fundos-de-investimento/lista/#/detalhes/7bdcc7f4-f066-4029-b85c-e6dd3c070800,,49880782.52
63640149000155,XP Exclusive Ações FIA,fundos,Ações,-,Renda Variável Long Biased,26,0,,XP Advisory,Não definido,Renda variável,100,FECHADO,32,0.0002,,-,https://www.xpi.com.br/investimentos/fundos-de-investimento/lista/#/detalhes/7cd689b6-c5ef-420b-a3f8-feb217e7adca,,8965020.32
63285513000106,XP Exclusive Debêntures Incentivadas FIRF INFRA,fundos,Renda Fixa,-,Renda Fixa Inflação,10,0,,XP Advisory,Não definido,Debêntures Incentivadas,100,FECHADO,32,0.0002,,-,https://www.xpi.com.br/investimentos/fundos-de-investimento/lista/#/detalhes/0022cc4e-efd8-40c6-b02a-ee19ccb7b420,,36276483.62
63640014000190,XP Exclusive Multimercado FIC FIM,fundos,Multimercado,-,Multiestratégia,26,0,,XP Advisory,Não definido,Longo Prazo,100,FECHADO,32,0.0002,,-,https://www.xpi.com.br/investimentos/fundos-de-investimento/lista/#/detalhes/c453c815-9952-4e62-a9c0-3e2875fa4ebc,,24265796.14
63601093000120,XP Exclusive RF High Grade FIC RF CP LP,fundos,Renda Fixa,-,Crédito High Grade,11,0,,XP Advisory,Não definido,Longo Prazo,100,FECHADO,32,0.0003,,-,https://www.xpi.com.br/investimentos/fundos-de-investimento/lista/#/detalhes/bd5fbd41-e64c-4d18-a91a-ae7f53d1f7d2,,76940305.92
45088790000147,XP Fundo Mútuo de Privatização Eletrobrás RL,fundos,Privatização,Ações FMP - FGTS,Renda Variável Indexado,30,0,,XP Allocation Asset Management LTDA.,Investidores em geral,Renda Variavel,200,FECHADO,5,0.002,,Ibovespa,https://www.xpi.com.br/investimentos/fundos-de-investimento/lista/#/detalhes/ed5875fd-11c3-4bf9-89e1-6933f95d299c,0.521153976083842,1097415373.77
31961612000174,XP High Grade Advisory FIF RF Cred Priv RL,fundos,Renda Fixa,Renda Fixa Duração Livre Grau de Investimento,Crédito Liquidez,10,0,4, XP VISTA ASSET MANAGMENT LTDA,Investidores em geral,"Longo Prazo - Alíquota regressiva de IR de 22,5% a 15,0% incidida sobre o lucro obtido no momento do resgate.",500,FECHADO,1,0.006,,-,https://www.xpi.com.br/investimentos/fundos-de-investimento/lista/#/detalhes/1ba29ef5-abf8-4e6d-95ad-44bacaf51810,0.1193717669869425,252589483.62
55994151000102,XP IMAB5 Debêntures Incentivadas RL,fundos,Renda Fixa,Renda Fixa Duração Livre Crédito Livre,Debêntures Incentivadas Não Hedgeado,11,0,, XP VISTA ASSET MANAGMENT LTDA,Investidores em geral,Debêntures Incentivadas,1000,ABERTO,31,0.008,0.2,IMA-B 5,https://www.xpi.com.br/investimentos/fundos-de-investimento/lista/#/detalhes/7aa1e28f-9c04-491e-8ecd-d201765cdff9,0.1216096434006446,53464361.65
34867766000190,XP Income FIC RF LP RL,fundos,Renda Fixa,Renda Fixa Duração Livre Crédito Livre,Renda Fixa Ativo,11,0,5,XP Asset Management,Investidores em geral,"Longo Prazo - Alíquota regressiva de IR de 22,5% a 15,0% incidida sobre o lucro obtido no momento do resgate.",500,ABERTO,1,0.009000000000000001,0.2,CDI,https://www.xpi.com.br/investimentos/fundos-de-investimento/lista/#/detalhes/4e8f634c-bfe1-4f5f-a06b-b4058d71b7f3,0.0996101480592317,21329837.81
14146491000198,XP Inflação Referenciado IPCA FIRF LP RL,fundos,Renda Fixa,Renda Fixa Duração Livre Grau de Investimento,Renda Fixa Inflação,10,0,5, XP VISTA ASSET MANAGMENT LTDA,Investidores em geral,"Longo Prazo - Alíquota regressiva de IR de 22,5% a 15,0% incidida sobre o lucro obtido no momento do resgate.",5000,ABERTO,5,0.0055000000000000005,,IPCA,https://www.xpi.com.br/investimentos/fundos-de-investimento/lista/#/detalhes/29cc318d-24ba-4f37-acff-6857a2218e41,0.1351645113338888,58108934.9
34027608000121,XP Infra III FIP,fundos,Participações - Infraestrutura,Fundos de Participações,Alternativo Ilíquido,50,0,, XP VISTA ASSET MANAGMENT LTDA,Investidores profissionais,FIP.IE,50000,FECHADO,,0.015,0.2,IMA Geral,https://www.xpi.com.br/investimentos/fundos-de-investimento/lista/#/detalhes/f7284b3f-f76d-41da-b5d8-c223924538bb,,
44466492000180,XP Infra IV FIP IE - Classe A,fundos,Participações - Infraestrutura,Fundos de Participações,Alternativo Ilíquido,50,0,, XP VISTA ASSET MANAGMENT LTDA,Investidores qualificados,FIP-IE,10000,FECHADO,0,0.015,0.2,-,https://www.xpi.com.br/investimentos/fundos-de-investimento/lista/#/detalhes/672c6742-8c20-48a2-a08e-15204a3a6985,,89016372.01
55128678000146,XP Infra V FIP IE RL - Subclasse A,fundos,Participações,-,Alternativo Ilíquido,50,0,, XP VISTA ASSET MANAGMENT LTDA,Não definido,FIP IE,10000,FECHADO,0,0.0172,0.2,-,https://www.xpi.com.br/investimentos/fundos-de-investimento/lista/#/detalhes/0979933d-7441-47af-94d5-d634f89be071,,
55128678000146,XP Infra V FIP IE RL - Subclasse B,fundos,Participações,-,Alternativo Ilíquido,50,0,, XP VISTA ASSET MANAGMENT LTDA,Não definido,FIP IE,500000,FECHADO,0,0.0172,0.2,-,https://www.xpi.com.br/investimentos/fundos-de-investimento/lista/#/detalhes/4037a4da-8240-4a6b-af96-655431ed1f9b,,
33347168000127,XP Investor 30 Dominus FIC FIA RL,fundos,Ações,Ações Livre,Renda Variável Long Only,26,0,5,XP Asset Management,Investidores em geral,Renda Variável - Alíquota de IR de 15% incidida sobre o lucro obtido no momento do resgate.,1000,FECHADO,32,0.005,0.1,Ibovespa,https://www.xpi.com.br/investimentos/fundos-de-investimento/lista/#/detalhes/b407f85d-d192-4135-a335-4c1a58bbdb01,0.1343171477516231,11523362.26
26718169000175,XP Investor 30 FIC FIA RL,fundos,Ações,Ações Livre,Renda Variável Long Only,26,1,3,XP Asset Management,Investidores em geral,Renda Variável - Alíquota de IR de 15% incidida sobre o lucro obtido no momento do resgate.,500,ABERTO,32,0.02,0.2,Ibovespa,https://www.xpi.com.br/investimentos/fundos-de-investimento/lista/#/detalhes/c2753470-2d40-47dc-9697-e66c74e61f53,0.1174877633396132,363042209.07
43761934000159,XP Investor Equity Hedge FIC FIM RL,fundos,Multimercado,Multimercados Long and Short Direcional,Long Short Direcional,13,0,,XP Asset Management,Investidores em geral,Longo Prazo,500,ABERTO,32,0.02,0.2,CDI,https://www.xpi.com.br/investimentos/fundos-de-investimento/lista/#/detalhes/d8a48092-d5c0-4cc4-a01b-69ed318d29d6,0.0243420669481657,23978742.93
28122142000140,XP Investor Ibovespa Ativo FIC FIA RL,fundos,Ações,Ações Índice Ativo,Renda Variável Long Only,26,0,4,XP Asset Management,Investidores em geral,Renda Variável - Alíquota de IR de 15% incidida sobre o lucro obtido no momento do resgate.,500,ABERTO,3,0.015,0.2,Ibovespa,https://www.xpi.com.br/investimentos/fundos-de-investimento/lista/#/detalhes/f9e51830-0ccf-4793-8248-8cac942038e3,0.2120087702587951,37645607.98
30797425000134,XP Investor Long Biased Dominus FIC FIF Multi RL,fundos,Multimercado,Multimercados Long and Short Direcional,Renda Variável Long Biased,19,0,4,XP Asset Management,Investidores em geral,Renda Variável - Alíquota de IR de 15% incidida sobre o lucro obtido no momento do resgate.,1000,FECHADO,32,0.005,0.1,-,https://www.xpi.com.br/investimentos/fundos-de-investimento/lista/#/detalhes/dd0d0739-4a71-45b3-8373-1e2e35851253,0.0065305621320106,49833554.09
35651599000108,XP Investor Long Biased II Dominus FIC FIM RL,fundos,Multimercado,Multimercados Livre,Renda Variável Long Biased,29,0,3,XP Asset Management,Investidores qualificados,Renda Variável - Alíquota de IR de 15% incidida sobre o lucro obtido no momento do resgate.,1000,FECHADO,32,0.005,0.1,-,https://www.xpi.com.br/investimentos/fundos-de-investimento/lista/#/detalhes/582b00cd-0547-4b8d-9c2d-b807a46e273c,-0.016733984419642,1055383.6
46965443000118,XP Investor Mútuo Privatização FGTS Carteira Livre RL,fundos,Privatização,Ações FMP - FGTS,Renda Variável Long Only,26,0,,XP Asset Management,Investidores em geral,Renda Variavel,500,FECHADO,5,0.02,,-,https://www.xpi.com.br/investimentos/fundos-de-investimento/lista/#/detalhes/0ffb1ba5-7dbe-4c15-9680-41cf40125ae2,0.115255545533379,246401596.55
41687480000198,XP JHSF Real Estate US FIP Multiestratégia IE,fundos,Participações - Multiestratégia,Fundos de Participações,Alternativo Ilíquido,50,0,, XP VISTA ASSET MANAGMENT LTDA,Investidores profissionais,FIP Entidade Investimento,100000,FECHADO,,0.0015,0.2,CDI,https://www.xpi.com.br/investimentos/fundos-de-investimento/lista/#/detalhes/8dd80e0f-51d7-479f-8e11-d40233d865fc,,62961168.39
53095152000181,XP Juros Ativos CDI Debêntures Incentivadas FI Infra RF CP RL,fundos,Renda Fixa,Renda Fixa Duração Livre Crédito Livre,Outros -> Código Recebido: 54,11,1,,XP Gestão de Recursos,Investidores em geral,Debêntures Incentivadas,1000,ABERTO,31,0.01,0.2,CDI,https://www.xpi.com.br/investimentos/fundos-de-investimento/lista/#/detalhes/3ae12c5b-4284-4f1a-8978-708d238b0fbb,0.0874850442822643,205807303.52
51488342000133,XP Liquidez FIC de FIF RF Referenciado DI CP RL,fundos,Renda Fixa,Renda Fixa Duração Baixa Grau de Investimento,Crédito Liquidez,2,0,, XP VISTA ASSET MANAGMENT LTDA,Investidores em geral,Longo Prazo,100,ABERTO,0,0.0024,,CDI,https://www.xpi.com.br/investimentos/fundos-de-investimento/lista/#/detalhes/57656bc3-70f3-461a-a647-a0503e79d8af,0.1455556234690151,3457693141.24
36554324000119,XP Litigation Fund FIC FIF Multimercado CP LP RL,fundos,Multimercado,Multimercados Estratégia Específica,Alternativo Ilíquido,50,0,, XP VISTA ASSET MANAGMENT LTDA,Investidores profissionais,FIF 95%,200000,FECHADO,,0.02,0.2,-,https://www.xpi.com.br/investimentos/fundos-de-investimento/lista/#/detalhes/b723aeb3-c89f-47f2-8660-cfbeef6e287d,,160906403.94
58863998000138,XP Logístico Prime Yield FII - I FII RL,fundos,Investimento Imobiliário,-,Fundo Listado,25,0,, XP VISTA ASSET MANAGMENT LTDA,Não definido,FII,10,FECHADO,0,0.012,,-,https://www.xpi.com.br/investimentos/fundos-de-investimento/lista/#/detalhes/47f520c6-9dbe-4583-9ff1-84ee15d85bcb,,
18993924000100,XP Long Biased FIC FIM RL,fundos,Multimercado,Multimercados Long and Short Direcional,Renda Variável Long Biased,20,0,2,XP Asset Management,Investidores em geral,Renda Variável - Alíquota de IR de 15% incidida sobre o lucro obtido no momento do resgate.,500,FECHADO,32,0.02,0.2,-,https://www.xpi.com.br/investimentos/fundos-de-investimento/lista/#/detalhes/3c27015f-25d8-4614-b210-7cd568800bd0,-0.0094305008183976,168904022.53
21523833000107,XP Private Equity I FIP Multi - Classe A,fundos,Participações,Fundos de Participações,Alternativo Ilíquido,50,0,,XP Asset Management,Investidores profissionais,FIP,50000,FECHADO,0,0.02,0.2,-,https://www.xpi.com.br/investimentos/fundos-de-investimento/lista/#/detalhes/7f062a9b-2cdf-4257-914f-3b7134f3e1ab,,1710332198.68
46153324000160,XP Private Equity II - Classe A - FIP Multiestratégia,fundos,Participações - Multiestratégia,Fundos de Participações,Alternativo Ilíquido,50,0,,XP Asset Management,Investidores qualificados,FIP Entidade Investimento,25000,FECHADO,0,0.02,0.2,-,https://www.xpi.com.br/investimentos/fundos-de-investimento/lista/#/detalhes/3d977c15-66ed-49db-a4de-a1d1f7691a07,,573318225.02
46153324000160,XP Private Equity II - Classe D - FIP Multiestratégia,fundos,Participações - Multiestratégia,Fundos de Participações,Alternativo Ilíquido,50,0,,XP Asset Management,Investidores qualificados,FIP Entidade Investimento,1000000,FECHADO,0,0.02,0.2,-,https://www.xpi.com.br/investimentos/fundos-de-investimento/lista/#/detalhes/a6040ddb-ec88-4f40-bf44-9c0cb630ea75,,573318225.02
46153324000160,XP Private Equity II - Classe D1 - FIP Multiestratégia,fundos,Participações - Multiestratégia,Fundos de Participações,Alternativo Ilíquido,50,0,,XP Asset Management,Investidores qualificados,FIP,20000000,FECHADO,30,0.0175,0.2,-,https://www.xpi.com.br/investimentos/fundos-de-investimento/lista/#/detalhes/3b8e488e-230d-49ca-b744-3cdaec04395a,,573318225.02
10843445000197,XP Referenciado FIF RF Referenciado DI CP RL,fundos,Renda Fixa,Renda Fixa Duração Baixa Grau de Investimento,Crédito Liquidez,2,0,, XP VISTA ASSET MANAGMENT LTDA,Investidores em geral,"Longo Prazo - Alíquota regressiva de IR de 22,5% a 15,0% incidida sobre o lucro obtido no momento do resgate.",100,ABERTO,0,0.003,,CDI,https://www.xpi.com.br/investimentos/fundos-de-investimento/lista/#/detalhes/aef54b29-62f2-444d-8d12-99897d9c46ad,0.146583522176052,5478875080.17
61424730000104,XP Renda Imobiliária Feeder FII RL,fundos,Investimento Imobiliário,-,Fundo Listado,17,0,, XP VISTA ASSET MANAGMENT LTDA,Não definido,FII,10,FECHADO,0,0.012,,-,https://www.xpi.com.br/investimentos/fundos-de-investimento/lista/#/detalhes/548a7b18-fca1-495c-8707-8da22c7cfe07,,
42700507000106,XP SS 1 FIC FIDC RL-NP,fundos,Direito Creditório,FIDC Agro Indústria e Comércio,Alternativo Ilíquido,50,0,, XP VISTA ASSET MANAGMENT LTDA,Não definido,"Longo Prazo_x000D_
",100380,FECHADO,,0.02,0.2,CDI,https://www.xpi.com.br/investimentos/fundos-de-investimento/lista/#/detalhes/536d5601-8fdf-4737-aaa0-bc62e331de08,,17560768.18
39669815000101,XP Selection Alternativo FIP Multi - Classe A,fundos,Participações - Multiestratégia,Fundos de Participações,Alternativo Ilíquido,50,0,,XP Allocation Asset Management LTDA.,Investidores qualificados,FIP Entidade Investimento,10000,FECHADO,,0.0125,0.1,-,https://www.xpi.com.br/investimentos/fundos-de-investimento/lista/#/detalhes/37faa12f-6687-4bd4-8ba7-a3c4f7f454c6,,77202455.79999998
43120744000152,XP Special Opportunities FIP Multi - Classe A,fundos,Participações - Multiestratégia,Fundos de Participações,Alternativo Ilíquido,50,0,, XP VISTA ASSET MANAGMENT LTDA,Investidores profissionais,FIP,25859,FECHADO,0,0.02,0.2,-,https://www.xpi.com.br/investimentos/fundos-de-investimento/lista/#/detalhes/eb140b3e-78d0-49a9-a92d-2a28aa1c6a4a,,
34081651000175,XP Special Situations FIC FIM CP LP IE,fundos,Multimercado,Multimercados Investimento no Exterior,Crédito High Yield,26,0,, XP VISTA ASSET MANAGMENT LTDA,Investidores profissionais,FIF 95%,50000,ABERTO,362,0.0175,0.2,CDI,https://www.xpi.com.br/investimentos/fundos-de-investimento/lista/#/detalhes/83587964-99f5-4ac8-ae12-a3b4f473222c,0.160000200489381,743322169.86
34081680000137,XP Special Situations I Capital CP LP RL,fundos,Multimercado,Multimercados Estratégia Específica,Alternativo Ilíquido,50,0,, XP VISTA ASSET MANAGMENT LTDA,Exclusivo,FIF 95%,100000,FECHADO,0,0.0175,0.15,CDI,https://www.xpi.com.br/investimentos/fundos-de-investimento/lista/#/detalhes/2c429ddf-0b07-4daf-a4f9-45c624e77ada,,534482896.37
34081583000144,XP Special Situations III CP LP,fundos,Multimercado,Multimercados Estratégia Específica,Alternativo Ilíquido,50,0,, XP VISTA ASSET MANAGMENT LTDA,Investidores profissionais,FIF 95%,806112.09,FECHADO,0,0.0085,0.1,CDI,https://www.xpi.com.br/investimentos/fundos-de-investimento/lista/#/detalhes/81fee71c-cf2d-477b-9f07-7515f0940ce9,,9765163.5
58729502000138,XP Strategy FIFM CP RL,fundos,Multimercado,Multimercados Livre,Macro Baixa Vol,13,0,,XP Asset Management,Investidores em geral,Longo Prazo,1000,ABERTO,10,0.01,0.3,-,https://www.xpi.com.br/investimentos/fundos-de-investimento/lista/#/detalhes/90e2ee01-f5f4-44ae-bcb0-2b1d35962809,0.1319435239137423,304823807.68
41888464000163,XP Termo FIC de FIF RF LP RL,fundos,Renda Fixa,Renda Fixa Duração Baixa Soberano,Renda Fixa Ativo,2,0,,XP Allocation Asset Management LTDA.,Investidores em geral,Longo Prazo,100,ABERTO,6,0.005,0.1,CDI,https://www.xpi.com.br/investimentos/fundos-de-investimento/lista/#/detalhes/c4a262f1-6a5b-4177-ab7c-e51cbf530169,0.1440014339011237,73823174.81
57242432000126,XPA Inflação Dinâmica FIRF LP,fundos,Renda Fixa,Renda Fixa Duração Livre Grau de Investimento,Inflação/Pré Longa,10,0,,XP Advisory,Investidores em geral,Longo Prazo,500,FECHADO,1,0.0008,0.2,-,https://www.xpi.com.br/investimentos/fundos-de-investimento/lista/#/detalhes/b7764351-12e5-4ba2-bb2d-08cd3942e609,0.0946899026789778,25328071.95
34231958000105,XPA Portfolio Private FIC FIM CP,fundos,Multimercado,Multimercados Livre,Multiestratégia,13,0,1,XP Advisory,Investidores qualificados,"Longo Prazo - Alíquota regressiva de IR de 22,5% a 15,0% incidida sobre o lucro obtido no momento do resgate.",500000,ABERTO,64,0.0058,0.1,CDI,https://www.xpi.com.br/investimentos/fundos-de-investimento/lista/#/detalhes/67a03810-640b-44d3-b384-769a7119ab28,0.1008284458780501,14714468.21
28767181000103,XPA RV FIC FIA,fundos,Ações,Ações Livre,Renda Variável Long Only,27,0,3,XP Advisory,Investidores qualificados,Renda Variável - Alíquota de IR de 15% incidida sobre o lucro obtido no momento do resgate.,1,ABERTO,65,0.0098,,CDI,https://www.xpi.com.br/investimentos/fundos-de-investimento/lista/#/detalhes/38ffd650-77e5-42dc-a2a9-335cb49fb8a8,0.1184050110241137,32571506.23
42869954000185,XPA Trafalgar EVN FIM,fundos,Multimercado,Multimercados Livre,Alternativo Ilíquido,50,0,,XP Advisory,Exclusivo,FIF95%,18423.9,FECHADO,1001,0.0005,,-,https://www.xpi.com.br/investimentos/fundos-de-investimento/lista/#/detalhes/c4c50c1e-e749-4551-b3a4-2fa657f43dfc,,48694686.01
30338831000139,XPA Vértice Crédito FIM CP,fundos,Multimercado,Multimercados Livre,Multiestratégia,13,0,4,XP Advisory,Investidores qualificados,"Longo Prazo - Alíquota regressiva de IR de 22,5% a 15,0% incidida sobre o lucro obtido no momento do resgate.",1000,ABERTO,30,0.0018,,-,https://www.xpi.com.br/investimentos/fundos-de-investimento/lista/#/detalhes/9ef56604-6ab5-41a1-8ce0-8a95fc032089,0.1491616419920305,45047675.62
43741189000186,XPAG11 - XP Crédito Agro,fundos,Investimento Imobiliário,FII TVM Gestão Ativa,Fundo Listado,16,0,, XP VISTA ASSET MANAGMENT LTDA,Investidores em geral,FIAgro,10,FECHADO,3,0.01,0.2,CDI,https://www.xpi.com.br/investimentos/fundos-de-investimento/lista/#/detalhes/f67e7f03-4258-49e4-8ae5-3c3238875b3d,,
42463823000101,XPEX11 - XP Exeter II Desenvolvimento Log. - Classe A,fundos,Investimento Imobiliário,FII Desenvolvimento para Venda Gestão Ativa,Fundo Listado,26,0,, XP VISTA ASSET MANAGMENT LTDA,Investidores qualificados,FII,10000,FECHADO,0,0.005,0.2,CDI,https://www.xpi.com.br/investimentos/fundos-de-investimento/lista/#/detalhes/b1700ab6-5f42-4db4-a269-1f4942df82bd,,
42463823000101,XPEX11 - XP Exeter II Desenvolvimento Log. - Classe B,fundos,Investimento Imobiliário,FII Desenvolvimento para Venda Gestão Ativa,Fundo Listado,26,0,, XP VISTA ASSET MANAGMENT LTDA,Investidores qualificados,FII,6000,FECHADO,0,0.015,0.2,IPCA,https://www.xpi.com.br/investimentos/fundos-de-investimento/lista/#/detalhes/babc27a1-b592-4f73-8959-14bc88bb65b6,,
50385179000110,XPHB11 - XP Habitat FII,fundos,Investimento Imobiliário,FII Híbrido Gestão Ativa,Fundo Listado,19,0,, XP VISTA ASSET MANAGMENT LTDA,Investidores em geral,FII,10,FECHADO,0,0.0125,0.2,CDI,https://www.xpi.com.br/investimentos/fundos-de-investimento/lista/#/detalhes/72976371-57a5-4d3c-bb38-3fbd23650301,,
52357468000131,XPHF11 - XP Hedge Fund,fundos,Investimento Imobiliário,FII TVM Gestão Ativa,Fundo Listado,19,0,, XP VISTA ASSET MANAGMENT LTDA,Investidores em geral,FII,10,FECHADO,0,0.0115,0.2,CDI,https://www.xpi.com.br/investimentos/fundos-de-investimento/lista/#/detalhes/9b0a2c62-a491-49b1-95eb-bb957a22a10c,,
41360263000199,Zeno Global Dólar Advisory FIC de Ações RL,fundos,Ações,Ações Investimento no Exterior,Internacional Ações Não Hedgeado,29,0,,XP Allocation Asset Management LTDA.,Investidores qualificados,"Renda Variável - Alíquota de IR de 15% incidida sobre o lucro obtido no momento do resgate._x000D_
",25000,ABERTO,36,0.006999999999999999,,-,https://www.xpi.com.br/investimentos/fundos-de-investimento/lista/#/detalhes/59c0d62e-3ead-4d04-9256-4f465dfb3278,-0.058661542537909,81172878.75
00000000000000,Nome do Fundo Investido pelos planos,previdencia,Previdência,,Classificação XP,,0,,Gestor Estratégico,Participantes,,,Status,,,,,,,
67654705000101,Western Asset Total Credit XP Seg Prev FIF RF CP RL**,previdencia,Previdência,,Crédito Liquidez,10,0,,Franklin Templeton ,Em Geral,,100,Aberto,,,,,,,
68125948000107,AZ Quest Strutturato Opportuna II XP Seg FIC FIM CP RL**,previdencia,Previdência,,Crédito High Yield,23,0,,AZ Quest Investimentos,Qualificados,,100,Fechado,,,,,,,
65912212000190,Trend B60 XP Seg Prev RF RL**,previdencia,Previdência,,Renda Fixa Inflação,10,0,,XP Asset,Em Geral,,100,Aberto,,,,,,,
67295555000189,SPX Crédito Opportuna I Prev XP Seg FIC FIM CP RL**,previdencia,Previdência,,Crédito High Yield,23,0,,SPX Gestão de Recursos,Qualificados,,100,Fechado,,,,,,,
68097895000168,Itaú Dual Advanced XP Seg I FIF CIC Multi CP RL**,previdencia,Previdência,,Crédito High Grade,11,0,,Itaú Unibanco,Qualificados,,100,Aberto,,,,,,,
65536263000165,Ibiuna RF Ativo XP Seg Prev FIE I FIF CI RF RL**,previdencia,Previdência,,Renda Fixa Ativo,10,0,,Ibiuna Investimentos,Em Geral,,100,Aberto,,,,,,,
53991435000101,Jive Pulse Opportuna II Prev XP Seg FIC Multi CP RL**,previdencia,Previdência,,Crédito High Yield,23,0,,Jive Asset Management,Qualificados,,100,Fechado,,,,,,,
66360067000145,Vinland Opportuna XP Seg FIF CIC Multi CP RL**,previdencia,Previdência,,Crédito High Yield,23,0,,Vinland Capital,Qualificados,,100,Fechado,,,,,,,
53991718000153,Legacy Capital Opportuna XP Seg Prev FIM CP**,previdencia,Previdência,,Crédito High Yield,23,0,,Legacy Capital,Qualificados,,100,Fechado,,,,,,,
64195667000170,Genoa Capital Sagres XP Seg Prev FIF CIC Multi RL**,previdencia,Previdência,,Quantitativo,14,0,,Genoa Capital,Qualificados,,100,Aberto,,,,,,,
63799359000190,Occam Liquidez XP Seg Prev FIC FIRF CP RL**,previdencia,Previdência,,Crédito Liquidez,3,0,,Occam Gestão de Recursos,Em Geral,,100,Aberto,,,,,,,
61922156000114,Itaú Janeiro XP Seg FIF CIC Multi RL**,previdencia,Previdência,,Macro Média Vol,14,0,,Itaú Unibanco,Qualificados,,100,Fechado,,,,,,,
62403552000106,JGP Strategy XP Seg Prev Qualificado FIC FIM RL**,previdencia,Previdência,,Macro Média Vol,23,0,,JGP Gestão,Qualificados,,100,Aberto,,,,,,,
65134078000144,Valora Opportuna XP Seg Prev FIC FIM CP RL**,previdencia,Previdência,,Crédito High Yield,23,0,,Valora Investimentos,Qualificados,,100,Fechado,,,,,,,
53991515000167,V8 Speedway Vega LS XP Seg Prev FIC Multi RL,previdencia,Previdência,,Long Short Neutro,13,0,,V8 Capital,Em Geral,,100,Aberto,,,,,,,
64487123000181,AZ Quest Strutturato Opportuna XP Seg FIC FIM CP RL,previdencia,Previdência,,Crédito High Yield,23,0,,AZ Quest Investimentos,Qualificados,,100,Fechado,,,,,,,
63573988000106,A1 High Grade Prev XP Seg FIC FIRF CP RL,previdencia,Previdência,,Crédito Liquidez,2,0,,Asset1,Em Geral,,100,Aberto,,,,,,,
63697792000115,Constellation XP Seg 70 Prev FIM RL,previdencia,Previdência,,Long Only RV70,26,0,,Constellation AM,Em Geral,,1000,Aberto,,,,,,,
63756055000146,Trend Large Cap Index BRL Prev XP FIC FIM RL,previdencia,Previdência,,Internacional Ações Hedgeado,14,0,,XP Asset,Qualificados,,100,Aberto,,,,,,,
56385272000101,Mapfre Confianza 50 XP Seg FIC FIF RF RL,previdencia,Previdência,,Crédito Liquidez,11,0,,Mapfre Investimentos,Em Geral,,100,Aberto,,,,,,,
63285329000166,Drys Shelter Prev XP FIRF CP RL,previdencia,Previdência,,Crédito Liquidez,2,0,,Drys ,Em Geral,,100,Aberto,,,,,,,
53991435000101,Jive Pulse Opportuna Previdência XP SEG FIC FIM CP RL,previdencia,Previdência,,Crédito High Yield,23,0,,Jive Asset Management,Qualificados,,100,Fechado,,,,,,,
62669471000144,Root Capital HG Prev Plus XP Seg FIC FIM CP RL,previdencia,Previdência,,Crédito High Grade,3,0,,Root Capital,Em Geral,,100,Aberto,,,,,,,
53991177000163,Tivio Alt Light XP Seg Prev FIF Multi CP RL,previdencia,Previdência,,Crédito High Yield,11,0,,Tivio Asset Management,Qualificados,,100,Aberto,,,,,,,
53990872000100,Jive Soul D45 XP Seg Prev FICFIM CP,previdencia,Previdência,,Crédito High Yield,14,0,,Jive Asset Management,Qualificados,,100,Aberto,,,,,,,
52840769000111,JGP Prev Dinâmico Opportuna XP Seg FICFIM,previdencia,Previdência,,Crédito High Yield,23,0,,JGP Gestão de Recursos,Qualificados,,100,Fechado,,,,,,,
62240600000184,Verde Master Prev 60 Qualificado XP Seg FIC FIM,previdencia,Previdência,,Macro Alta Vol,13,0,,Verde AM,Qualificados,,100,Aberto,,,,,,,
61941773000167,Daycoval Classic XP Seg Previdência FIF RF CP,previdencia,Previdência,,Crédito High Grade,12,0,,Daycoval AM,Em Geral,,100,Aberto,,,,,,,
62213987000180,Absolute Atenas XP Seg Prev FICFIRF CP,previdencia,Previdência,,Crédito High Grade,2,0,,Absolute Investimentos,Em Geral,,100,Aberto,,,,,,,
53826252000130,Real Investor 70 XP Seg Advisory FIC FIA,previdencia,Previdência,,Long Only RV70,26,0,,Real Investor Gestão de Recursos,Em Geral,,100,Aberto,,,,,,,
57446923000199,Real Investor XP Seg Prev FIM RL,previdencia,Previdência,,Long Short RV100,13,0,,Real Investor Gestão de Recursos,Qualificados,,100,Aberto,,,,,,,
60818157000150,Novus Crédito XP Seg Prev FIM CP,previdencia,Previdência,,Crédito High Grade,11,0,,Novus Capital,Em Geral,,100,Aberto,,,,,,,
61182246000116,Kinea Mont Blanc XP Seg Prev FIRF CP RL,previdencia,Previdência,,Crédito High Grade,12,0,,Kinea Investimentos,Em Geral,,100,Aberto,,,,,,,
61904092000129,Absolute Delfos XP Seg Prev FIRF RL,previdencia,Previdência,,Crédito High Grade,10,0,,Absolute Investimentos,Qualificados,,100,Aberto,,,,,,,
52955528000118,Polo Crédito Corporativo XP Seg Prev RF CP RL,previdencia,Previdência,,Crédito High Grade,11,0,,Polo Capital,Em Geral,,100,Aberto,,,,,,,
61201512000100,Absolute Pace XP Seg Prev FIA RL,previdencia,Previdência,,Renda Variável Long Biased,27,0,,Absolute Investimentos,Qualificados,,100,Fechado,,,,,,,
60749195000107,Augme HY XP Seguros Prev FIM CP RL,previdencia,Previdência,,Crédito High Yield,11,0,,Augme Capital,Qualificados,,100,Aberto,,,,,,,
61725196000176,Capitânia Previdence XP Seg FIF RF CP RL,previdencia,Previdência,,Crédito High Yield,12,0,,Capitania Investimentos,Em Geral,,100,Aberto,,,,,,,
61539506000168,M8 Capital XP Seg Prev FIRF CP,previdencia,Previdência,,Crédito High Yield,11,0,,M8 Capital,Qualificados,,100,Aberto,,,,,,,
46334681000125,Sulamérica Prestige XP Seg FIRF RL,previdencia,Previdência,,Crédito Liquidez,11,0,,SulAmérica Investimentos,Em Geral,,100,Aberto,,,,,,,
53990541000170,Icatu Vanguarda Dinâmico CDI XP Seg Prev FIM CP,previdencia,Previdência,,Renda Fixa Ativo,2,0,,Icatu Vanguarda,Em Geral,,100,Aberto,,,,,,,
52986103000176,Icatu Vanguarda Absoluto Inflação XP Seg Prev FIRF CP,previdencia,Previdência,,Renda Fixa Inflação,11,0,,Icatu Vanguarda,Em Geral,,100,Aberto,,,,,,,
47020699000115,Icatu Vanguarda Dinâmico IPCA XP Seg Prev FIM CP RL,previdencia,Previdência,,Renda Fixa Ativo,2,0,,Icatu Vanguarda,Em Geral,,100,Aberto,,,,,,,
57850204000139,Safra Vitesse Plus XP Seg Prev FICFIRF CP RL,previdencia,Previdência,,Crédito High Grade,12,0,,Safra Asset,Em Geral,,100,Aberto,,,,,,,
49228291000169,Icatu Vanguarda Igaraté LB XP Seg Prev FIC FIM RL,previdencia,Previdência,,Renda Variável Long Biased,13,0,,Icatu Vanguarda,Em Geral,,100,Aberto,,,,,,,
53074033000142,Icatu Vanguarda Plus XP Seg Prev FIRF RL,previdencia,Previdência,,Renda Fixa Ativo,11,0,,Icatu Vanguarda,Em Geral,,100,Aberto,,,,,,,
61304623000142,Arca Grão XP Seg FIC RF CP RL,previdencia,Previdência,,Crédito High Grade,12,0,,Grão Gestão de Recursos,Em Geral,,100,Aberto,,,,,,,
58841072000141,Kapitalo Zeta XP Seg Prev FIM RL,previdencia,Previdência,,Macro Alta Vol,14,0,,Kapitalo Investimentos,Qualificados,,100,Aberto,,,,,,,
52986251000190,Icatu Vanguarda Absoluto II XP Seg Prev FIRF CP RL,previdencia,Previdência,,Crédito High Grade,11,0,,Icatu Vanguarda,Em Geral,,100,Aberto,,,,,,,
53990350000109,Icatu Vanguarda Absoluto Plus XP Seg Prev FIRF CP RL,previdencia,Previdência,,Crédito High Grade,11,0,,Icatu Vanguarda,Qualificados,,100,Aberto,,,,,,,
61038314000178,Sulamérica Prev Crédito ESG XP Seg FIRF CP RL,previdencia,Previdência,,Crédito High Grade,12,0,,SulAmérica Investimentos,Em Geral,,100,Aberto,,,,,,,
58543779000171,MAG Cash XP Seg Prev FICFIRF RL,previdencia,Previdência,,Crédito Liquidez,12,0,,Mongeral Aegon Investimentos,Em Geral,,100,Fechado,,,,,,,
53991216000122,Tríade Prev FIC Multi CP RL,previdencia,Previdência,,Crédito High Grade,13,0,,Paramis,Em Geral,,100,Aberto,,,,,,,
49228354000187,Trend NTN-B 2029 XP Seg Prev FIC FIRF,previdencia,Previdência,,Renda Fixa Inflação,11,0,,XP Asset,Em Geral,,100,Aberto,,,,,,,
53990084000114,Patria Prev XP Seg FIM CP RL,previdencia,Previdência,,Crédito High Yield,11,0,,Patria Investimentos,Qualificados,,100,Aberto,,,,,,,
52840043000189,Trend IMA-B 5+ & Bolsa Americana Dólar XP Seg Prev FIM RL,previdencia,Previdência,,Multiestratégia,13,0,,XP Asset,Qualificados,,100,Aberto,,,,,,,
52955482000137,Root Capital Crédito HY Prev XP Seg FICFIRF CP RL,previdencia,Previdência,,Crédito High Yield,11,0,,Root Capital,Qualificados,,100,Aberto,,,,,,,
52986302000184,XP Liquidez 50 Prev FIRF RL,previdencia,Previdência,,Crédito Liquidez,11,0,,XP Asset,Em Geral,,100,Aberto,,,,,,,
52998678000109,Kinea Prev Dakar XP Seg RF LP,previdencia,Previdência,,Renda Fixa Ativo,12,0,,Kinea Investimentos,Em Geral,,100,Aberto,,,,,,,
52986170000190,Bradesco Ultra XP Seg Prev FIRF RL,previdencia,Previdência,,Crédito High Grade,11,0,,Bradesco Asset Management,Em Geral,,100,Aberto,,,,,,,
47020727000102,Itaú Sinfonia XP Seg FIM CP RL,previdencia,Previdência,,Crédito Híbrido,12,0,,Itaú Asset Management,Qualificados,,100,Aberto,,,,,,,
47033019000106,Trend NTN-B 2050 XP Seg Prev FIC FIRF,previdencia,Previdência,,Renda Fixa Inflação,11,0,,XP Asset,Em Geral,,100,Aberto,,,,,,,
42535455000151,Genoa Capital Cruise Icatu Prev,previdencia,Previdência,,Macro Alta Vol,10,0,,Genoa Capital,Em Geral,,500,Fechado,,,,,,,
53482542000104,Augme XP Seg Prev FIM CP RL,previdencia,Previdência,,Crédito High Yield,11,0,,Augme Capital,Qualificados,,100,Aberto,,,,,,,
52955280000195,A1 Renda Fixa Ativa XP Seg RL FIRF,previdencia,Previdência,,Renda Fixa Ativo,11,0,,Asset 1,Em Geral,,100,Aberto,,,,,,,
44409412000155,Távola Equity Hedge Prev LS XP Seg FIM,previdencia,Previdência,,Long Short Direcional,13,0,,Távola Asset,Qualificados,,100,Aberto,,,,,,,
49227982000148,Itaú High Yield Prev XP Seg FIM CP,previdencia,Previdência,,Crédito High Grade,2,0,,Itaú Asset Management,Em Geral,,100,Aberto,,,,,,,
44211899000167,Atena Icatu FIC FIRF CP,previdencia,Previdência,,Crédito High Grade,2,0,,Atena Capital,Em Geral,,500,Fechado,,,,,,,
51673830000110,BNP Paribas Match Plus XP Seg FI RF CP,previdencia,Previdência,,Crédito High Grade,11,0,,BNP Paribas Asset Management,Em Geral,,100,Aberto,,,,,,,
51675926000118,Brave XP Seg FIRF CP,previdencia,Previdência,,Crédito High Grade,11,0,,Brave Asset,Qualificados,,100,Aberto,,,,,,,
44643002000174,Real Investor Icatu Prev Qualificado FIC FIM,previdencia,Previdência,,Long Short Neutro,8,0,,Real Investor Gestão de Recursos,Qualificados,,500,Fechado,,,,,,,
45605046000172,Guepardo Icatu Prev FIC FIM,previdencia,Previdência,,Renda Variável Long Only,25,0,,Guepardo Investimentos,Qualificados,,500,Fechado,,,,,,,
50128847000124,Arca Grão Icatu Prev FIC RF CP,previdencia,Previdência,,Crédito High Grade,3,0,,Grão Gestão de Recursos,Em Geral,,500,Fechado,,,,,,,
47033051000183,Lis 100 XP Seg Prev FICFIM,previdencia,Previdência,,Renda Variável Small/Mid Caps,26,0,,Lis Capital,Qualificados,,100,Aberto,,,,,,,
51188983000172,Atena XP Seg FIC FIRF CP,previdencia,Previdência,,Crédito High Grade,12,0,,Atena Capital,Em Geral,,100,Aberto,,,,,,,
50236261000183,Itaú Global Dinâmico RF Prev XP Seg FIRF,previdencia,Previdência,,Multiestratégia,12,0,,Itaú Asset Management,Em Geral,,100,Aberto,,,,,,,
46762380000100,Icatu Vanguarda Absoluto Total Return FIRF CP,previdencia,Previdência,,Crédito High Grade,3,0,,Icatu Vanguarda,Em Geral,,500,Fechado,,,,,,,
46192463000101,Icatu Vanguarda Igaraté LB Fim Prev,previdencia,Previdência,,Renda Variável Long Biased,15,0,,Icatu Vanguarda,Em Geral,,500,Fechado,,,,,,,
48212959000117,Ace Capital Prev Icatu FICFIM,previdencia,Previdência,,Macro Alta Vol,10,0,,Ace Capital,Em Geral,,500,Fechado,,,,,,,
45511041000180,Ibiuna ST Prev Icatu FI Multimercado CP,previdencia,Previdência,,Macro Alta Vol,10,0,,Ibiuna Investimentos,Qualificados,,500,Fechado,,,,,,,
42014145000191,Spx Seahawk Icatu Prev FIM CP,previdencia,Previdência,,Crédito Híbrido,8,0,,SPX Gestão de Recursos,Em Geral,,500,Fechado,,,,,,,
45645386000127,VRB Advisory RF Prev FIM CP RL,previdencia,Previdência,,Crédito High Grade,2,0,,XP Advisory,Qualificados,,100,Aberto,,,,,,,
45645112000138,MAG Prev RF Ativo LP XP Seg FIC FIM,previdencia,Previdência,,Renda Fixa Ativo,1,0,,Mongeral Aegon Investimentos,Em Geral,,100,Aberto,,,,,,,
47020776000137,Itaú Flexprev Optimus RF XP Seg Prev FIC FIM RL,previdencia,Previdência,,Renda Fixa Ativo,12,0,,Itaú Asset Management,Em Geral,,100,Fechado,,,,,,,
45756511000176,Itaú Flexprev Optimus Titan XP Seg FIC FIM RL,previdencia,Previdência,,Macro Média Vol,14,0,,Itaú Asset Management,Qualificados,,100,Aberto,,,,,,,
47032813000127,XP Termo XP Seg FICFIM,previdencia,Previdência,,Crédito Liquidez,5,0,,XP Asset,Em Geral,,100,Aberto,,,,,,,
44157016000188,Reach Total Return XP Seg FICFIM,previdencia,Previdência,,Renda Variável Long Biased,19,0,,Reach Capital,Qualificados,,100,Aberto,,,,,,,
48940997000196,Root Capital Crédito HG Prev XP Seg FICFIRF CP RL,previdencia,Previdência,,Crédito High Yield,2,0,,Root Capital,Em Geral,,100,Fechado,,,,,,,
46375144000123,ARX K2 Icatu Inflação Curta FICFIM CP,previdencia,Previdência,,Renda Fixa Inflação,8,0,,ARX Investimentos,Em Geral,,500,Fechado,,,,,,,
19922130000100,Sulamérica Prev Crédito ESG FIRF CP,previdencia,Previdência,,Crédito High Grade,2,0,,SulAmérica Investimentos,Em Geral,,5000,Fechado,,,,,,,
46948233000111,Quantitas Capri XP Seg Prev FICFIM RL,previdencia,Previdência,,Macro Média Vol,13,0,,Quantitas,Em Geral,,100,Aberto,,,,,,,
43636010000120,XP CORPORATE TOP CRÉDITO PRIVADO XP SEG PREV FUNDO DE INVESTIMENTO EM COTAS MULTIMERCADO RESPONSABILIDADE LIMITADA,previdencia,Previdência,,Crédito High Grade,3,0,,XP Asset,Qualificados,,100,Aberto,,,,,,,
47612701000145,Absolute Atenas Icatu Prev FICFIRF CP,previdencia,Previdência,,Crédito Liquidez,2,0,,Absolute Investimentos,Em Geral,,500,Fechado,,,,,,,
45645166000101,Legacy Capital Prev Advisory II XP Seg FICFIM RL,previdencia,Previdência,,Macro Alta Vol,13,0,,Legacy Capital,Em Geral,,100,Aberto,,,,,,,
44814968000127,Suno Ações XP Seg Prev FICFIM RL,previdencia,Previdência,,Renda Variável Long Only,26,0,,Suno Asset,Em Geral,,100,Aberto,,,,,,,
46685502000102,Icatu Vanguarda Absoluto II FIRF CP Prev,previdencia,Previdência,,Crédito Liquidez,3,0,,Icatu Vanguarda,Em Geral,,500,Fechado,,,,,,,
45444101000190,Icatu Vanguarda Absoluto Plus FIRF CP Prev,previdencia,Previdência,,Crédito High Grade,8,0,,Icatu Vanguarda,Qualificados,,500,Fechado,,,,,,,
41127450000127,Sparta Prev Inflação Icatu FIC FIRF CP,previdencia,Previdência,,Crédito High Grade,8,0,,Sparta,Em Geral,,500,Fechado,,,,,,,
46099658000101,XP Macro Plus XP Seg Prev FIC FIM RL,previdencia,Previdência,,Macro Alta Vol,13,0,,XP Asset,Qualificados,,100,Aberto,,,,,,,
45298150000161,Az Quest Altro Prev XP Seg FICFIM CP RL,previdencia,Previdência,,Crédito High Grade,3,0,,AZ Quest Investimentos,Qualificados,,100,Aberto,,,,,,,
39958567000100,Oceana Valor Advisory XP Seg Prev FICFIA,previdencia,Previdência,,Renda Variável Long Only,26,0,,Oceana Investimentos,Qualificados,,100,Aberto,,,,,,,
45645241000126,Bahia AM RF Ativo Prev XP Seg FICFIRF,previdencia,Previdência,,Renda Fixa Ativo,3,0,,Bahia Asset,Em Geral,,100,Aberto,,,,,,,
47020660000106,Giant Zarathustra 80 Prev XP Seg FIC FIM RL,previdencia,Previdência,,Quantitativo,13,0,,Giant Steps Capital,Em Geral,,100,Aberto,,,,,,,
47032970000132,V8 Vanquish Termo XP Seg Prev FIC FIM CP,previdencia,Previdência,,Crédito Liquidez,2,0,,V8 Capital,Em Geral,,100,Aberto,,,,,,,
42794534000187,Arca Grão Previdência Advisory FIC FIM,previdencia,Previdência,,Multiestratégia,14,0,,Grão Gestão de Recursos,Em Geral,,100,Aberto,,,,,,,
43761805000160,Dahlia 70 Advisory XP Seg II Prev FICFIM,previdencia,Previdência,,Renda Variável Long Only,13,0,,Dahlia Capital,Em Geral,,100,Aberto,,,,,,,
45299196000103,Sulamérica Prestige Strategie Prev XP Seg FICFIRF CP RL,previdencia,Previdência,,Crédito Liquidez,3,0,,SulAmérica Investimentos,Em Geral,,100,Aberto,,,,,,,
43860077000144,WHG RF Dinâmico XP Seg Prev FICFIM CP RL,previdencia,Previdência,,Macro Baixa Vol,3,0,,WHG Asset,Qualificados,,100,Aberto,,,,,,,
45645218000131,ASA Hedge Prev XP Seg FICFIM,previdencia,Previdência,,Macro Alta Vol,13,0,,Asa Investments,Em Geral,,100,Aberto,,,,,,,
44843813000119,Sparta Inflação Prev Advisory XP Seg FICFIRF CP,previdencia,Previdência,,Renda Fixa Inflação,10,0,,Sparta,Em Geral,,100,Aberto,,,,,,,
45089750000110,Porto Crédito Privado Prev XP Seg FICFI RF RL,previdencia,Previdência,,Crédito High Grade,3,0,,Porto Seguro Investimentos,Em Geral,,100,Fechado,,,,,,,
40882496000199,Absolute Vertex XP Seg Prev FICFIM,previdencia,Previdência,,Macro Alta Vol,13,0,,Absolute Investimentos,Qualificados,,100,Aberto,,,,,,,
43779018000146,Capitânia Prev Inflação D30 XP Seg Advisory FICFIRF CP,previdencia,Previdência,,Debêntures Incentivadas Não Hedgeado,11,0,,Capitania Investimentos,Qualificados,,100,Aberto,,,,,,,
44815039000132,Jive Soul D177 XP Seg Prev FICFIM CP,previdencia,Previdência,,Crédito High Yield,11,0,,Jive Asset Management,Qualificados,,100,Aberto,,,,,,,
40212715000122,Arx K2 XP Seg Prev Inflação Curta FICFIM CP,previdencia,Previdência,,Renda Fixa Inflação,5,0,,ARX Investimentos,Em Geral,,100,Aberto,,,,,,,
44409327000197,Guepardo 70 XP Seg Prev FICFIM RL,previdencia,Previdência,,Renda Variável Long Only,26,0,,Guepardo Investimentos,Em Geral,,100,Aberto,,,,,,,
42718410000112,Vinland Macro Advisory 2 XP Seg Prev FICFIM,previdencia,Previdência,,Macro Alta Vol,13,0,,Vinland Capital,Em Geral,,100,Aberto,,,,,,,
43779069000178,Az Quest Small Mid Caps XP Seg Prev FIE FICFIA,previdencia,Previdência,,Renda Variável Small/Mid Caps,26,0,,AZ Quest Investimentos,Qualificados,,100,Aberto,,,,,,,
44748957000196,Vista Macro XP Seg Prev FICFIM CP RL,previdencia,Previdência,,Macro Alta Vol,13,0,,Vista Capital,Qualificados,,100,Aberto,,,,,,,
41802178000133,Encore Long Biased 70 XP Seg Prev FICFIM,previdencia,Previdência,,Renda Variável Long Biased,14,0,,Encore Asset Management,Em Geral,,100,Aberto,,,,,,,
42195844000185,Legacy Crédito Prev Advisory XP Seg FICFIRF CP,previdencia,Previdência,,Crédito Híbrido,11,0,,Legacy Capital,Em Geral,,100,Aberto,,,,,,,
43121014000176,Riza Evi Prev XP Seg FICFIM CP,previdencia,Previdência,,Multiestratégia,13,0,,Riza Asset Management,Em Geral,,100,Aberto,,,,,,,
43423186000102,Riza Lotus Prev XP Seg FIC FIM RL,previdencia,Previdência,,Crédito Liquidez,3,0,,Riza Asset Management,Em Geral,,100,Aberto,,,,,,,
44409353000115,Ibiuna Credit XP Seg Prev FICFIM CP RL,previdencia,Previdência,,Crédito High Grade,3,0,,Ibiuna Investimentos,Qualificados,,100,Aberto,,,,,,,
44409430000137,Ibiuna ST XP Seg Prev FICFIM CP,previdencia,Previdência,,Macro Alta Vol,13,0,,Ibiuna Investimentos,Qualificados,,100,Aberto,,,,,,,
44409267000102,A1 Hedge Prev XP Seg Prev FICFIM RL,previdencia,Previdência,,Macro Alta Vol,13,0,,Asset 1,Qualificados,,100,Aberto,,,,,,,
42535297000130,Genoa Capital Cruise Prev XP Seg FICFIM,previdencia,Previdência,,Macro Alta Vol,14,0,,Genoa Capital,Em Geral,,100,Aberto,,,,,,,
44434888000146,Kad IMA-B XP Seg Prev FICFIM CP RL,previdencia,Previdência,,Renda Fixa Inflação,8,0,,Kadima Asset Management,Em Geral,,100,Aberto,,,,,,,
40781292000161,Kadima Long Bias XP Seg Prev FICFIM RL,previdencia,Previdência,,Quantitativo,14,0,,Kadima Asset Management,Em Geral,,100,Aberto,,,,,,,
44230868000153,Vinci Crédito Prev Advisory FIRF CP,previdencia,Previdência,,Crédito High Grade,3,0,,Vinci Gestão,Qualificados,,100,Aberto,,,,,,,
43636185000138,Spx Seahawk XP Seg Prev FICFIM CP,previdencia,Previdência,,Crédito Híbrido,11,0,,SPX Gestão de Recursos,Em Geral,,100,Aberto,,,,,,,
43859993000164,Geo Empresas Globais em Dólares XP Seg Prev FICFIM RL,previdencia,Previdência,,Internacional Ações Não Hedgeado,13,0,,Geo Capital,Qualificados,,100,Aberto,,,,,,,
43215421000142,Asa Hedge XP Seg IQ Prev FIC FIM CP RL,previdencia,Previdência,,Macro Média Vol,13,0,,Asa Investments,Qualificados,,100,Aberto,,,,,,,
43636203000181,Kinea Alpes Prev XP Seg MM CP FICFI,previdencia,Previdência,,Crédito High Grade,3,0,,Kinea Investimentos,Em Geral,,100,Aberto,,,,,,,
40682081000171,M Global XP Seg Prev FIC FIM RL,previdencia,Previdência,,Internacional Ações Não Hedgeado,13,0,,XP Asset,Qualificados,,100,Aberto,,,,,,,
42870699000190,Forpus 70 Xp Seg Prev FIM,previdencia,Previdência,,Renda Variável Long Only,27,0,,Forpus Capital,Em Geral,,100,Aberto,,,,,,,
40780979000182,Occam Multiestratégia Prev XP Seg FIC FIM RL,previdencia,Previdência,,Macro Baixa Vol,13,0,,Occam Gestão de Recursos,Em Geral,,100,Aberto,,,,,,,
41035946000170,XP Crédito Estruturado High Yield XP Seg Prev FIC FIM CP RL,previdencia,Previdência,,Crédito High Yield,11,0,,XP Asset,Qualificados,,100,Aberto,,,,,,,
41866111000162,Encore Long Biased 100 XP Seg Prev FICFIM RL,previdencia,Previdência,,Renda Variável Long Biased,19,0,,Encore Asset Management,Qualificados,,100,Aberto,,,,,,,
40781467000130,Franklin Valor e Liquidez Long Biased XP Seg Prev,previdencia,Previdência,,Renda Variável Long Only,13,0,,Franklin Templeton ,Qualificados,,100,Aberto,,,,,,,
41424063000152,SPX Lancer Plus Icatu Prev FICFIM,previdencia,Previdência,,Macro Alta Vol,8,0,,SPX Gestão de Recursos,Em Geral,,500,Fechado,,,,,,,
41866372000182,Solis Antares XP Seg CP FIRF,previdencia,Previdência,,Crédito High Yield,11,0,,Solis Investimentos,Qualificados,,100,Fechado,,,,,,,
41866348000143,Vinland Renda Fixa Ativo XP Seg Prev FIC FIM,previdencia,Previdência,,Renda Fixa Ativo,11,0,,Vinland Capital,Em Geral,,100,Aberto,,,,,,,
42847502000100,Kapitalo Kappa Prev XP Seg FICFIM RL,previdencia,Previdência,,Macro Alta Vol,13,0,,Kapitalo Investimentos,Qualificados,,100,Aberto,,,,,,,
41802098000188,SPX Lancer Plus XP Seg Prev FICFIM,previdencia,Previdência,,Macro Alta Vol,13,0,,SPX Gestão de Recursos,Em Geral,,100,Aberto,,,,,,,
40779216000111,Hix XP Seg Prev FICFIM,previdencia,Previdência,,Renda Variável Long Only,26,0,,Hix Investimentos,Qualificados,,5000,Aberto,,,,,,,
40779573000180,Alpha Key Long Biased Prev 100 XP Seg FICFIA,previdencia,Previdência,,Renda Variável Long Biased,27,0,,Alpha Key Capital ,Qualificados,,100,Aberto,,,,,,,
40799759000109,Az Quest XP Seg Multi Max Prev Quali FICFIM,previdencia,Previdência,,Macro Alta Vol,13,0,,AZ Quest Investimentos,Qualificados,,100,Aberto,,,,,,,
40781137000145,Valora Prev XP Seg FICFI RF CP RL,previdencia,Previdência,,Crédito High Grade,11,0,,Valora Investimentos,Qualificados,,100,Aberto,,,,,,,
41505673000180,Kapitalo K10 Global Icatu Prev FICFIM,previdencia,Previdência,,Macro Alta Vol,8,0,,Kapitalo Investimentos,Qualificados,,500,Fechado,,,,,,,
40655014000168,Indie 100 XP Seg Prev FICFIM RL,previdencia,Previdência,,Renda Variável Long Only,34,0,,Indie Capital,Qualificados,,100,Aberto,,,,,,,
41610532000128,Bolsa Americana 40 XP Seg Prev FIM RL,previdencia,Previdência,,Internacional Ações Hedgeado,13,0,,XP Asset,Qualificados,,100,Aberto,,,,,,,
41802040000134,Verde AM Mundi Multimercado Global XP Seg FICFIM RL,previdencia,Previdência,,Internacional Ações Não Hedgeado,13,0,,Verde AM,Qualificados,,100,Aberto,,,,,,,
40635018000184,Gavea Macro XP Seg Prev FICFIM CP,previdencia,Previdência,,Macro Média Vol,13,0,,Gávea Investimentos,Qualificados,,100,Aberto,,,,,,,
41035989000156,Real Investor 100 XP Seg Ad FICFIA RL,previdencia,Previdência,,Renda Variável Long Only,26,0,,Real Investor Gestão de Recursos,Qualificados,,100,Aberto,,,,,,,
41163524000180,Valora Icatu Prev FICFIRF CP,previdencia,Previdência,,Crédito High Grade,5,0,,Valora Investimentos,Em Geral,,500,Fechado,,,,,,,
40213012000119,Real Investor 100 Icatu Prev FICFIA,previdencia,Previdência,,Renda Variável Long Only,20,0,,Real Investor Gestão de Recursos,Qualificados,,500,Fechado,,,,,,,
38249045000177,Novus Prev Institucional XP Seg FICFI,previdencia,Previdência,,Macro Baixa Vol,13,0,,Novus Capital,Em Geral,,100,Aberto,,,,,,,
40679129000192,Kapitalo K10 Global Prev XP Seg Advisory FICFIM RL,previdencia,Previdência,,Macro Alta Vol,13,0,,Kapitalo Investimentos,Em Geral,,100,Aberto,,,,,,,
38035023000104,Novus Retorno Absoluto Prev XP Seg FICFIA,previdencia,Previdência,,Renda Variável Long Biased,26,0,,Novus Capital,Qualificados,,100,Aberto,,,,,,,
39992897000112,Hashdex 40 Nasdaq Crypto Index XP Seg Prev FICFIM RL,previdencia,Previdência,,Alternativo Líquido,29,0,,Hashdex,Qualificados,,100,Aberto,,,,,,,
40635009000193,Kadima XP Seg Prev Long Short FICFIM,previdencia,Previdência,,Long Short Direcional,13,0,,Kadima Asset Management,Em Geral,,100,Aberto,,,,,,,
39598187000102,SulAmérica Panamby Inno Prev FIE I FIC FIM,previdencia,Previdência,,Macro Alta Vol,8,0,,Panamby Capital,Em Geral,,5000,Fechado,,,,,,,
39970216000115,Vinland Macro IQ XP Seg Prev FICFIM RL,previdencia,Previdência,,Macro Alta Vol,13,0,,Vinland Capital,Qualificados,,100,Fechado,,,,,,,
40526764000130,SPX Long Bias XP Seg Prev FICFIM,previdencia,Previdência,,Renda Variável Long Biased,14,0,,SPX Gestão de Recursos,Qualificados,,100,Fechado,,,,,,,
40386490000120,SPX Prev Long Bias Icatu FICFIM,previdencia,Previdência,,Renda Variável Long Biased,15,0,,SPX Gestão de Recursos,Qualificados,,500,Fechado,,,,,,,
36820361000121,Western Global Opportunities Icatu Prev FIM CP,previdencia,Previdência,,Multiestratégia,8,0,,Western Asset,Qualificados,,500,Fechado,,,,,,,
40212923000121,Forpus 100 XP Seg Prev FICFIA,previdencia,Previdência,,Renda Variável Long Only,31,0,,Forpus Capital,Qualificados,,100,Aberto,,,,,,,
37893248000139,Truxt Valor XP Seguros Prev FICFIA,previdencia,Previdência,,Renda Variável Long Only,26,0,,Truxt Investimentos,Qualificados,,100,Aberto,,,,,,,
38033115000155,Dahlia Global 50 Icatu Prev FICFIM,previdencia,Previdência,,Internacional Multimercado Não Hedgeado,5,0,,Dahlia Capital,Em Geral,,500,Fechado,,,,,,,
38236291000194,Oceana Long Biased Advisory XP Seg Prev FICFIM,previdencia,Previdência,,Renda Variável Long Biased,16,0,,Oceana Investimentos,Qualificados,,100,Aberto,,,,,,,
39723078000170,IP Prev Icatu IQ FICFIM,previdencia,Previdência,,Renda Variável Long Only,31,0,,IP Capital,Qualificados,,500,Fechado,,,,,,,
37900124000133,XP Long Biased XP Seg Prev 1 FIC FIM RL,previdencia,Previdência,,Renda Variável Long Biased,31,0,,XP Asset,Qualificados,,100,Fechado,,,,,,,
37567399000105,RPS Prev Ações XP Seg FICFI,previdencia,Previdência,,Renda Variável Long Only,27,0,,RPS Capital,Qualificados,,100,Aberto,,,,,,,
37124157000139,Apex Long Biased XP Seg Advisory Prev FICFIM,previdencia,Previdência,,Renda Variável Long Biased,16,0,,Apex Capital,Qualificados,,100,Aberto,,,,,,,
38015773000114,JGP Prev Multimercado Icatu FICFI,previdencia,Previdência,,Macro Média Vol,5,0,,JGP Gestão de Recursos,Em Geral,,500,Fechado,,,,,,,
36617562000126,Icatu Vanguarda Dividendos FIA Prev,previdencia,Previdência,,Renda Variável Dividendos,24,0,,Icatu Vanguarda,Qualificados,,500,Fechado,,,,,,,
37355605000105,Absolute Endurance XP Seg FICFIA Prev,previdencia,Previdência,,Renda Variável Long Only,27,0,,Absolute Investimentos,Qualificados,,100,Aberto,,,,,,,
38281397000100,Forpus 100 Icatu Prev FICFIA,previdencia,Previdência,,Renda Variável Long Only,32,0,,Forpus Capital,Qualificados,,500,Fechado,,,,,,,
35636610000160,Icatu Vanguarda Minha Aposentadoria 2050 FIC FIM Prev,previdencia,Previdência,,Multiestratégia,15,0,,Icatu Vanguarda,Em Geral,,500,Fechado,,,,,,,
35955948000185,Capitânia Reit Prev Adv XP Seg FIE I FICFIM CP,previdencia,Previdência,,Crédito Híbrido,16,0,,Capitania Investimentos,Qualificados,,100,Aberto,,,,,,,
37053502000190,Kinea Prev XP Seg IPCA Dinâmico FICFI RF,previdencia,Previdência,,Renda Fixa Ativo,11,0,,Kinea Investimentos,Em Geral,,100,Aberto,,,,,,,
37728799000147,Kinea Prev Atlas XP Seg FICFIM,previdencia,Previdência,,Macro Alta Vol,13,0,,Kinea Investimentos,Qualificados,,100,Aberto,,,,,,,
37541379000157,Ace Capital Prev IQ XP Seg FICFIM,previdencia,Previdência,,Macro Alta Vol,13,0,,Ace Capital,Qualificados,,100,Aberto,,,,,,,
37900216000113,XP Seg Superprev 2 FIM,previdencia,Previdência,,Multiestratégia,13,0,,Xp Vida e Previdência,Em Geral,,100,Aberto,,,,,,,
37037432000187,Moat Prev XP Seg FICFIA,previdencia,Previdência,,Renda Variável Long Only,43,0,,Moat Capital,Qualificados,,100,Aberto,,,,,,,
34287126000100,Legacy Capital Prev Advisory XP Seg FICFIM,previdencia,Previdência,,Macro Alta Vol,13,0,,Legacy Capital,Em Geral,,100,Fechado,,,,,,,
37645515000159,Dahlia Global 50 Advisory XP Seg Prev FICFIM,previdencia,Previdência,,Internacional Multimercado Não Hedgeado,13,0,,Dahlia Capital,Em Geral,,100,Aberto,,,,,,,
35420532000162,Trend Pós II XP Seg FICFIM RL,previdencia,Previdência,,Referenciado DI Soberano,1,0,,XP Asset,Em Geral,,100,Fechado,,,,,,,
36352287000166,Kiron Prev XP Seg FIE FIA,previdencia,Previdência,,Renda Variável Long Only,27,0,,Kiron Capital,Qualificados,,100,Aberto,,,,,,,
36352241000147,Icatu Vanguarda Crédito Global FICFIM CP,previdencia,Previdência,,Crédito High Grade,8,0,,Icatu Vanguarda,Qualificados,,500,Fechado,,,,,,,
35420731000170,DNA Energy Prev XP Seg FIM,previdencia,Previdência,,Multiestratégia,13,0,,XP Asset,Em Geral,,100,Aberto,,,,,,,
37844994000132,Lis Icatu Prev FIM,previdencia,Previdência,,Renda Variável Small/Mid Caps,25,0,,Lis Capital,Em Geral,,500,Fechado,,,,,,,
37332385000102,Panamby Multimercado FIE I Icatu Prev FI,previdencia,Previdência,,Macro Alta Vol,8,0,,Panamby Capital,Em Geral,,500,Fechado,,,,,,,
36620088000191,Ibiuna Prev XP Seg FICFIM,previdencia,Previdência,,Macro Média Vol,13,0,,Ibiuna Investimentos,Em Geral,,100,Fechado,,,,,,,
35807793000130,JGP Ações ESG 100 Prev Icatu FICFIA,previdencia,Previdência,,Renda Variável Long Only,28,0,,JGP Gestão de Recursos,Qualificados,,500,Fechado,,,,,,,
35610342000108,Trígono Icatu 100 FIA Prev,previdencia,Previdência,,Renda Variável Small/Mid Caps,25,0,,Trígono Capital,Qualificados,,500,Fechado,,,,,,,
35704530000103,JGP ESG Ações 100 Prev XP Seg FIC FIA,previdencia,Previdência,,Renda Variável Long Only,33,0,,JGP Gestão de Recursos,Qualificados,,100,Aberto,,,,,,,
33520901000163,Icatu Vanguarda Pós-Fixado FIRF Prev,previdencia,Previdência,,Referenciado DI Soberano,1,0,,Icatu Vanguarda,Em Geral,,500,Fechado,,,,,,,
35956270000155,Athena XP Seg Prev 100 FIE FIA,previdencia,Previdência,,Renda Variável Long Only,26,0,,Athena Capital,Qualificados,,100,Fechado,,,,,,,
36327214000114,Dahlia 100 Advisory XP Seg Prev FIC FIM,previdencia,Previdência,,Renda Variável Long Only,26,0,,Dahlia Capital,Qualificados,,100,Aberto,,,,,,,
35955960000190,IP Prev XP Seg IQ FICFIM,previdencia,Previdência,,Renda Variável Long Only,28,0,,IP Capital,Qualificados,,100,Aberto,,,,,,,
35957156000140,Sharp Equity Value 100 XP Seg Prev FICFIM,previdencia,Previdência,,Renda Variável Long Biased,26,0,,Sharp Capital,Qualificados,,100,Aberto,,,,,,,
36352610000100,XP Crédito Estruturado XP Seg Prev FIC FIRF CP RL,previdencia,Previdência,,Crédito High Yield,11,0,,XP Asset,Em Geral,,100,Aberto,,,,,,,
36352636000140,Velt Advisory XP Seg Prev FIC FIA,previdencia,Previdência,,Renda Variável Long Only,46,0,,Velt Partners,Qualificados,,100,Fechado,,,,,,,
34432014000104,Tork Long Only XP Seg Prev FIC FIA FIE,previdencia,Previdência,,Renda Variável Long Biased,28,0,,Tork Capital,Qualificados,,100,Aberto,,,,,,,
35956641000107,Guepardo XP Seg Prev FIC FIM,previdencia,Previdência,,Renda Variável Long Only,26,0,,Guepardo Investimentos,Qualificados,,100,Aberto,,,,,,,
35939700000120,Alaska Black 70 Advisory XP Seg Prev FIC FIM,previdencia,Previdência,,Renda Variável Long Only,27,0,,Alaska Investimentos,Em Geral,,100,Aberto,,,,,,,
35956326000171,Legacy Capital Plus XP Seg Prev FIF Cotas FIM RL,previdencia,Previdência,,Macro Alta Vol,13,0,,Legacy Capital,Qualificados,,100,Fechado,,,,,,,
36327253000111,Mantaro LB Prev Advisory XP Seg FIC FIM,previdencia,Previdência,,Renda Variável Long Biased,20,0,,Mantaro Capital,Qualificados,,100,Aberto,,,,,,,
35939857000156,Alaska Black 100 Advisory XP Seg Prev FIC FIM,previdencia,Previdência,,Renda Variável Long Only,27,0,,Alaska Investimentos,Qualificados,,100,Aberto,,,,,,,
35420569000190,XP Seg Superprev FIM,previdencia,Previdência,,Multiestratégia,13,0,,Xp Vida e Previdência,Em Geral,,100,Aberto,,,,,,,
35651477000111,Constellation XP Seg 100 Prev FIC FIM,previdencia,Previdência,,Renda Variável Long Only,37,0,,Constellation AM,Qualificados,,1000,Aberto,,,,,,,
31248460000167,Schroder Icatu Previdência Low Vol FIM,previdencia,Previdência,,Macro Baixa Vol,2,0,,Schroder Investments,Em Geral,,500,Fechado,,,,,,,
35744196000103,XP Investor XP Seg FIC FIM IQ RL,previdencia,Previdência,,Renda Variável Long Biased,19,0,,XP Asset,Qualificados,,100,Aberto,,,,,,,
35314803000103,Leblon 100 Icatu Prev FIM,previdencia,Previdência,,Renda Variável Long Only,41,0,,Leblon Equities,Qualificados,,500,Fechado,,,,,,,
34081155000111,Alaska 100 Icatu Prev FIM,previdencia,Previdência,,Renda Variável Long Only,25,0,,Alaska Investimentos,Qualificados,,500,Fechado,,,,,,,
34474500000187,JGP Multimercado Prev Advisory XP Seg FICFI,previdencia,Previdência,,Macro Média Vol,14,0,,JGP Gestão de Recursos,Em Geral,,100,Aberto,,,,,,,
33796273000143,Vinci Valorem Advisory XP Seg Prev FIM,previdencia,Previdência,,Renda Fixa Inflação,2,0,,Vinci Gestão,Em Geral,,100,Aberto,,,,,,,
34442059000151,AZ Quest Inflação Ativo Prev FIE FIRF,previdencia,Previdência,,Renda Fixa Inflação,8,0,,AZ Quest Investimentos,Em Geral,,500,Fechado,,,,,,,
33784231000192,Trend Pós-Fixado XP Seg Prev FIC FIRF,previdencia,Previdência,,Referenciado DI Soberano,11,0,,XP Asset,Em Geral,,100,Aberto,,,,,,,
35386842000108,Selection Multimercado XP Seg FIC FIM,previdencia,Previdência,,Multiestratégia,13,0,,XP Asset,Em Geral,,100,Aberto,,,,,,,
35363972000125,Verde AM LB 70 Icatu Prev FIE FIM,previdencia,Previdência,,Renda Variável Long Biased,26,0,,Verde AM,Em Geral,,500,Fechado,,,,,,,
34793027000109,Studio Icatu Prev Qualificado FIM CP,previdencia,Previdência,,Renda Variável Long Only,33,0,,Studio Investimentos,Qualificados,,500,Fechado,,,,,,,
33701805000111,ARX SulAmérica K2 Inflação Curta Prev FIC FIM CP,previdencia,Previdência,,Renda Fixa Inflação,8,0,,ARX Investimentos,Em Geral,,5000,Fechado,,,,,,,
32849785000168,Iridium Apollo Advisory XP Seg FIC FIRF CP RL,previdencia,Previdência,,Crédito Liquidez,11,0,,Iridium Gestão de Recursos,Em Geral,,100,Aberto,,,,,,,
35162484000150,Kinea Apolo Advisory XP Seg Prev FIC FIM,previdencia,Previdência,,Macro Baixa Vol,13,0,,Kinea Investimentos,Em Geral,,100,Aberto,,,,,,,
33755685000135,P8 Macro Prev Advisory XP Seg FIC FIM,previdencia,Previdência,,Macro Alta Vol,13,0,,P8 Investimentos,Em Geral,,100,Fechado,,,,,,,
33755733000195,Trend Pré-Fixado XP Seg Prev FICFIRF,previdencia,Previdência,,Renda Fixa Pré,11,0,,XP Asset,Em Geral,,100,Aberto,,,,,,,
34507447000173,VRB Advisory Prev XP Seg FIM,previdencia,Previdência,,Multiestratégia,13,0,,XP Advisory,Em Geral,,100,Aberto,,,,,,,
34475149000149,XP Advisory Portfolio Private I Prev FIM CP RL,previdencia,Previdência,,Multiestratégia,13,0,,XP Advisory,Qualificados,,300000,Aberto,,,,,,,
34475199000126,XP Advisory Portfolio Private II Prev FIM CP RL,previdencia,Previdência,,Multiestratégia,13,0,,XP Advisory,Qualificados,,300000,Aberto,,,,,,,
34475378000163,XP Advisory Portfolio Private III Prev FIM CP RL,previdencia,Previdência,,Multiestratégia,13,0,,XP Advisory,Qualificados,,300000,Aberto,,,,,,,
34430623000116,XP Long Biased II XP Seguros FIC FIM RL,previdencia,Previdência,,Renda Variável Long Biased,29,0,,XP Asset,Qualificados,,100,Fechado,,,,,,,
34461635000108,XP Income FIE FIC FIF RF RL,previdencia,Previdência,,Renda Fixa Ativo,11,0,,XP Asset,Qualificados,,100,Aberto,,,,,,,
34462068000104,Leblon 100 XP Seg Prev FIM,previdencia,Previdência,,Renda Variável Long Only,38,0,,Leblon Equities,Qualificados,,100,Aberto,,,,,,,
32847791000186,Giant Prev FIE FIC FIM,previdencia,Previdência,,Quantitativo,13,0,,Giant Steps Capital,Em Geral,,100,Aberto,,,,,,,
34187279000186,Brasil Capital 100 XP Seg Advisory FIC FIA,previdencia,Previdência,,Renda Variável Long Only,31,0,,Brasil Capital,Qualificados,,100,Aberto,,,,,,,
34461754000160,Arx Income 100 XP Seg Prev FICFIA,previdencia,Previdência,,Renda Variável Dividendos,26,0,,ARX Investimentos,Qualificados,,100,Aberto,,,,,,,
33795343000149,Trend Ibovespa 100 XP Seg Prev FIC FIM,previdencia,Previdência,,Renda Variável Indexado,26,0,,XP Asset,Qualificados,,100,Aberto,,,,,,,
33784183000132,Trend Ibovespa 70 XP Seg Prev FIC FIM,previdencia,Previdência,,Renda Variável Indexado,26,0,,XP Asset,Em Geral,,100,Aberto,,,,,,,
32847001000162,Az Quest Luce Ad Prev XP Seg FIRF CP,previdencia,Previdência,,Crédito Liquidez,11,0,,AZ Quest Investimentos,Em Geral,,100,Aberto,,,,,,,
32864403000175,Kinea Xtr XP Seg Prev FIC FIM,previdencia,Previdência,,Macro Média Vol,13,0,,Kinea Investimentos,Em Geral,,100,Aberto,,,,,,,
32757743000105,Alaska Black 100 Advisory XP Seg Prev FIC FIM sem pfee,previdencia,Previdência,,Renda Variável Long Only,27,0,,Alaska Investimentos,Qualificados,,100,Fechado,,,,,,,
32973280000100,Kinea XP Seguros Pev II Advisory FIC FIM,previdencia,Previdência,,Renda Variável Long Only,26,0,,Kinea Investimentos,Qualificados,,100,Aberto,,,,,,,
32761323000194,Alaska Black 70 Advisory XP Seg Prev FIC FIM sem pfee,previdencia,Previdência,,Renda Variável Long Only,27,0,,Alaska Investimentos,Em Geral,,100,Fechado,,,,,,,
33378232000137,Safari Prev 100 FICFIM FIE,previdencia,Previdência,,Renda Variável Long Biased,46,0,,Safari Capital,Qualificados,,100,Aberto,,,,,,,
32990465000123,XP Equity Hedge Seguros Previdência I FICFIM RL,previdencia,Previdência,,Long Short Direcional,13,0,,XP Asset,Qualificados,,100,Aberto,,,,,,,
34309549000184,XP Macro XP Seg Prev FIC FIM RL,previdencia,Previdência,,Macro Média Vol,13,0,,XP Asset,Em Geral,,100,Aberto,,,,,,,
24714864000133,Trend NTN-B 2026 XP Seg Prev FIC FIRF,previdencia,Previdência,,Renda Fixa Inflação,11,0,,XP Asset,Em Geral,,100,Aberto,,,,,,,
32755077000168,Claritas Advisory XP Seg Prev FIE FIC FIM,previdencia,Previdência,,Macro Baixa Vol,13,0,,Principal Claritas,Em Geral,,100,Fechado,,,,,,,
32770355000156,XP Top Credit XP Seg Prev FIC FIRF CP RL,previdencia,Previdência,,Crédito Liquidez,11,0,,XP Asset,Em Geral,,100,Fechado,,,,,,,
27077318000127,Trend NTN-B 2035 XP Seg Prev FIC FIRF,previdencia,Previdência,,Renda Fixa Inflação,10,0,,XP Asset,Em Geral,,100,Aberto,,,,,,,
32319702000129,Vinci Equilibrio Advisory XP Seg Prev FIM,previdencia,Previdência,,Macro Baixa Vol,14,0,,Vinci Gestão,Em Geral,,100,Aberto,,,,,,,
32346713000106,Western XP Seg FIRF Prev,previdencia,Previdência,,Renda Fixa Ativo,11,0,,Western Asset,Em Geral,,100,Aberto,,,,,,,
32319047000109,Franklin Valor e Liquidez 70 XP Seg FIM,previdencia,Previdência,,Renda Variável Long Only,26,0,,Franklin Templeton ,Em Geral,,100,Aberto,,,,,,,
31846723000130,Vinland Macro Advisory XP Seg Prev FIC FIM,previdencia,Previdência,,Macro Alta Vol,13,0,,Vinland Capital,Em Geral,,100,Fechado,,,,,,,
32892517000129,Brasil Capital 70 XP Seg Advisory Prev FIM,previdencia,Previdência,,Renda Variável Long Only,27,0,,Brasil Capital,Em Geral,,100,Aberto,,,,,,,
32385140000111,MAG Prev XP Seg Adv. FIRF CP,previdencia,Previdência,,Crédito High Grade,12,0,,Mongeral Aegon Investimentos,Em Geral,,100,Aberto,,,,,,,
31846641000195,Vinland LB Advisory XP Seg Prev FIC FIM,previdencia,Previdência,,Renda Variável Long Biased,13,0,,Vinland Capital,Em Geral,,100,Fechado,,,,,,,
32312361000160,Occam XP Seg Prev FIC FIM RL,previdencia,Previdência,,Long Short Direcional,13,0,,Occam Gestão de Recursos,Em Geral,,100,Aberto,,,,,,,
33520932000114,Atlas One Icatu 70 Prev FIM,previdencia,Previdência,,Renda Variável Long Only,28,0,,Atlas One,Em Geral,,500,Fechado,,,,,,,
32318938000140,ARX Denali XP Seg Prev FIRF CP RL,previdencia,Previdência,,Crédito Liquidez,2,0,,ARX Investimentos,Em Geral,,100,Fechado,,,,,,,
27793095000102,Leblon 70 XP Seg Prev FICFIM,previdencia,Previdência,,Renda Variável Long Only,27,0,,Leblon Equities,Em Geral,,100,Aberto,,,,,,,
31340875000166,RPS Prev Absoluto FICFIM,previdencia,Previdência,,Long Short Direcional,5,0,,RPS Capital,Em Geral,,500,Fechado,,,,,,,
29732967000140,Indie Icatu Prev FIM,previdencia,Previdência,,Renda Variável Long Only,30,0,,Indie Capital,Em Geral,,500,Fechado,,,,,,,
30998045000168,Adam XP Seg Prev FIC FIM RL,previdencia,Previdência,,Macro Alta Vol,13,0,,Adam Capital,Em Geral,,100,Aberto,,,,,,,
31569954000143,SPX Lancer XP Seg Prev FIC FIM RL,previdencia,Previdência,,Macro Alta Vol,13,0,,SPX Gestão de Recursos,Em Geral,,100,Aberto,,,,,,,
30898110000183,Kadima XP Seg Prev FIE FIC FIM RL,previdencia,Previdência,,Quantitativo,13,0,,Kadima Asset Management,Em Geral,,100,Aberto,,,,,,,
32319658000157,Capitânia Prev Advisory XP Seg FI RF CP,previdencia,Previdência,,Crédito High Grade,11,0,,Capitania Investimentos,Em Geral,,100,Aberto,,,,,,,
32319225000100,JGP Crédito Prev Advisory XP Seg FIC RF CP,previdencia,Previdência,,Crédito High Grade,11,0,,JGP Gestão de Recursos,Em Geral,,100,Fechado,,,,,,,
29800227000101,HIX Icatu Prev Qualificado FIC FIM 100,previdencia,Previdência,,Renda Variável Long Only,31,0,,Hix Investimentos,Qualificados,,500,Fechado,,,,,,,
31963337000128,Dahlia 70 Advisory XP Seg Prev FIC FIM,previdencia,Previdência,,Renda Variável Long Only,13,0,,Dahlia Capital,Em Geral,,100,Fechado,,,,,,,
32239012000160,Sparta Previdência Advisory XP Seg FIC RF CP,previdencia,Previdência,,Crédito High Grade,10,0,,Sparta,Em Geral,,100,Aberto,,,,,,,
30994931000113,Verde AM Scena Advisory XP Seg FIC FIM RL,previdencia,Previdência,,Macro Alta Vol,13,0,,Verde AM,Em Geral,,100,Aberto,,,,,,,
28516168000173,Safari SulAmérica Prev FIC FIM,previdencia,Previdência,,Renda Variável Long Biased,31,0,,Safari Capital,Em Geral,,5000,Fechado,,,,,,,
32065041000152,Trend Inflação Curta XP Seg Prev FIRF,previdencia,Previdência,,Renda Fixa Inflação,11,0,,XP Asset,Em Geral,,100,Aberto,,,,,,,
30830240000184,Verde AM LB 70 Advisory XP Seg Prev FIC FIM,previdencia,Previdência,,Renda Variável Long Biased,25,0,,Verde AM,Em Geral,,100,Aberto,,,,,,,
30910166000106,XP Corporate Light CP Prev XP Seg FIRF,previdencia,Previdência,,Crédito High Grade,11,0,,XP Asset,Em Geral,,100,Aberto,,,,,,,
32064950000176,XP Horizonte XP Seg FIC FIRF Prev RL,previdencia,Previdência,,Renda Fixa Ativo,11,0,,XP Asset,Em Geral,,100,Aberto,,,,,,,
31506529000105,Quasar Advantage Prev XP Seg Advisory FIRF CP,previdencia,Previdência,,Crédito High Grade,8,0,,XP Asset,Em Geral,,100,Fechado,,,,,,,
30178912000119,Constellation Icatu 70 Prev FIM,previdencia,Previdência,,Renda Variável Long Only,27,0,,Constellation AM,Em Geral,,500,Fechado,,,,,,,
31353579000108,ARX Denali Icatu Prev FIC FIRF CP,previdencia,Previdência,,Crédito Liquidez,2,0,,ARX Investimentos,Em Geral,,500,Fechado,,,,,,,
29242441000181,Absolute Icatu I Prev FIC FIM,previdencia,Previdência,,Macro Média Vol,2,0,,Absolute Investimentos,Em Geral,,500,Fechado,,,,,,,
29733120000180,Truxt Macro Prev Icatu FIC FIM,previdencia,Previdência,,Macro Média Vol,5,0,,Truxt Investimentos,Em Geral,,500,Fechado,,,,,,,
30869348000180,Opportunity Icatu Prev FIM,previdencia,Previdência,,Macro Média Vol,8,0,,Opportunity Asset,Em Geral,,500,Fechado,,,,,,,
29275210000174,Itaú Alvorada Icatu Prev FIC FIM,previdencia,Previdência,,Macro Média Vol,8,0,,Itaú Asset Management,Em Geral,,500,Fechado,,,,,,,
29732909000116,Apex Long Biased Icatu Prev FIM 70,previdencia,Previdência,,Renda Variável Long Biased,21,0,,Apex Capital,Em Geral,,500,Fechado,,,,,,,
30068728000116,DLM Conservador Advisory Icatu Prev FIRF CP,previdencia,Previdência,,Crédito High Grade,3,0,,Inter Asset,Em Geral,,500,Fechado,,,,,,,
29722458000136,Alaska 70 Icatu Prev FIM,previdencia,Previdência,,Renda Variável Long Only,20,0,,Alaska Investimentos,Em Geral,,500,Fechado,,,,,,,
29045319000115,Athena Icatu Prev FIM 70,previdencia,Previdência,,Renda Variável Long Only,21,0,,Athena Capital,Em Geral,,500,Fechado,,,,,,,
28911614000144,AZ Quest Advisory Icatu Multi Prev FIC FIM,previdencia,Previdência,,Macro Média Vol,5,0,,AZ Quest Investimentos,Em Geral,,500,Fechado,,,,,,,
29091970000121,SulAmérica Ibiuna Long Biased Prev FIM,previdencia,Previdência,,Renda Variável Long Biased,15,0,,Ibiuna Investimentos,Em Geral,,5000,Fechado,,,,,,,
29045219000199,Icatu Vanguarda Hedge II Prev FIM,previdencia,Previdência,,Renda Variável Long Biased,18,0,,Icatu Vanguarda,Em Geral,,500,Fechado,,,,,,,
29562424000121,AZ Quest Luce Advisory Icatu Prev FICFI RF CP LP,previdencia,Previdência,,Crédito Liquidez,2,0,,AZ Quest Investimentos,Em Geral,,500,Fechado,,,,,,,
29626006000150,Claritas Advisory Icatu Prev FIM,previdencia,Previdência,,Macro Baixa Vol,2,0,,Claritas Investimentos,Em Geral,,500,Fechado,,,,,,,
28692448000132,SPX Lancer Advisory Icatu Prev FIC FIM,previdencia,Previdência,,Macro Alta Vol,5,0,,SPX Gestão de Recursos,Em Geral,,500,Fechado,,,,,,,
27974819000106,Vintage Asset Allocation Prev Advisory Icatu FIC FIM,previdencia,Previdência,,Multiestratégia,10,0,,Vintage Investimentos,Em Geral,,500,Fechado,,,,,,,
26343792000190,Gauss Icatu Prev FIC FIM,previdencia,Previdência,,Macro Alta Vol,10,0,,Gauss Capital,Em Geral,,500,Fechado,,,,,,,
23872787000187,Western Asset Icatu RF Ativo Prev FIC FI,previdencia,Previdência,,Renda Fixa Ativo,2,0,,Western Asset,Em Geral,,500,Fechado,,,,,,,
27239065000140,Capitânia Multiprev Icatu FICFI RF CP,previdencia,Previdência,,Crédito High Grade,3,0,,Capitania Investimentos,Em Geral,,500,Fechado,,,,,,,
27328750000143,Navi Long Short Icatu Prev FIM,previdencia,Previdência,,Long Short Direcional,5,0,,Navi Capital,Em Geral,,500,Fechado,,,,,,,
26710546000120,Sparta Top Prev Advisory Icatu FIRF CP,previdencia,Previdência,,Crédito High Grade,2,0,,Sparta,Em Geral,,500,Fechado,,,,,,,
24405282000175,Canvas Icatu Prev FIC FIM Prev,previdencia,Previdência,,Quantitativo,10,0,,Canvas Capital,Em Geral,,500,Fechado,,,,,,,
20889471000100,Sulamerica Fix 100 Plus FI RF,previdencia,Previdência,,Renda Fixa Ativo,2,0,,Sul América Investimentos,Em Geral,,5000,Fechado,,,,,,,
26498249000162,Capitânia Previdence Advisory Icatu FIRF CP,previdencia,Previdência,,Crédito High Grade,2,0,,Capitania Investimentos,Em Geral,,500,Fechado,,,,,,,
26180316000104,Novus Capital Prev Advisory Icatu FIM,previdencia,Previdência,,Macro Baixa Vol,5,0,,Novus Capital,Em Geral,,500,Fechado,,,,,,,
22759978000174,JGP SulAmérica FIM CP,previdencia,Previdência,,Macro Média Vol,5,0,,JGP Gestão de Recursos,Em Geral,,5000,Fechado,,,,,,,
25681955000182,Adam Icatu Prev FIC FIM,previdencia,Previdência,,Macro Alta Vol,8,0,,Adam Capital,Em Geral,,500,Fechado,,,,,,,
23964741000198,Vinci Equilíbrio Icatu Prev FIC FIM II,previdencia,Previdência,,Macro Baixa Vol,5,0,,Vinci Gestão,Em Geral,,500,Fechado,,,,,,,
23263359000157,Brasil Plural Icatu Prev CP FIC FIRF,previdencia,Previdência,,Crédito High Grade,2,0,,Brasil Plural,Em Geral,,500,Fechado,,,,,,,
23502671000156,SulAmérica Brasil Plural FIC FIRF CP,previdencia,Previdência,,Crédito Liquidez,2,0,,Brasil Plural,Em Geral,,5000,Fechado,,,,,,,
12796193000118,Safra Prev Icatu FIRF CP Prev,previdencia,Previdência,,Crédito High Grade,2,0,,Safra Asset,Em Geral,,500,Fechado,,,,,,,
07190735000174,Icatu Vanguarda Minha Aposentadoria 2040 FIC FIM Prev,previdencia,Previdência,,Multiestratégia,15,0,,Icatu Vanguarda,Em Geral,,500,Fechado,,,,,,,
23339936000147,Verde AM Icatu Prev FIC FIM,previdencia,Previdência,,Macro Alta Vol,8,0,,Verde AM,Em Geral,,500,Fechado,,,,,,,
21818801000139,Icatu Seg Franklin Templeton Prev FIM,previdencia,Previdência,,Macro Baixa Vol,8,0,,Franklin Templeton ,Em Geral,,500,Fechado,,,,,,,
21494444000109,Icatu Vanguarda Absoluto FI Prev RF CP,previdencia,Previdência,,Crédito Liquidez,3,0,,Icatu Vanguarda,Em Geral,,500,Fechado,,,,,,,
20814969000103,Apex Long Biased Icatu Seg Prev FIM,previdencia,Previdência,,Renda Variável Long Biased,18,0,,Apex Capital,Em Geral,,500,Fechado,,,,,,,
19959552000150,SulAmérica Prestige Strategie FIC FIRF CP,previdencia,Previdência,,Crédito Liquidez,3,0,,Sul América Investimentos,Em Geral,,5000,Fechado,,,,,,,
18927174000160,XP Icatu Horizonte Macro Prev FIM,previdencia,Previdência,,Macro Baixa Vol,5,0,,Xp Gestao de Recursos,Em Geral,,500,Fechado,,,,,,,
18897562000145,XP Icatu Horizonte Prev FIC FIRF,previdencia,Previdência,,Renda Fixa Ativo,2,0,,Xp Gestao de Recursos,Em Geral,,500,Fechado,,,,,,,
18041877000196,Ibiuna Prev Icatu FIC FIM,previdencia,Previdência,,Macro Média Vol,5,0,,Ibiuna Investimentos,Em Geral,,500,Fechado,,,,,,,
17685620000104,Occam Icatu Prev FIC FIM,previdencia,Previdência,,Long Short Direcional,3,0,,Occam Gestão de Recursos,Em Geral,,500,Fechado,,,,,,,
15862867000123,Icatu Seg Kadima FIM CP Prev,previdencia,Previdência,,Quantitativo,8,0,,Kadima Asset Management,Em Geral,,500,Fechado,,,,,,,
13768597000160,SulAmérica Prestige Inflatie FIC FIRF,previdencia,Previdência,,Renda Fixa Inflação,10,0,,Sul América Investimentos,Em Geral,,5000,Fechado,,,,,,,
12823627000121,Icatu Seg FIC FI Inflação Curta,previdencia,Previdência,,Renda Fixa Inflação,5,0,,Icatu Vanguarda,Em Geral,,500,Fechado,,,,,,,
11098129000109,Leblon Icatu Previdência FIM,previdencia,Previdência,,Renda Variável Long Only,19,0,,Leblon Equities,Em Geral,,500,Fechado,,,,,,,
10394850000175,SulAmérica Prestige Prev FIRF,previdencia,Previdência,,Renda Fixa Ativo,2,0,,Sul América Investimentos,Em Geral,,5000,Fechado,,,,,,,
09166056000195,Votorantim FIC FI Icatu Seg Legacy RF Prev CP,previdencia,Previdência,,Crédito High Grade,3,0,,Votorantim Asset,Em Geral,,50000,Fechado,,,,,,,
07190746000154,Icatu Vanguarda Minha Aposentadoria 2030 FIC FIM Prev,previdencia,Previdência,,Multiestratégia,10,0,,Icatu Vanguarda,Em Geral,,500,Fechado,,,,,,,
04616035000100,SulAmérica Mix 49 I FIM,previdencia,Previdência,,Renda Variável Long Only,15,0,,Sul América Investimentos,Em Geral,,5000,Fechado,,,,,,,
04228716000100,Icatu Vanguarda Fic de FI RF Inflação Longa Prev,previdencia,Previdência,,Renda Fixa Inflação,15,0,,Icatu Vanguarda,Em Geral,,500,Fechado,,,,,,,
03879361000148,ARX Income Icatu Prev FIM,previdencia,Previdência,,Renda Variável Dividendos,15,0,,ARX Investimentos,Em Geral,,500,Fechado,,,,,,,
03537456000183,Icatu Vanguarda Multiestratégia Arrojado FIC FIM Prev,previdencia,Previdência,,Multiestratégia,15,0,,Icatu Vanguarda,Em Geral,,500,Fechado,,,,,,,
